date;campaign_id;campaign_name;campaign_type;adgroup_id;adgroup_name;keywords;product;impressions;clicks;spend;cpc;cpm;ctr;conversions;revenue;roas;quality_score;view_rate;avg_position
2024-02-01;GCAMP001;Search | Finanças do Zero | Marca;Search;GAG001;Marca Lucas Martins;"lucas martins investimentos; carteira inteligente curso";Finanças do Zero;2691;120;36,36;0,30;13,51;4,462;6;582,00;16,01;6;;2,20
2024-02-02;GCAMP001;Search | Finanças do Zero | Marca;Search;GAG001;Marca Lucas Martins;"lucas martins investimentos; carteira inteligente curso";Finanças do Zero;3390;162;28,91;0,18;8,53;4,799;7;679,00;23,49;10;;2,10
2024-02-03;GCAMP001;Search | Finanças do Zero | Marca;Search;GAG001;Marca Lucas Martins;"lucas martins investimentos; carteira inteligente curso";Finanças do Zero;3145;140;30,80;0,22;9,79;4,455;5;485,00;15,75;10;;1,90
2024-02-04;GCAMP001;Search | Finanças do Zero | Marca;Search;GAG001;Marca Lucas Martins;"lucas martins investimentos; carteira inteligente curso";Finanças do Zero;3616;143;40,30;0,28;11,15;3,968;6;582,00;14,44;9;;2,20
2024-02-05;GCAMP001;Search | Finanças do Zero | Marca;Search;GAG001;Marca Lucas Martins;"lucas martins investimentos; carteira inteligente curso";Finanças do Zero;3511;160;33,67;0,21;9,59;4,578;7;679,00;20,17;10;;1,40
2024-02-06;GCAMP001;Search | Finanças do Zero | Marca;Search;GAG001;Marca Lucas Martins;"lucas martins investimentos; carteira inteligente curso";Finanças do Zero;2978;130;24,22;0,19;8,13;4,385;6;582,00;24,03;7;;1,50
2024-02-07;GCAMP001;Search | Finanças do Zero | Marca;Search;GAG001;Marca Lucas Martins;"lucas martins investimentos; carteira inteligente curso";Finanças do Zero;3580;167;34,14;0,20;9,54;4,691;6;582,00;17,05;8;;2,10
2024-02-08;GCAMP001;Search | Finanças do Zero | Marca;Search;GAG001;Marca Lucas Martins;"lucas martins investimentos; carteira inteligente curso";Finanças do Zero;3207;140;34,55;0,25;10,77;4,388;6;582,00;16,85;8;;2,10
2024-02-09;GCAMP001;Search | Finanças do Zero | Marca;Search;GAG001;Marca Lucas Martins;"lucas martins investimentos; carteira inteligente curso";Finanças do Zero;3077;123;36,66;0,30;11,91;4,015;5;485,00;13,23;6;;1,80
2024-02-10;GCAMP001;Search | Finanças do Zero | Marca;Search;GAG001;Marca Lucas Martins;"lucas martins investimentos; carteira inteligente curso";Finanças do Zero;2591;119;35,21;0,30;13,59;4,621;5;485,00;13,77;8;;2,10
2024-02-11;GCAMP001;Search | Finanças do Zero | Marca;Search;GAG001;Marca Lucas Martins;"lucas martins investimentos; carteira inteligente curso";Finanças do Zero;3293;139;33,78;0,24;10,26;4,233;5;485,00;14,36;6;;1,70
2024-02-12;GCAMP001;Search | Finanças do Zero | Marca;Search;GAG001;Marca Lucas Martins;"lucas martins investimentos; carteira inteligente curso";Finanças do Zero;3551;145;31,62;0,22;8,90;4,106;7;679,00;21,47;8;;2,00
2024-02-13;GCAMP001;Search | Finanças do Zero | Marca;Search;GAG001;Marca Lucas Martins;"lucas martins investimentos; carteira inteligente curso";Finanças do Zero;2399;109;29,84;0,27;12,44;4,573;3;291,00;9,75;8;;1,50
2024-02-14;GCAMP001;Search | Finanças do Zero | Marca;Search;GAG001;Marca Lucas Martins;"lucas martins investimentos; carteira inteligente curso";Finanças do Zero;3275;151;29,32;0,19;8,95;4,620;7;679,00;23,16;10;;2,10
2024-02-15;GCAMP001;Search | Finanças do Zero | Marca;Search;GAG001;Marca Lucas Martins;"lucas martins investimentos; carteira inteligente curso";Finanças do Zero;3058;153;28,76;0,19;9,40;5,003;7;679,00;23,61;9;;1,80
2024-02-16;GCAMP001;Search | Finanças do Zero | Marca;Search;GAG001;Marca Lucas Martins;"lucas martins investimentos; carteira inteligente curso";Finanças do Zero;2694;126;30,00;0,24;11,14;4,679;4;388,00;12,93;9;;1,80
2024-02-17;GCAMP001;Search | Finanças do Zero | Marca;Search;GAG001;Marca Lucas Martins;"lucas martins investimentos; carteira inteligente curso";Finanças do Zero;2573;102;39,95;0,39;15,53;4,002;4;388,00;9,71;6;;2,30
2024-02-18;GCAMP001;Search | Finanças do Zero | Marca;Search;GAG001;Marca Lucas Martins;"lucas martins investimentos; carteira inteligente curso";Finanças do Zero;2354;105;37,96;0,36;16,13;4,463;3;291,00;7,67;7;;1,60
2024-02-19;GCAMP001;Search | Finanças do Zero | Marca;Search;GAG001;Marca Lucas Martins;"lucas martins investimentos; carteira inteligente curso";Finanças do Zero;2589;117;25,87;0,22;9,99;4,537;4;388,00;15,00;7;;1,50
2024-02-20;GCAMP001;Search | Finanças do Zero | Marca;Search;GAG001;Marca Lucas Martins;"lucas martins investimentos; carteira inteligente curso";Finanças do Zero;2207;108;30,83;0,29;13,97;4,937;5;485,00;15,73;8;;1,40
2024-02-21;GCAMP001;Search | Finanças do Zero | Marca;Search;GAG001;Marca Lucas Martins;"lucas martins investimentos; carteira inteligente curso";Finanças do Zero;2731;113;27,38;0,24;10,03;4,162;6;582,00;21,26;7;;2,30
2024-02-22;GCAMP001;Search | Finanças do Zero | Marca;Search;GAG001;Marca Lucas Martins;"lucas martins investimentos; carteira inteligente curso";Finanças do Zero;2425;108;29,92;0,28;12,34;4,455;5;485,00;16,21;8;;2,10
2024-02-23;GCAMP001;Search | Finanças do Zero | Marca;Search;GAG001;Marca Lucas Martins;"lucas martins investimentos; carteira inteligente curso";Finanças do Zero;2334;109;26,32;0,24;11,28;4,705;5;485,00;18,43;7;;1,50
2024-02-24;GCAMP001;Search | Finanças do Zero | Marca;Search;GAG001;Marca Lucas Martins;"lucas martins investimentos; carteira inteligente curso";Finanças do Zero;2729;117;29,22;0,25;10,71;4,316;4;388,00;13,28;8;;1,60
2024-02-25;GCAMP001;Search | Finanças do Zero | Marca;Search;GAG001;Marca Lucas Martins;"lucas martins investimentos; carteira inteligente curso";Finanças do Zero;3091;152;29,09;0,19;9,41;4,946;5;485,00;16,67;6;;1,80
2024-02-26;GCAMP001;Search | Finanças do Zero | Marca;Search;GAG001;Marca Lucas Martins;"lucas martins investimentos; carteira inteligente curso";Finanças do Zero;2186;108;28,82;0,27;13,19;4,972;4;388,00;13,46;9;;2,10
2024-02-27;GCAMP001;Search | Finanças do Zero | Marca;Search;GAG001;Marca Lucas Martins;"lucas martins investimentos; carteira inteligente curso";Finanças do Zero;1916;81;28,26;0,35;14,75;4,229;3;291,00;10,30;7;;1,80
2024-02-28;GCAMP001;Search | Finanças do Zero | Marca;Search;GAG001;Marca Lucas Martins;"lucas martins investimentos; carteira inteligente curso";Finanças do Zero;3672;158;31,20;0,20;8,50;4,311;6;582,00;18,65;7;;1,40
2024-02-29;GCAMP001;Search | Finanças do Zero | Marca;Search;GAG001;Marca Lucas Martins;"lucas martins investimentos; carteira inteligente curso";Finanças do Zero;3378;157;28,35;0,18;8,39;4,669;6;582,00;20,53;8;;1,60
2024-03-01;GCAMP001;Search | Finanças do Zero | Marca;Search;GAG001;Marca Lucas Martins;"lucas martins investimentos; carteira inteligente curso";Finanças do Zero;5821;289;66,77;0,23;11,47;4,972;18;1746,00;26,15;8;;1,90
2024-03-02;GCAMP001;Search | Finanças do Zero | Marca;Search;GAG001;Marca Lucas Martins;"lucas martins investimentos; carteira inteligente curso";Finanças do Zero;6809;294;54,57;0,19;8,01;4,319;19;1843,00;33,77;10;;1,90
2024-03-03;GCAMP001;Search | Finanças do Zero | Marca;Search;GAG001;Marca Lucas Martins;"lucas martins investimentos; carteira inteligente curso";Finanças do Zero;8011;373;74,30;0,20;9,28;4,658;28;2716,00;36,55;7;;1,90
2024-03-04;GCAMP001;Search | Finanças do Zero | Marca;Search;GAG001;Marca Lucas Martins;"lucas martins investimentos; carteira inteligente curso";Finanças do Zero;6255;250;76,97;0,31;12,31;3,998;18;1746,00;22,68;7;;1,70
2024-03-05;GCAMP001;Search | Finanças do Zero | Marca;Search;GAG001;Marca Lucas Martins;"lucas martins investimentos; carteira inteligente curso";Finanças do Zero;8266;340;85,56;0,25;10,35;4,113;26;2522,00;29,48;10;;1,30
2024-03-06;GCAMP001;Search | Finanças do Zero | Marca;Search;GAG001;Marca Lucas Martins;"lucas martins investimentos; carteira inteligente curso";Finanças do Zero;6023;267;104,98;0,39;17,43;4,440;19;1843,00;17,56;9;;1,40
2024-03-07;GCAMP001;Search | Finanças do Zero | Marca;Search;GAG001;Marca Lucas Martins;"lucas martins investimentos; carteira inteligente curso";Finanças do Zero;6414;317;88,27;0,28;13,76;4,949;23;2231,00;25,27;8;;2,00
2024-03-08;GCAMP001;Search | Finanças do Zero | Marca;Search;GAG001;Marca Lucas Martins;"lucas martins investimentos; carteira inteligente curso";Finanças do Zero;6142;257;90,70;0,35;14,77;4,185;14;1358,00;14,97;9;;1,90
2024-03-09;GCAMP001;Search | Finanças do Zero | Marca;Search;GAG001;Marca Lucas Martins;"lucas martins investimentos; carteira inteligente curso";Finanças do Zero;13936;661;126,52;0,19;9,08;4,746;39;3783,00;29,90;7;;2,10
2024-03-10;GCAMP001;Search | Finanças do Zero | Marca;Search;GAG001;Marca Lucas Martins;"lucas martins investimentos; carteira inteligente curso";Finanças do Zero;13346;649;143,50;0,22;10,75;4,866;37;3589,00;25,01;9;;2,10
2024-03-11;GCAMP001;Search | Finanças do Zero | Marca;Search;GAG001;Marca Lucas Martins;"lucas martins investimentos; carteira inteligente curso";Finanças do Zero;10239;430;140,84;0,33;13,76;4,202;25;2425,00;17,22;9;;1,30
2024-03-12;GCAMP001;Search | Finanças do Zero | Marca;Search;GAG001;Marca Lucas Martins;"lucas martins investimentos; carteira inteligente curso";Finanças do Zero;13573;612;137,69;0,22;10,14;4,512;40;3880,00;28,18;8;;1,50
2024-03-13;GCAMP001;Search | Finanças do Zero | Marca;Search;GAG001;Marca Lucas Martins;"lucas martins investimentos; carteira inteligente curso";Finanças do Zero;13639;587;177,43;0,30;13,01;4,310;40;3880,00;21,87;9;;2,10
2024-03-14;GCAMP001;Search | Finanças do Zero | Marca;Search;GAG001;Marca Lucas Martins;"lucas martins investimentos; carteira inteligente curso";Finanças do Zero;18513;771;163,72;0,21;8,84;4,169;55;5335,00;32,59;6;;2,30
2024-03-15;GCAMP001;Search | Finanças do Zero | Marca;Search;GAG001;Marca Lucas Martins;"lucas martins investimentos; carteira inteligente curso";Finanças do Zero;14363;654;201,78;0,31;14,05;4,558;39;3783,00;18,75;9;;1,70
2024-03-16;GCAMP001;Search | Finanças do Zero | Marca;Search;GAG001;Marca Lucas Martins;"lucas martins investimentos; carteira inteligente curso";Finanças do Zero;12375;555;146,74;0,26;11,86;4,490;38;3686,00;25,12;6;;2,00
2024-03-17;GCAMP001;Search | Finanças do Zero | Marca;Search;GAG001;Marca Lucas Martins;"lucas martins investimentos; carteira inteligente curso";Finanças do Zero;19839;934;161,95;0,17;8,16;4,710;71;6887,00;42,53;8;;1,50
2024-03-18;GCAMP001;Search | Finanças do Zero | Marca;Search;GAG001;Marca Lucas Martins;"lucas martins investimentos; carteira inteligente curso";Finanças do Zero;12736;538;147,12;0,27;11,55;4,231;42;4074,00;27,69;8;;1,30
2024-03-19;GCAMP001;Search | Finanças do Zero | Marca;Search;GAG001;Marca Lucas Martins;"lucas martins investimentos; carteira inteligente curso";Finanças do Zero;12680;559;120,84;0,22;9,53;4,410;37;3589,00;29,70;6;;2,30
2024-03-20;GCAMP001;Search | Finanças do Zero | Marca;Search;GAG001;Marca Lucas Martins;"lucas martins investimentos; carteira inteligente curso";Finanças do Zero;13019;600;125,89;0,21;9,67;4,615;34;3298,00;26,20;8;;1,40
2024-03-21;GCAMP001;Search | Finanças do Zero | Marca;Search;GAG001;Marca Lucas Martins;"lucas martins investimentos; carteira inteligente curso";Finanças do Zero;11288;544;105,07;0,19;9,31;4,820;35;3395,00;32,31;6;;2,00
2024-03-22;GCAMP001;Search | Finanças do Zero | Marca;Search;GAG001;Marca Lucas Martins;"lucas martins investimentos; carteira inteligente curso";Finanças do Zero;8135;322;101,50;0,32;12,48;3,961;21;2037,00;20,07;10;;2,30
2024-03-23;GCAMP001;Search | Finanças do Zero | Marca;Search;GAG001;Marca Lucas Martins;"lucas martins investimentos; carteira inteligente curso";Finanças do Zero;7272;330;73,29;0,22;10,08;4,546;19;1843,00;25,15;9;;1,70
2024-03-24;GCAMP001;Search | Finanças do Zero | Marca;Search;GAG001;Marca Lucas Martins;"lucas martins investimentos; carteira inteligente curso";Finanças do Zero;11536;502;85,82;0,17;7,44;4,357;33;3201,00;37,30;10;;1,50
2024-03-25;GCAMP001;Search | Finanças do Zero | Marca;Search;GAG001;Marca Lucas Martins;"lucas martins investimentos; carteira inteligente curso";Finanças do Zero;5407;229;73,20;0,32;13,54;4,244;14;1358,00;18,55;8;;2,00
2024-03-26;GCAMP001;Search | Finanças do Zero | Marca;Search;GAG001;Marca Lucas Martins;"lucas martins investimentos; carteira inteligente curso";Finanças do Zero;8341;337;72,44;0,21;8,68;4,052;27;2619,00;36,15;10;;2,00
2024-03-27;GCAMP001;Search | Finanças do Zero | Marca;Search;GAG001;Marca Lucas Martins;"lucas martins investimentos; carteira inteligente curso";Finanças do Zero;5833;275;72,02;0,26;12,35;4,719;19;1843,00;25,59;9;;1,80
2024-03-28;GCAMP001;Search | Finanças do Zero | Marca;Search;GAG001;Marca Lucas Martins;"lucas martins investimentos; carteira inteligente curso";Finanças do Zero;5544;247;68,77;0,28;12,40;4,465;19;1843,00;26,80;9;;2,20
2024-03-29;GCAMP001;Search | Finanças do Zero | Marca;Search;GAG001;Marca Lucas Martins;"lucas martins investimentos; carteira inteligente curso";Finanças do Zero;4388;199;58,91;0,30;13,42;4,552;13;1261,00;21,41;9;;1,70
2024-03-30;GCAMP001;Search | Finanças do Zero | Marca;Search;GAG001;Marca Lucas Martins;"lucas martins investimentos; carteira inteligente curso";Finanças do Zero;6905;323;58,94;0,18;8,54;4,683;18;1746,00;29,62;6;;2,30
2024-03-31;GCAMP001;Search | Finanças do Zero | Marca;Search;GAG001;Marca Lucas Martins;"lucas martins investimentos; carteira inteligente curso";Finanças do Zero;4237;170;61,32;0,36;14,47;4,015;11;1067,00;17,40;8;;1,30
2024-04-01;GCAMP001;Search | Finanças do Zero | Marca;Search;GAG001;Marca Lucas Martins;"lucas martins investimentos; carteira inteligente curso";Finanças do Zero;2148;100;28,95;0,29;13,48;4,678;3;291,00;10,05;7;;2,00
2024-04-02;GCAMP001;Search | Finanças do Zero | Marca;Search;GAG001;Marca Lucas Martins;"lucas martins investimentos; carteira inteligente curso";Finanças do Zero;1738;81;32,69;0,40;18,81;4,689;4;388,00;11,87;8;;2,20
2024-04-03;GCAMP001;Search | Finanças do Zero | Marca;Search;GAG001;Marca Lucas Martins;"lucas martins investimentos; carteira inteligente curso";Finanças do Zero;3026;141;34,28;0,24;11,33;4,688;7;679,00;19,81;8;;2,00
2024-04-04;GCAMP001;Search | Finanças do Zero | Marca;Search;GAG001;Marca Lucas Martins;"lucas martins investimentos; carteira inteligente curso";Finanças do Zero;2935;139;33,24;0,24;11,32;4,768;5;485,00;14,59;7;;1,60
2024-04-05;GCAMP001;Search | Finanças do Zero | Marca;Search;GAG001;Marca Lucas Martins;"lucas martins investimentos; carteira inteligente curso";Finanças do Zero;3108;147;31,25;0,21;10,06;4,761;5;485,00;15,52;8;;1,40
2024-04-06;GCAMP001;Search | Finanças do Zero | Marca;Search;GAG001;Marca Lucas Martins;"lucas martins investimentos; carteira inteligente curso";Finanças do Zero;2746;121;28,67;0,24;10,44;4,436;6;582,00;20,30;8;;1,40
2024-04-07;GCAMP001;Search | Finanças do Zero | Marca;Search;GAG001;Marca Lucas Martins;"lucas martins investimentos; carteira inteligente curso";Finanças do Zero;2627;126;38,24;0,30;14,56;4,803;5;485,00;12,68;9;;2,10
2024-04-08;GCAMP001;Search | Finanças do Zero | Marca;Search;GAG001;Marca Lucas Martins;"lucas martins investimentos; carteira inteligente curso";Finanças do Zero;2819;135;33,95;0,25;12,04;4,806;5;485,00;14,29;6;;2,10
2024-04-09;GCAMP001;Search | Finanças do Zero | Marca;Search;GAG001;Marca Lucas Martins;"lucas martins investimentos; carteira inteligente curso";Finanças do Zero;3164;143;32,60;0,23;10,30;4,533;7;679,00;20,83;9;;1,60
2024-04-10;GCAMP001;Search | Finanças do Zero | Marca;Search;GAG001;Marca Lucas Martins;"lucas martins investimentos; carteira inteligente curso";Finanças do Zero;3480;160;31,23;0,20;8,97;4,625;7;679,00;21,74;8;;1,60
2024-04-11;GCAMP001;Search | Finanças do Zero | Marca;Search;GAG001;Marca Lucas Martins;"lucas martins investimentos; carteira inteligente curso";Finanças do Zero;2685;130;30,49;0,23;11,36;4,845;5;485,00;15,91;8;;2,10
2024-04-12;GCAMP001;Search | Finanças do Zero | Marca;Search;GAG001;Marca Lucas Martins;"lucas martins investimentos; carteira inteligente curso";Finanças do Zero;2632;104;33,09;0,32;12,57;3,989;4;388,00;11,73;7;;1,50
2024-04-13;GCAMP001;Search | Finanças do Zero | Marca;Search;GAG001;Marca Lucas Martins;"lucas martins investimentos; carteira inteligente curso";Finanças do Zero;2249;99;33,68;0,34;14,98;4,437;3;291,00;8,64;6;;1,40
2024-04-14;GCAMP001;Search | Finanças do Zero | Marca;Search;GAG001;Marca Lucas Martins;"lucas martins investimentos; carteira inteligente curso";Finanças do Zero;4349;209;41,04;0,20;9,44;4,825;11;1067,00;26,00;8;;1,70
2024-04-15;GCAMP001;Search | Finanças do Zero | Marca;Search;GAG001;Marca Lucas Martins;"lucas martins investimentos; carteira inteligente curso";Finanças do Zero;2787;140;29,04;0,21;10,42;5,035;5;485,00;16,70;7;;1,30
2024-04-16;GCAMP001;Search | Finanças do Zero | Marca;Search;GAG001;Marca Lucas Martins;"lucas martins investimentos; carteira inteligente curso";Finanças do Zero;2564;119;26,63;0,22;10,39;4,679;5;485,00;18,21;7;;2,00
2024-04-17;GCAMP001;Search | Finanças do Zero | Marca;Search;GAG001;Marca Lucas Martins;"lucas martins investimentos; carteira inteligente curso";Finanças do Zero;3167;151;35,32;0,23;11,15;4,780;5;485,00;13,73;9;;1,50
2024-04-18;GCAMP001;Search | Finanças do Zero | Marca;Search;GAG001;Marca Lucas Martins;"lucas martins investimentos; carteira inteligente curso";Finanças do Zero;3509;174;26,25;0,15;7,48;4,967;8;776,00;29,56;8;;1,90
2024-04-19;GCAMP001;Search | Finanças do Zero | Marca;Search;GAG001;Marca Lucas Martins;"lucas martins investimentos; carteira inteligente curso";Finanças do Zero;2921;144;31,28;0,22;10,71;4,961;6;582,00;18,61;6;;2,00
2024-04-20;GCAMP001;Search | Finanças do Zero | Marca;Search;GAG001;Marca Lucas Martins;"lucas martins investimentos; carteira inteligente curso";Finanças do Zero;2106;89;34,58;0,39;16,42;4,264;3;291,00;8,42;10;;1,60
2024-04-21;GCAMP001;Search | Finanças do Zero | Marca;Search;GAG001;Marca Lucas Martins;"lucas martins investimentos; carteira inteligente curso";Finanças do Zero;1800;76;32,05;0,42;17,81;4,228;2;194,00;6,05;10;;2,30
2024-04-22;GCAMP001;Search | Finanças do Zero | Marca;Search;GAG001;Marca Lucas Martins;"lucas martins investimentos; carteira inteligente curso";Finanças do Zero;4194;169;31,71;0,19;7,56;4,047;7;679,00;21,41;9;;1,60
2024-04-23;GCAMP001;Search | Finanças do Zero | Marca;Search;GAG001;Marca Lucas Martins;"lucas martins investimentos; carteira inteligente curso";Finanças do Zero;2252;104;30,17;0,29;13,40;4,631;4;388,00;12,86;9;;1,90
2024-04-24;GCAMP001;Search | Finanças do Zero | Marca;Search;GAG001;Marca Lucas Martins;"lucas martins investimentos; carteira inteligente curso";Finanças do Zero;3026;152;31,11;0,20;10,28;5,033;8;776,00;24,94;8;;1,60
2024-04-25;GCAMP001;Search | Finanças do Zero | Marca;Search;GAG001;Marca Lucas Martins;"lucas martins investimentos; carteira inteligente curso";Finanças do Zero;2210;94;26,57;0,28;12,02;4,279;3;291,00;10,95;6;;2,30
2024-04-26;GCAMP001;Search | Finanças do Zero | Marca;Search;GAG001;Marca Lucas Martins;"lucas martins investimentos; carteira inteligente curso";Finanças do Zero;2564;128;38,01;0,30;14,83;5,030;5;485,00;12,76;6;;2,00
2024-04-27;GCAMP001;Search | Finanças do Zero | Marca;Search;GAG001;Marca Lucas Martins;"lucas martins investimentos; carteira inteligente curso";Finanças do Zero;3403;146;42,21;0,29;12,40;4,320;7;679,00;16,09;10;;1,50
2024-04-28;GCAMP001;Search | Finanças do Zero | Marca;Search;GAG001;Marca Lucas Martins;"lucas martins investimentos; carteira inteligente curso";Finanças do Zero;2533;103;35,68;0,35;14,09;4,080;5;485,00;13,59;10;;1,60
2024-04-29;GCAMP001;Search | Finanças do Zero | Marca;Search;GAG001;Marca Lucas Martins;"lucas martins investimentos; carteira inteligente curso";Finanças do Zero;2774;133;28,32;0,21;10,21;4,811;5;485,00;17,13;6;;2,30
2024-04-30;GCAMP001;Search | Finanças do Zero | Marca;Search;GAG001;Marca Lucas Martins;"lucas martins investimentos; carteira inteligente curso";Finanças do Zero;2985;122;33,29;0,27;11,15;4,103;6;582,00;17,48;6;;2,30
2024-05-01;GCAMP001;Search | Finanças do Zero | Marca;Search;GAG001;Marca Lucas Martins;"lucas martins investimentos; carteira inteligente curso";Finanças do Zero;2038;94;33,84;0,36;16,61;4,622;4;388,00;11,47;7;;1,40
2024-05-02;GCAMP001;Search | Finanças do Zero | Marca;Search;GAG001;Marca Lucas Martins;"lucas martins investimentos; carteira inteligente curso";Finanças do Zero;2817;139;26,12;0,19;9,27;4,958;5;485,00;18,57;9;;2,30
2024-05-03;GCAMP001;Search | Finanças do Zero | Marca;Search;GAG001;Marca Lucas Martins;"lucas martins investimentos; carteira inteligente curso";Finanças do Zero;3388;161;28,86;0,18;8,52;4,770;7;679,00;23,53;7;;1,60
2024-05-04;GCAMP001;Search | Finanças do Zero | Marca;Search;GAG001;Marca Lucas Martins;"lucas martins investimentos; carteira inteligente curso";Finanças do Zero;3762;183;36,58;0,20;9,72;4,891;6;582,00;15,91;6;;1,50
2024-05-05;GCAMP001;Search | Finanças do Zero | Marca;Search;GAG001;Marca Lucas Martins;"lucas martins investimentos; carteira inteligente curso";Finanças do Zero;3502;159;36,03;0,23;10,29;4,562;7;679,00;18,85;6;;2,20
2024-05-06;GCAMP001;Search | Finanças do Zero | Marca;Search;GAG001;Marca Lucas Martins;"lucas martins investimentos; carteira inteligente curso";Finanças do Zero;2653;114;33,39;0,29;12,58;4,334;4;388,00;11,62;9;;1,70
2024-05-07;GCAMP001;Search | Finanças do Zero | Marca;Search;GAG001;Marca Lucas Martins;"lucas martins investimentos; carteira inteligente curso";Finanças do Zero;2599;105;33,37;0,32;12,84;4,046;4;388,00;11,63;10;;2,00
2024-05-08;GCAMP001;Search | Finanças do Zero | Marca;Search;GAG001;Marca Lucas Martins;"lucas martins investimentos; carteira inteligente curso";Finanças do Zero;2184;108;29,07;0,27;13,31;4,948;4;388,00;13,35;9;;1,90
2024-05-09;GCAMP001;Search | Finanças do Zero | Marca;Search;GAG001;Marca Lucas Martins;"lucas martins investimentos; carteira inteligente curso";Finanças do Zero;3015;128;35,18;0,27;11,67;4,254;6;582,00;16,54;10;;2,10
2024-05-10;GCAMP001;Search | Finanças do Zero | Marca;Search;GAG001;Marca Lucas Martins;"lucas martins investimentos; carteira inteligente curso";Finanças do Zero;2389;112;29,14;0,26;12,20;4,708;4;388,00;13,32;6;;1,60
2024-05-11;GCAMP001;Search | Finanças do Zero | Marca;Search;GAG001;Marca Lucas Martins;"lucas martins investimentos; carteira inteligente curso";Finanças do Zero;1855;86;33,03;0,38;17,81;4,688;3;291,00;8,81;9;;1,40
2024-05-12;GCAMP001;Search | Finanças do Zero | Marca;Search;GAG001;Marca Lucas Martins;"lucas martins investimentos; carteira inteligente curso";Finanças do Zero;3790;156;32,19;0,21;8,49;4,132;8;776,00;24,11;9;;1,80
2024-05-13;GCAMP001;Search | Finanças do Zero | Marca;Search;GAG001;Marca Lucas Martins;"lucas martins investimentos; carteira inteligente curso";Finanças do Zero;2331;114;34,80;0,31;14,93;4,903;4;388,00;11,15;9;;2,30
2024-05-14;GCAMP001;Search | Finanças do Zero | Marca;Search;GAG001;Marca Lucas Martins;"lucas martins investimentos; carteira inteligente curso";Finanças do Zero;3242;133;32,58;0,24;10,05;4,116;5;485,00;14,89;6;;2,00
2024-05-15;GCAMP001;Search | Finanças do Zero | Marca;Search;GAG001;Marca Lucas Martins;"lucas martins investimentos; carteira inteligente curso";Finanças do Zero;2851;126;26,83;0,21;9,41;4,445;5;485,00;18,08;6;;2,30
2024-05-16;GCAMP001;Search | Finanças do Zero | Marca;Search;GAG001;Marca Lucas Martins;"lucas martins investimentos; carteira inteligente curso";Finanças do Zero;1977;95;26,09;0,27;13,20;4,850;4;388,00;14,87;8;;1,80
2024-05-17;GCAMP001;Search | Finanças do Zero | Marca;Search;GAG001;Marca Lucas Martins;"lucas martins investimentos; carteira inteligente curso";Finanças do Zero;2389;111;32,76;0,30;13,71;4,662;5;485,00;14,80;9;;1,80
2024-05-18;GCAMP001;Search | Finanças do Zero | Marca;Search;GAG001;Marca Lucas Martins;"lucas martins investimentos; carteira inteligente curso";Finanças do Zero;2122;88;36,52;0,42;17,21;4,190;4;388,00;10,62;9;;1,50
2024-05-19;GCAMP001;Search | Finanças do Zero | Marca;Search;GAG001;Marca Lucas Martins;"lucas martins investimentos; carteira inteligente curso";Finanças do Zero;3791;176;41,11;0,23;10,84;4,647;6;582,00;14,16;8;;2,10
2024-05-20;GCAMP001;Search | Finanças do Zero | Marca;Search;GAG001;Marca Lucas Martins;"lucas martins investimentos; carteira inteligente curso";Finanças do Zero;3440;162;36,02;0,22;10,47;4,726;5;485,00;13,46;7;;1,60
2024-05-21;GCAMP001;Search | Finanças do Zero | Marca;Search;GAG001;Marca Lucas Martins;"lucas martins investimentos; carteira inteligente curso";Finanças do Zero;3467;164;31,58;0,19;9,11;4,745;6;582,00;18,43;10;;2,10
2024-05-22;GCAMP001;Search | Finanças do Zero | Marca;Search;GAG001;Marca Lucas Martins;"lucas martins investimentos; carteira inteligente curso";Finanças do Zero;4227;180;31,04;0,17;7,34;4,277;8;776,00;25,00;10;;1,80
2024-05-23;GCAMP001;Search | Finanças do Zero | Marca;Search;GAG001;Marca Lucas Martins;"lucas martins investimentos; carteira inteligente curso";Finanças do Zero;2893;134;37,81;0,28;13,07;4,649;5;485,00;12,83;9;;1,50
2024-05-24;GCAMP001;Search | Finanças do Zero | Marca;Search;GAG001;Marca Lucas Martins;"lucas martins investimentos; carteira inteligente curso";Finanças do Zero;3566;155;26,94;0,17;7,55;4,371;8;776,00;28,80;8;;1,80
2024-05-25;GCAMP001;Search | Finanças do Zero | Marca;Search;GAG001;Marca Lucas Martins;"lucas martins investimentos; carteira inteligente curso";Finanças do Zero;3003;135;35,54;0,26;11,84;4,499;5;485,00;13,65;7;;1,90
2024-05-26;GCAMP001;Search | Finanças do Zero | Marca;Search;GAG001;Marca Lucas Martins;"lucas martins investimentos; carteira inteligente curso";Finanças do Zero;2972;137;29,83;0,22;10,04;4,610;6;582,00;19,51;9;;1,30
2024-05-27;GCAMP001;Search | Finanças do Zero | Marca;Search;GAG001;Marca Lucas Martins;"lucas martins investimentos; carteira inteligente curso";Finanças do Zero;2553;119;30,69;0,26;12,02;4,692;4;388,00;12,64;10;;2,00
2024-05-28;GCAMP001;Search | Finanças do Zero | Marca;Search;GAG001;Marca Lucas Martins;"lucas martins investimentos; carteira inteligente curso";Finanças do Zero;1953;87;26,30;0,30;13,46;4,487;4;388,00;14,75;8;;1,50
2024-05-29;GCAMP001;Search | Finanças do Zero | Marca;Search;GAG001;Marca Lucas Martins;"lucas martins investimentos; carteira inteligente curso";Finanças do Zero;2934;143;26,50;0,19;9,03;4,888;6;582,00;21,96;6;;1,50
2024-05-30;GCAMP001;Search | Finanças do Zero | Marca;Search;GAG001;Marca Lucas Martins;"lucas martins investimentos; carteira inteligente curso";Finanças do Zero;3395;148;35,07;0,24;10,33;4,366;5;485,00;13,83;9;;1,90
2024-05-31;GCAMP001;Search | Finanças do Zero | Marca;Search;GAG001;Marca Lucas Martins;"lucas martins investimentos; carteira inteligente curso";Finanças do Zero;3212;161;24,89;0,15;7,75;5,038;7;679,00;27,28;6;;1,70
2024-06-01;GCAMP001;Search | Finanças do Zero | Marca;Search;GAG001;Marca Lucas Martins;"lucas martins investimentos; carteira inteligente curso";Finanças do Zero;3082;128;31,86;0,25;10,34;4,174;4;388,00;12,18;9;;1,80
2024-06-02;GCAMP001;Search | Finanças do Zero | Marca;Search;GAG001;Marca Lucas Martins;"lucas martins investimentos; carteira inteligente curso";Finanças do Zero;3441;170;33,95;0,20;9,87;4,960;7;679,00;20,00;10;;1,70
2024-06-03;GCAMP001;Search | Finanças do Zero | Marca;Search;GAG001;Marca Lucas Martins;"lucas martins investimentos; carteira inteligente curso";Finanças do Zero;3461;150;33,26;0,22;9,61;4,342;6;582,00;17,50;10;;1,90
2024-06-04;GCAMP001;Search | Finanças do Zero | Marca;Search;GAG001;Marca Lucas Martins;"lucas martins investimentos; carteira inteligente curso";Finanças do Zero;2097;103;33,22;0,32;15,84;4,928;4;388,00;11,68;7;;1,90
2024-06-05;GCAMP001;Search | Finanças do Zero | Marca;Search;GAG001;Marca Lucas Martins;"lucas martins investimentos; carteira inteligente curso";Finanças do Zero;2704;117;35,88;0,31;13,27;4,354;5;485,00;13,52;6;;1,90
2024-06-06;GCAMP001;Search | Finanças do Zero | Marca;Search;GAG001;Marca Lucas Martins;"lucas martins investimentos; carteira inteligente curso";Finanças do Zero;3989;163;35,52;0,22;8,91;4,101;8;776,00;21,85;7;;2,10
2024-06-07;GCAMP001;Search | Finanças do Zero | Marca;Search;GAG001;Marca Lucas Martins;"lucas martins investimentos; carteira inteligente curso";Finanças do Zero;2581;116;31,71;0,27;12,29;4,532;4;388,00;12,24;6;;1,70
2024-06-08;GCAMP001;Search | Finanças do Zero | Marca;Search;GAG001;Marca Lucas Martins;"lucas martins investimentos; carteira inteligente curso";Finanças do Zero;3855;182;30,15;0,17;7,82;4,727;9;873,00;28,96;8;;1,80
2024-06-09;GCAMP001;Search | Finanças do Zero | Marca;Search;GAG001;Marca Lucas Martins;"lucas martins investimentos; carteira inteligente curso";Finanças do Zero;2602;108;39,30;0,36;15,10;4,181;5;485,00;12,34;9;;1,90
2024-06-10;GCAMP001;Search | Finanças do Zero | Marca;Search;GAG001;Marca Lucas Martins;"lucas martins investimentos; carteira inteligente curso";Finanças do Zero;3784;150;35,70;0,24;9,43;3,988;6;582,00;16,30;8;;2,30
2024-06-11;GCAMP001;Search | Finanças do Zero | Marca;Search;GAG001;Marca Lucas Martins;"lucas martins investimentos; carteira inteligente curso";Finanças do Zero;3186;134;31,00;0,23;9,73;4,221;5;485,00;15,65;7;;2,10
2024-06-12;GCAMP001;Search | Finanças do Zero | Marca;Search;GAG001;Marca Lucas Martins;"lucas martins investimentos; carteira inteligente curso";Finanças do Zero;3178;149;30,75;0,21;9,68;4,718;8;776,00;25,24;9;;1,50
2024-06-13;GCAMP001;Search | Finanças do Zero | Marca;Search;GAG001;Marca Lucas Martins;"lucas martins investimentos; carteira inteligente curso";Finanças do Zero;3135;132;30,34;0,23;9,68;4,231;6;582,00;19,18;10;;2,20
2024-06-14;GCAMP001;Search | Finanças do Zero | Marca;Search;GAG001;Marca Lucas Martins;"lucas martins investimentos; carteira inteligente curso";Finanças do Zero;3104;138;29,39;0,21;9,47;4,476;6;582,00;19,80;6;;1,60
2024-06-15;GCAMP001;Search | Finanças do Zero | Marca;Search;GAG001;Marca Lucas Martins;"lucas martins investimentos; carteira inteligente curso";Finanças do Zero;3416;140;41,36;0,30;12,11;4,107;5;485,00;11,73;7;;1,60
2024-06-16;GCAMP001;Search | Finanças do Zero | Marca;Search;GAG001;Marca Lucas Martins;"lucas martins investimentos; carteira inteligente curso";Finanças do Zero;2442;98;38,03;0,39;15,57;4,054;3;291,00;7,65;8;;2,10
2024-06-17;GCAMP001;Search | Finanças do Zero | Marca;Search;GAG001;Marca Lucas Martins;"lucas martins investimentos; carteira inteligente curso";Finanças do Zero;2662;125;33,34;0,27;12,52;4,727;4;388,00;11,64;10;;2,10
2024-06-18;GCAMP001;Search | Finanças do Zero | Marca;Search;GAG001;Marca Lucas Martins;"lucas martins investimentos; carteira inteligente curso";Finanças do Zero;3636;160;32,08;0,20;8,82;4,422;6;582,00;18,14;7;;1,60
2024-06-19;GCAMP001;Search | Finanças do Zero | Marca;Search;GAG001;Marca Lucas Martins;"lucas martins investimentos; carteira inteligente curso";Finanças do Zero;2814;134;29,79;0,22;10,59;4,795;6;582,00;19,54;7;;1,80
2024-06-20;GCAMP001;Search | Finanças do Zero | Marca;Search;GAG001;Marca Lucas Martins;"lucas martins investimentos; carteira inteligente curso";Finanças do Zero;2106;102;36,09;0,35;17,13;4,888;3;291,00;8,06;10;;2,30
2024-06-21;GCAMP001;Search | Finanças do Zero | Marca;Search;GAG001;Marca Lucas Martins;"lucas martins investimentos; carteira inteligente curso";Finanças do Zero;2647;106;27,55;0,26;10,41;4,036;4;388,00;14,08;8;;1,40
2024-06-22;GCAMP001;Search | Finanças do Zero | Marca;Search;GAG001;Marca Lucas Martins;"lucas martins investimentos; carteira inteligente curso";Finanças do Zero;3123;152;28,23;0,19;9,04;4,898;5;485,00;17,18;7;;1,50
2024-06-23;GCAMP001;Search | Finanças do Zero | Marca;Search;GAG001;Marca Lucas Martins;"lucas martins investimentos; carteira inteligente curso";Finanças do Zero;3435;143;33,61;0,24;9,78;4,183;5;485,00;14,43;9;;2,20
2024-06-24;GCAMP001;Search | Finanças do Zero | Marca;Search;GAG001;Marca Lucas Martins;"lucas martins investimentos; carteira inteligente curso";Finanças do Zero;3272;163;34,43;0,21;10,52;5,012;7;679,00;19,72;6;;2,20
2024-06-25;GCAMP001;Search | Finanças do Zero | Marca;Search;GAG001;Marca Lucas Martins;"lucas martins investimentos; carteira inteligente curso";Finanças do Zero;2976;135;29,07;0,22;9,77;4,552;6;582,00;20,02;10;;2,10
2024-06-26;GCAMP001;Search | Finanças do Zero | Marca;Search;GAG001;Marca Lucas Martins;"lucas martins investimentos; carteira inteligente curso";Finanças do Zero;2114;84;29,66;0,35;14,03;3,993;3;291,00;9,81;7;;1,30
2024-06-27;GCAMP001;Search | Finanças do Zero | Marca;Search;GAG001;Marca Lucas Martins;"lucas martins investimentos; carteira inteligente curso";Finanças do Zero;2887;122;33,65;0,28;11,66;4,245;4;388,00;11,53;9;;1,30
2024-06-28;GCAMP001;Search | Finanças do Zero | Marca;Search;GAG001;Marca Lucas Martins;"lucas martins investimentos; carteira inteligente curso";Finanças do Zero;2999;120;36,61;0,31;12,21;4,023;5;485,00;13,25;7;;1,60
2024-06-29;GCAMP001;Search | Finanças do Zero | Marca;Search;GAG001;Marca Lucas Martins;"lucas martins investimentos; carteira inteligente curso";Finanças do Zero;3108;150;40,33;0,27;12,98;4,852;5;485,00;12,03;9;;1,30
2024-06-30;GCAMP001;Search | Finanças do Zero | Marca;Search;GAG001;Marca Lucas Martins;"lucas martins investimentos; carteira inteligente curso";Finanças do Zero;3013;143;29,26;0,20;9,71;4,746;7;679,00;23,21;6;;1,60
2024-07-01;GCAMP001;Search | Finanças do Zero | Marca;Search;GAG001;Marca Lucas Martins;"lucas martins investimentos; carteira inteligente curso";Finanças do Zero;8719;436;82,40;0,19;9,45;5,009;32;3104,00;37,67;10;;1,90
2024-07-02;GCAMP001;Search | Finanças do Zero | Marca;Search;GAG001;Marca Lucas Martins;"lucas martins investimentos; carteira inteligente curso";Finanças do Zero;5353;262;66,73;0,25;12,47;4,899;16;1552,00;23,26;10;;1,60
2024-07-03;GCAMP001;Search | Finanças do Zero | Marca;Search;GAG001;Marca Lucas Martins;"lucas martins investimentos; carteira inteligente curso";Finanças do Zero;9779;429;80,64;0,19;8,25;4,389;33;3201,00;39,69;7;;2,30
2024-07-04;GCAMP001;Search | Finanças do Zero | Marca;Search;GAG001;Marca Lucas Martins;"lucas martins investimentos; carteira inteligente curso";Finanças do Zero;6372;286;74,36;0,26;11,67;4,493;17;1649,00;22,18;6;;2,10
2024-07-05;GCAMP001;Search | Finanças do Zero | Marca;Search;GAG001;Marca Lucas Martins;"lucas martins investimentos; carteira inteligente curso";Finanças do Zero;8118;378;82,08;0,22;10,11;4,668;22;2134,00;26,00;7;;1,50
2024-07-06;GCAMP001;Search | Finanças do Zero | Marca;Search;GAG001;Marca Lucas Martins;"lucas martins investimentos; carteira inteligente curso";Finanças do Zero;5230;226;80,41;0,36;15,37;4,325;15;1455,00;18,09;8;;2,20
2024-07-07;GCAMP001;Search | Finanças do Zero | Marca;Search;GAG001;Marca Lucas Martins;"lucas martins investimentos; carteira inteligente curso";Finanças do Zero;8011;392;87,01;0,22;10,86;4,905;26;2522,00;28,99;10;;2,10
2024-07-08;GCAMP001;Search | Finanças do Zero | Marca;Search;GAG001;Marca Lucas Martins;"lucas martins investimentos; carteira inteligente curso";Finanças do Zero;9137;445;106,91;0,24;11,70;4,879;30;2910,00;27,22;7;;2,00
2024-07-09;GCAMP001;Search | Finanças do Zero | Marca;Search;GAG001;Marca Lucas Martins;"lucas martins investimentos; carteira inteligente curso";Finanças do Zero;8773;377;125,84;0,33;14,34;4,302;22;2134,00;16,96;6;;2,20
2024-07-10;GCAMP001;Search | Finanças do Zero | Marca;Search;GAG001;Marca Lucas Martins;"lucas martins investimentos; carteira inteligente curso";Finanças do Zero;16609;822;140,46;0,17;8,46;4,953;48;4656,00;33,15;7;;1,70
2024-07-11;GCAMP001;Search | Finanças do Zero | Marca;Search;GAG001;Marca Lucas Martins;"lucas martins investimentos; carteira inteligente curso";Finanças do Zero;16137;724;135,84;0,19;8,42;4,488;50;4850,00;35,70;7;;1,40
2024-07-12;GCAMP001;Search | Finanças do Zero | Marca;Search;GAG001;Marca Lucas Martins;"lucas martins investimentos; carteira inteligente curso";Finanças do Zero;8014;337;131,24;0,39;16,38;4,214;21;2037,00;15,52;8;;1,70
2024-07-13;GCAMP001;Search | Finanças do Zero | Marca;Search;GAG001;Marca Lucas Martins;"lucas martins investimentos; carteira inteligente curso";Finanças do Zero;12957;580;181,21;0,31;13,99;4,478;32;3104,00;17,13;7;;1,80
2024-07-14;GCAMP001;Search | Finanças do Zero | Marca;Search;GAG001;Marca Lucas Martins;"lucas martins investimentos; carteira inteligente curso";Finanças do Zero;8558;381;141,47;0,37;16,53;4,454;22;2134,00;15,08;9;;1,80
2024-07-15;GCAMP001;Search | Finanças do Zero | Marca;Search;GAG001;Marca Lucas Martins;"lucas martins investimentos; carteira inteligente curso";Finanças do Zero;11125;441;132,72;0,30;11,93;3,965;32;3104,00;23,39;8;;1,50
2024-07-16;GCAMP001;Search | Finanças do Zero | Marca;Search;GAG001;Marca Lucas Martins;"lucas martins investimentos; carteira inteligente curso";Finanças do Zero;12793;604;154,02;0,26;12,04;4,723;44;4268,00;27,71;6;;1,30
2024-07-17;GCAMP001;Search | Finanças do Zero | Marca;Search;GAG001;Marca Lucas Martins;"lucas martins investimentos; carteira inteligente curso";Finanças do Zero;10165;503;172,58;0,34;16,98;4,951;39;3783,00;21,92;6;;1,40
2024-07-18;GCAMP001;Search | Finanças do Zero | Marca;Search;GAG001;Marca Lucas Martins;"lucas martins investimentos; carteira inteligente curso";Finanças do Zero;13573;652;146,74;0,23;10,81;4,805;47;4559,00;31,07;8;;1,70
2024-07-19;GCAMP001;Search | Finanças do Zero | Marca;Search;GAG001;Marca Lucas Martins;"lucas martins investimentos; carteira inteligente curso";Finanças do Zero;10618;477;124,87;0,26;11,76;4,501;32;3104,00;24,86;8;;2,30
2024-07-20;GCAMP001;Search | Finanças do Zero | Marca;Search;GAG001;Marca Lucas Martins;"lucas martins investimentos; carteira inteligente curso";Finanças do Zero;18436;829;125,71;0,15;6,82;4,500;50;4850,00;38,58;6;;1,50
2024-07-21;GCAMP001;Search | Finanças do Zero | Marca;Search;GAG001;Marca Lucas Martins;"lucas martins investimentos; carteira inteligente curso";Finanças do Zero;12923;555;139,23;0,25;10,77;4,300;42;4074,00;29,26;8;;2,00
2024-07-22;GCAMP001;Search | Finanças do Zero | Marca;Search;GAG001;Marca Lucas Martins;"lucas martins investimentos; carteira inteligente curso";Finanças do Zero;6367;252;99,33;0,39;15,60;3,968;17;1649,00;16,60;9;;2,00
2024-07-23;GCAMP001;Search | Finanças do Zero | Marca;Search;GAG001;Marca Lucas Martins;"lucas martins investimentos; carteira inteligente curso";Finanças do Zero;7023;294;85,86;0,29;12,23;4,198;22;2134,00;24,85;9;;2,20
2024-07-24;GCAMP001;Search | Finanças do Zero | Marca;Search;GAG001;Marca Lucas Martins;"lucas martins investimentos; carteira inteligente curso";Finanças do Zero;9401;446;95,14;0,21;10,12;4,745;33;3201,00;33,65;7;;1,70
2024-07-25;GCAMP001;Search | Finanças do Zero | Marca;Search;GAG001;Marca Lucas Martins;"lucas martins investimentos; carteira inteligente curso";Finanças do Zero;7645;374;88,47;0,24;11,57;4,905;23;2231,00;25,22;9;;1,30
2024-07-26;GCAMP001;Search | Finanças do Zero | Marca;Search;GAG001;Marca Lucas Martins;"lucas martins investimentos; carteira inteligente curso";Finanças do Zero;5083;240;81,42;0,34;16,02;4,733;15;1455,00;17,87;8;;1,30
2024-07-27;GCAMP001;Search | Finanças do Zero | Marca;Search;GAG001;Marca Lucas Martins;"lucas martins investimentos; carteira inteligente curso";Finanças do Zero;4968;239;70,47;0,29;14,18;4,814;17;1649,00;23,40;6;;1,50
2024-07-28;GCAMP001;Search | Finanças do Zero | Marca;Search;GAG001;Marca Lucas Martins;"lucas martins investimentos; carteira inteligente curso";Finanças do Zero;7400;308;79,03;0,26;10,68;4,164;20;1940,00;24,55;9;;1,30
2024-07-29;GCAMP001;Search | Finanças do Zero | Marca;Search;GAG001;Marca Lucas Martins;"lucas martins investimentos; carteira inteligente curso";Finanças do Zero;4985;228;74,71;0,33;14,99;4,576;15;1455,00;19,48;6;;1,60
2024-07-30;GCAMP001;Search | Finanças do Zero | Marca;Search;GAG001;Marca Lucas Martins;"lucas martins investimentos; carteira inteligente curso";Finanças do Zero;6840;316;60,29;0,19;8,81;4,622;21;2037,00;33,79;8;;1,40
2024-07-31;GCAMP001;Search | Finanças do Zero | Marca;Search;GAG001;Marca Lucas Martins;"lucas martins investimentos; carteira inteligente curso";Finanças do Zero;6561;319;62,80;0,20;9,57;4,870;20;1940,00;30,89;9;;1,40
2024-08-01;GCAMP001;Search | Finanças do Zero | Marca;Search;GAG001;Marca Lucas Martins;"lucas martins investimentos; carteira inteligente curso";Finanças do Zero;3150;128;34,99;0,27;11,11;4,081;6;582,00;16,63;6;;2,00
2024-08-02;GCAMP001;Search | Finanças do Zero | Marca;Search;GAG001;Marca Lucas Martins;"lucas martins investimentos; carteira inteligente curso";Finanças do Zero;2438;113;30,61;0,27;12,56;4,675;5;485,00;15,84;10;;1,50
2024-08-03;GCAMP001;Search | Finanças do Zero | Marca;Search;GAG001;Marca Lucas Martins;"lucas martins investimentos; carteira inteligente curso";Finanças do Zero;2253;94;32,11;0,34;14,25;4,190;3;291,00;9,06;8;;2,20
2024-08-04;GCAMP001;Search | Finanças do Zero | Marca;Search;GAG001;Marca Lucas Martins;"lucas martins investimentos; carteira inteligente curso";Finanças do Zero;2903;144;39,15;0,27;13,48;4,992;5;485,00;12,39;9;;1,30
2024-08-05;GCAMP001;Search | Finanças do Zero | Marca;Search;GAG001;Marca Lucas Martins;"lucas martins investimentos; carteira inteligente curso";Finanças do Zero;3521;166;31,42;0,19;8,92;4,729;7;679,00;21,61;9;;1,70
2024-08-06;GCAMP001;Search | Finanças do Zero | Marca;Search;GAG001;Marca Lucas Martins;"lucas martins investimentos; carteira inteligente curso";Finanças do Zero;2725;115;32,88;0,29;12,07;4,252;6;582,00;17,70;10;;1,60
2024-08-07;GCAMP001;Search | Finanças do Zero | Marca;Search;GAG001;Marca Lucas Martins;"lucas martins investimentos; carteira inteligente curso";Finanças do Zero;3426;142;32,52;0,23;9,49;4,148;6;582,00;17,90;7;;1,60
2024-08-08;GCAMP001;Search | Finanças do Zero | Marca;Search;GAG001;Marca Lucas Martins;"lucas martins investimentos; carteira inteligente curso";Finanças do Zero;2434;117;31,84;0,27;13,08;4,839;5;485,00;15,23;9;;1,40
2024-08-09;GCAMP001;Search | Finanças do Zero | Marca;Search;GAG001;Marca Lucas Martins;"lucas martins investimentos; carteira inteligente curso";Finanças do Zero;2813;123;32,91;0,27;11,70;4,398;6;582,00;17,68;6;;2,00
2024-08-10;GCAMP001;Search | Finanças do Zero | Marca;Search;GAG001;Marca Lucas Martins;"lucas martins investimentos; carteira inteligente curso";Finanças do Zero;2393;104;33,13;0,32;13,84;4,369;5;485,00;14,64;9;;1,40
2024-08-11;GCAMP001;Search | Finanças do Zero | Marca;Search;GAG001;Marca Lucas Martins;"lucas martins investimentos; carteira inteligente curso";Finanças do Zero;2685;127;36,13;0,28;13,46;4,747;6;582,00;16,11;9;;2,30
2024-08-12;GCAMP001;Search | Finanças do Zero | Marca;Search;GAG001;Marca Lucas Martins;"lucas martins investimentos; carteira inteligente curso";Finanças do Zero;3181;128;35,89;0,28;11,28;4,039;4;388,00;10,81;10;;1,40
2024-08-13;GCAMP001;Search | Finanças do Zero | Marca;Search;GAG001;Marca Lucas Martins;"lucas martins investimentos; carteira inteligente curso";Finanças do Zero;2336;102;34,38;0,34;14,72;4,393;4;388,00;11,29;6;;2,30
2024-08-14;GCAMP001;Search | Finanças do Zero | Marca;Search;GAG001;Marca Lucas Martins;"lucas martins investimentos; carteira inteligente curso";Finanças do Zero;3825;182;36,25;0,20;9,48;4,779;9;873,00;24,08;7;;2,00
2024-08-15;GCAMP001;Search | Finanças do Zero | Marca;Search;GAG001;Marca Lucas Martins;"lucas martins investimentos; carteira inteligente curso";Finanças do Zero;3337;158;33,16;0,21;9,94;4,750;7;679,00;20,48;10;;2,20
2024-08-16;GCAMP001;Search | Finanças do Zero | Marca;Search;GAG001;Marca Lucas Martins;"lucas martins investimentos; carteira inteligente curso";Finanças do Zero;3800;170;36,63;0,22;9,64;4,497;7;679,00;18,54;8;;1,90
2024-08-17;GCAMP001;Search | Finanças do Zero | Marca;Search;GAG001;Marca Lucas Martins;"lucas martins investimentos; carteira inteligente curso";Finanças do Zero;3992;160;39,46;0,25;9,88;4,021;8;776,00;19,67;7;;1,60
2024-08-18;GCAMP001;Search | Finanças do Zero | Marca;Search;GAG001;Marca Lucas Martins;"lucas martins investimentos; carteira inteligente curso";Finanças do Zero;3524;168;34,95;0,21;9,92;4,771;7;679,00;19,43;6;;1,90
2024-08-19;GCAMP001;Search | Finanças do Zero | Marca;Search;GAG001;Marca Lucas Martins;"lucas martins investimentos; carteira inteligente curso";Finanças do Zero;2094;104;26,89;0,26;12,84;5,009;4;388,00;14,43;9;;1,70
2024-08-20;GCAMP001;Search | Finanças do Zero | Marca;Search;GAG001;Marca Lucas Martins;"lucas martins investimentos; carteira inteligente curso";Finanças do Zero;2585;122;26,87;0,22;10,39;4,736;6;582,00;21,66;10;;2,00
2024-08-21;GCAMP001;Search | Finanças do Zero | Marca;Search;GAG001;Marca Lucas Martins;"lucas martins investimentos; carteira inteligente curso";Finanças do Zero;1923;91;32,89;0,36;17,10;4,779;3;291,00;8,85;6;;2,10
2024-08-22;GCAMP001;Search | Finanças do Zero | Marca;Search;GAG001;Marca Lucas Martins;"lucas martins investimentos; carteira inteligente curso";Finanças do Zero;1827;87;25,40;0,29;13,90;4,765;4;388,00;15,28;10;;2,20
2024-08-23;GCAMP001;Search | Finanças do Zero | Marca;Search;GAG001;Marca Lucas Martins;"lucas martins investimentos; carteira inteligente curso";Finanças do Zero;1706;77;25,89;0,34;15,18;4,522;3;291,00;11,24;9;;2,30
2024-08-24;GCAMP001;Search | Finanças do Zero | Marca;Search;GAG001;Marca Lucas Martins;"lucas martins investimentos; carteira inteligente curso";Finanças do Zero;3488;159;34,70;0,22;9,95;4,586;7;679,00;19,57;6;;1,90
2024-08-25;GCAMP001;Search | Finanças do Zero | Marca;Search;GAG001;Marca Lucas Martins;"lucas martins investimentos; carteira inteligente curso";Finanças do Zero;3380;143;36,07;0,25;10,67;4,253;6;582,00;16,14;9;;1,80
2024-08-26;GCAMP001;Search | Finanças do Zero | Marca;Search;GAG001;Marca Lucas Martins;"lucas martins investimentos; carteira inteligente curso";Finanças do Zero;2634;123;32,03;0,26;12,16;4,699;5;485,00;15,14;9;;2,10
2024-08-27;GCAMP001;Search | Finanças do Zero | Marca;Search;GAG001;Marca Lucas Martins;"lucas martins investimentos; carteira inteligente curso";Finanças do Zero;2493;107;31,06;0,29;12,46;4,302;4;388,00;12,49;8;;2,00
2024-08-28;GCAMP001;Search | Finanças do Zero | Marca;Search;GAG001;Marca Lucas Martins;"lucas martins investimentos; carteira inteligente curso";Finanças do Zero;2596;105;33,00;0,31;12,71;4,071;4;388,00;11,76;9;;1,90
2024-08-29;GCAMP001;Search | Finanças do Zero | Marca;Search;GAG001;Marca Lucas Martins;"lucas martins investimentos; carteira inteligente curso";Finanças do Zero;2951;126;30,63;0,24;10,38;4,292;6;582,00;19,00;6;;1,50
2024-08-30;GCAMP001;Search | Finanças do Zero | Marca;Search;GAG001;Marca Lucas Martins;"lucas martins investimentos; carteira inteligente curso";Finanças do Zero;3414;143;33,95;0,24;9,94;4,204;7;679,00;20,00;9;;2,00
2024-08-31;GCAMP001;Search | Finanças do Zero | Marca;Search;GAG001;Marca Lucas Martins;"lucas martins investimentos; carteira inteligente curso";Finanças do Zero;3531;153;38,92;0,25;11,02;4,361;6;582,00;14,95;10;;2,20
2024-09-01;GCAMP001;Search | Finanças do Zero | Marca;Search;GAG001;Marca Lucas Martins;"lucas martins investimentos; carteira inteligente curso";Finanças do Zero;4602;220;36,48;0,17;7,93;4,797;10;970,00;26,59;9;;1,50
2024-09-02;GCAMP001;Search | Finanças do Zero | Marca;Search;GAG001;Marca Lucas Martins;"lucas martins investimentos; carteira inteligente curso";Finanças do Zero;2484;102;29,61;0,29;11,92;4,120;5;485,00;16,38;8;;1,40
2024-09-03;GCAMP001;Search | Finanças do Zero | Marca;Search;GAG001;Marca Lucas Martins;"lucas martins investimentos; carteira inteligente curso";Finanças do Zero;2969;137;32,61;0,24;10,98;4,644;4;388,00;11,90;8;;2,20
2024-09-04;GCAMP001;Search | Finanças do Zero | Marca;Search;GAG001;Marca Lucas Martins;"lucas martins investimentos; carteira inteligente curso";Finanças do Zero;3346;147;39,91;0,27;11,93;4,401;5;485,00;12,15;9;;1,70
2024-09-05;GCAMP001;Search | Finanças do Zero | Marca;Search;GAG001;Marca Lucas Martins;"lucas martins investimentos; carteira inteligente curso";Finanças do Zero;2135;106;32,36;0,31;15,16;4,979;4;388,00;11,99;10;;1,50
2024-09-06;GCAMP001;Search | Finanças do Zero | Marca;Search;GAG001;Marca Lucas Martins;"lucas martins investimentos; carteira inteligente curso";Finanças do Zero;3522;147;31,55;0,21;8,96;4,197;5;485,00;15,37;10;;1,50
2024-09-07;GCAMP001;Search | Finanças do Zero | Marca;Search;GAG001;Marca Lucas Martins;"lucas martins investimentos; carteira inteligente curso";Finanças do Zero;3701;179;34,21;0,19;9,24;4,851;8;776,00;22,68;6;;1,30
2024-09-08;GCAMP001;Search | Finanças do Zero | Marca;Search;GAG001;Marca Lucas Martins;"lucas martins investimentos; carteira inteligente curso";Finanças do Zero;3115;131;41,78;0,32;13,41;4,231;5;485,00;11,61;9;;1,30
2024-09-09;GCAMP001;Search | Finanças do Zero | Marca;Search;GAG001;Marca Lucas Martins;"lucas martins investimentos; carteira inteligente curso";Finanças do Zero;2417;113;31,72;0,28;13,12;4,697;5;485,00;15,29;10;;1,50
2024-09-10;GCAMP001;Search | Finanças do Zero | Marca;Search;GAG001;Marca Lucas Martins;"lucas martins investimentos; carteira inteligente curso";Finanças do Zero;2803;113;30,35;0,27;10,83;4,049;5;485,00;15,98;10;;1,90
2024-09-11;GCAMP001;Search | Finanças do Zero | Marca;Search;GAG001;Marca Lucas Martins;"lucas martins investimentos; carteira inteligente curso";Finanças do Zero;2535;116;31,39;0,27;12,38;4,600;5;485,00;15,45;8;;2,10
2024-09-12;GCAMP001;Search | Finanças do Zero | Marca;Search;GAG001;Marca Lucas Martins;"lucas martins investimentos; carteira inteligente curso";Finanças do Zero;2564;117;33,69;0,29;13,14;4,577;4;388,00;11,52;9;;1,60
2024-09-13;GCAMP001;Search | Finanças do Zero | Marca;Search;GAG001;Marca Lucas Martins;"lucas martins investimentos; carteira inteligente curso";Finanças do Zero;2782;135;32,82;0,24;11,80;4,859;5;485,00;14,78;10;;2,10
2024-09-14;GCAMP001;Search | Finanças do Zero | Marca;Search;GAG001;Marca Lucas Martins;"lucas martins investimentos; carteira inteligente curso";Finanças do Zero;3562;142;33,60;0,24;9,43;3,993;5;485,00;14,43;9;;1,50
2024-09-15;GCAMP001;Search | Finanças do Zero | Marca;Search;GAG001;Marca Lucas Martins;"lucas martins investimentos; carteira inteligente curso";Finanças do Zero;4709;213;41,71;0,20;8,86;4,532;8;776,00;18,60;7;;1,80
2024-09-16;GCAMP001;Search | Finanças do Zero | Marca;Search;GAG001;Marca Lucas Martins;"lucas martins investimentos; carteira inteligente curso";Finanças do Zero;3354;140;33,25;0,24;9,91;4,199;7;679,00;20,42;9;;2,20
2024-09-17;GCAMP001;Search | Finanças do Zero | Marca;Search;GAG001;Marca Lucas Martins;"lucas martins investimentos; carteira inteligente curso";Finanças do Zero;2934;122;36,16;0,30;12,33;4,188;4;388,00;10,73;7;;1,40
2024-09-18;GCAMP001;Search | Finanças do Zero | Marca;Search;GAG001;Marca Lucas Martins;"lucas martins investimentos; carteira inteligente curso";Finanças do Zero;3776;166;32,00;0,19;8,47;4,414;7;679,00;21,22;6;;2,00
2024-09-19;GCAMP001;Search | Finanças do Zero | Marca;Search;GAG001;Marca Lucas Martins;"lucas martins investimentos; carteira inteligente curso";Finanças do Zero;2088;92;38,12;0,41;18,26;4,431;4;388,00;10,18;10;;1,70
2024-09-20;GCAMP001;Search | Finanças do Zero | Marca;Search;GAG001;Marca Lucas Martins;"lucas martins investimentos; carteira inteligente curso";Finanças do Zero;2222;93;32,84;0,35;14,78;4,201;4;388,00;11,81;6;;2,20
2024-09-21;GCAMP001;Search | Finanças do Zero | Marca;Search;GAG001;Marca Lucas Martins;"lucas martins investimentos; carteira inteligente curso";Finanças do Zero;3751;158;39,90;0,25;10,64;4,226;6;582,00;14,59;10;;1,40
2024-09-22;GCAMP001;Search | Finanças do Zero | Marca;Search;GAG001;Marca Lucas Martins;"lucas martins investimentos; carteira inteligente curso";Finanças do Zero;2730;117;41,78;0,36;15,30;4,295;5;485,00;11,61;7;;1,40
2024-09-23;GCAMP001;Search | Finanças do Zero | Marca;Search;GAG001;Marca Lucas Martins;"lucas martins investimentos; carteira inteligente curso";Finanças do Zero;3166;148;30,40;0,21;9,60;4,691;6;582,00;19,14;9;;1,50
2024-09-24;GCAMP001;Search | Finanças do Zero | Marca;Search;GAG001;Marca Lucas Martins;"lucas martins investimentos; carteira inteligente curso";Finanças do Zero;3621;154;31,54;0,20;8,71;4,272;7;679,00;21,53;8;;2,10
2024-09-25;GCAMP001;Search | Finanças do Zero | Marca;Search;GAG001;Marca Lucas Martins;"lucas martins investimentos; carteira inteligente curso";Finanças do Zero;2742;127;29,17;0,23;10,64;4,665;5;485,00;16,63;10;;1,80
2024-09-26;GCAMP001;Search | Finanças do Zero | Marca;Search;GAG001;Marca Lucas Martins;"lucas martins investimentos; carteira inteligente curso";Finanças do Zero;2200;87;26,92;0,31;12,24;3,977;4;388,00;14,41;9;;2,30
2024-09-27;GCAMP001;Search | Finanças do Zero | Marca;Search;GAG001;Marca Lucas Martins;"lucas martins investimentos; carteira inteligente curso";Finanças do Zero;2774;138;31,04;0,22;11,19;5,011;5;485,00;15,62;9;;1,50
2024-09-28;GCAMP001;Search | Finanças do Zero | Marca;Search;GAG001;Marca Lucas Martins;"lucas martins investimentos; carteira inteligente curso";Finanças do Zero;3013;125;42,09;0,34;13,97;4,181;5;485,00;11,52;10;;1,50
2024-09-29;GCAMP001;Search | Finanças do Zero | Marca;Search;GAG001;Marca Lucas Martins;"lucas martins investimentos; carteira inteligente curso";Finanças do Zero;3388;163;41,45;0,25;12,23;4,821;5;485,00;11,70;6;;1,60
2024-09-30;GCAMP001;Search | Finanças do Zero | Marca;Search;GAG001;Marca Lucas Martins;"lucas martins investimentos; carteira inteligente curso";Finanças do Zero;3105;123;32,84;0,27;10,58;3,985;6;582,00;17,72;7;;1,70
2024-10-01;GCAMP001;Search | Finanças do Zero | Marca;Search;GAG001;Marca Lucas Martins;"lucas martins investimentos; carteira inteligente curso";Finanças do Zero;3594;163;32,57;0,20;9,06;4,562;7;679,00;20,85;9;;1,80
2024-10-02;GCAMP001;Search | Finanças do Zero | Marca;Search;GAG001;Marca Lucas Martins;"lucas martins investimentos; carteira inteligente curso";Finanças do Zero;3197;143;33,95;0,24;10,62;4,483;5;485,00;14,29;10;;2,00
2024-10-03;GCAMP001;Search | Finanças do Zero | Marca;Search;GAG001;Marca Lucas Martins;"lucas martins investimentos; carteira inteligente curso";Finanças do Zero;3397;145;38,02;0,26;11,19;4,276;7;679,00;17,86;8;;1,90
2024-10-04;GCAMP001;Search | Finanças do Zero | Marca;Search;GAG001;Marca Lucas Martins;"lucas martins investimentos; carteira inteligente curso";Finanças do Zero;1999;89;32,01;0,36;16,01;4,490;3;291,00;9,09;9;;2,30
2024-10-05;GCAMP001;Search | Finanças do Zero | Marca;Search;GAG001;Marca Lucas Martins;"lucas martins investimentos; carteira inteligente curso";Finanças do Zero;3002;125;44,35;0,35;14,77;4,190;5;485,00;10,94;9;;2,10
2024-10-06;GCAMP001;Search | Finanças do Zero | Marca;Search;GAG001;Marca Lucas Martins;"lucas martins investimentos; carteira inteligente curso";Finanças do Zero;4512;224;38,66;0,17;8,57;4,980;10;970,00;25,09;10;;1,30
2024-10-07;GCAMP001;Search | Finanças do Zero | Marca;Search;GAG001;Marca Lucas Martins;"lucas martins investimentos; carteira inteligente curso";Finanças do Zero;3058;123;29,86;0,24;9,76;4,055;5;485,00;16,24;8;;2,10
2024-10-08;GCAMP001;Search | Finanças do Zero | Marca;Search;GAG001;Marca Lucas Martins;"lucas martins investimentos; carteira inteligente curso";Finanças do Zero;3489;158;31,04;0,20;8,90;4,543;6;582,00;18,75;7;;2,10
2024-10-09;GCAMP001;Search | Finanças do Zero | Marca;Search;GAG001;Marca Lucas Martins;"lucas martins investimentos; carteira inteligente curso";Finanças do Zero;3052;131;30,21;0,23;9,90;4,304;4;388,00;12,84;7;;2,10
2024-10-10;GCAMP001;Search | Finanças do Zero | Marca;Search;GAG001;Marca Lucas Martins;"lucas martins investimentos; carteira inteligente curso";Finanças do Zero;2240;102;30,69;0,30;13,70;4,576;4;388,00;12,64;8;;1,70
2024-10-11;GCAMP001;Search | Finanças do Zero | Marca;Search;GAG001;Marca Lucas Martins;"lucas martins investimentos; carteira inteligente curso";Finanças do Zero;3200;134;36,74;0,27;11,48;4,200;5;485,00;13,20;8;;1,80
2024-10-12;GCAMP001;Search | Finanças do Zero | Marca;Search;GAG001;Marca Lucas Martins;"lucas martins investimentos; carteira inteligente curso";Finanças do Zero;2420;117;39,49;0,34;16,32;4,846;5;485,00;12,28;7;;1,80
2024-10-13;GCAMP001;Search | Finanças do Zero | Marca;Search;GAG001;Marca Lucas Martins;"lucas martins investimentos; carteira inteligente curso";Finanças do Zero;2690;116;31,58;0,27;11,74;4,317;5;485,00;15,36;9;;1,70
2024-10-14;GCAMP001;Search | Finanças do Zero | Marca;Search;GAG001;Marca Lucas Martins;"lucas martins investimentos; carteira inteligente curso";Finanças do Zero;3139;140;34,74;0,25;11,07;4,475;5;485,00;13,96;9;;2,10
2024-10-15;GCAMP001;Search | Finanças do Zero | Marca;Search;GAG001;Marca Lucas Martins;"lucas martins investimentos; carteira inteligente curso";Finanças do Zero;3718;164;31,69;0,19;8,52;4,420;6;582,00;18,37;8;;1,30
2024-10-16;GCAMP001;Search | Finanças do Zero | Marca;Search;GAG001;Marca Lucas Martins;"lucas martins investimentos; carteira inteligente curso";Finanças do Zero;3974;174;34,05;0,20;8,57;4,397;7;679,00;19,94;9;;2,00
2024-10-17;GCAMP001;Search | Finanças do Zero | Marca;Search;GAG001;Marca Lucas Martins;"lucas martins investimentos; carteira inteligente curso";Finanças do Zero;3724;183;31,44;0,17;8,44;4,935;9;873,00;27,77;8;;1,40
2024-10-18;GCAMP001;Search | Finanças do Zero | Marca;Search;GAG001;Marca Lucas Martins;"lucas martins investimentos; carteira inteligente curso";Finanças do Zero;2306;94;34,13;0,36;14,80;4,102;4;388,00;11,37;9;;1,30
2024-10-19;GCAMP001;Search | Finanças do Zero | Marca;Search;GAG001;Marca Lucas Martins;"lucas martins investimentos; carteira inteligente curso";Finanças do Zero;3455;136;43,21;0,32;12,51;3,960;5;485,00;11,22;8;;2,10
2024-10-20;GCAMP001;Search | Finanças do Zero | Marca;Search;GAG001;Marca Lucas Martins;"lucas martins investimentos; carteira inteligente curso";Finanças do Zero;3488;175;40,19;0,23;11,52;5,031;6;582,00;14,48;8;;2,10
2024-10-21;GCAMP001;Search | Finanças do Zero | Marca;Search;GAG001;Marca Lucas Martins;"lucas martins investimentos; carteira inteligente curso";Finanças do Zero;2419;119;36,99;0,31;15,29;4,944;5;485,00;13,11;6;;1,90
2024-10-22;GCAMP001;Search | Finanças do Zero | Marca;Search;GAG001;Marca Lucas Martins;"lucas martins investimentos; carteira inteligente curso";Finanças do Zero;3324;164;35,51;0,22;10,68;4,946;8;776,00;21,85;6;;2,20
2024-10-23;GCAMP001;Search | Finanças do Zero | Marca;Search;GAG001;Marca Lucas Martins;"lucas martins investimentos; carteira inteligente curso";Finanças do Zero;3177;151;33,00;0,22;10,39;4,759;7;679,00;20,58;10;;1,70
2024-10-24;GCAMP001;Search | Finanças do Zero | Marca;Search;GAG001;Marca Lucas Martins;"lucas martins investimentos; carteira inteligente curso";Finanças do Zero;3193;143;32,97;0,23;10,32;4,492;6;582,00;17,65;8;;1,90
2024-10-25;GCAMP001;Search | Finanças do Zero | Marca;Search;GAG001;Marca Lucas Martins;"lucas martins investimentos; carteira inteligente curso";Finanças do Zero;3585;171;34,06;0,20;9,50;4,771;8;776,00;22,78;8;;1,30
2024-10-26;GCAMP001;Search | Finanças do Zero | Marca;Search;GAG001;Marca Lucas Martins;"lucas martins investimentos; carteira inteligente curso";Finanças do Zero;4253;172;45,19;0,26;10,63;4,050;6;582,00;12,88;7;;1,30
2024-10-27;GCAMP001;Search | Finanças do Zero | Marca;Search;GAG001;Marca Lucas Martins;"lucas martins investimentos; carteira inteligente curso";Finanças do Zero;2977;122;34,77;0,29;11,68;4,106;6;582,00;16,74;8;;1,30
2024-10-28;GCAMP001;Search | Finanças do Zero | Marca;Search;GAG001;Marca Lucas Martins;"lucas martins investimentos; carteira inteligente curso";Finanças do Zero;3337;163;26,92;0,17;8,07;4,903;8;776,00;28,83;9;;1,70
2024-10-29;GCAMP001;Search | Finanças do Zero | Marca;Search;GAG001;Marca Lucas Martins;"lucas martins investimentos; carteira inteligente curso";Finanças do Zero;2977;126;30,02;0,24;10,08;4,235;5;485,00;16,16;6;;2,00
2024-10-30;GCAMP001;Search | Finanças do Zero | Marca;Search;GAG001;Marca Lucas Martins;"lucas martins investimentos; carteira inteligente curso";Finanças do Zero;4800;230;38,92;0,17;8,11;4,812;11;1067,00;27,42;7;;2,30
2024-10-31;GCAMP001;Search | Finanças do Zero | Marca;Search;GAG001;Marca Lucas Martins;"lucas martins investimentos; carteira inteligente curso";Finanças do Zero;3874;192;36,95;0,19;9,54;4,979;8;776,00;21,00;6;;1,40
2024-11-01;GCAMP001;Search | Finanças do Zero | Marca;Search;GAG001;Marca Lucas Martins;"lucas martins investimentos; carteira inteligente curso";Finanças do Zero;5724;230;55,54;0,24;9,70;4,029;13;1261,00;22,70;7;;2,20
2024-11-02;GCAMP001;Search | Finanças do Zero | Marca;Search;GAG001;Marca Lucas Martins;"lucas martins investimentos; carteira inteligente curso";Finanças do Zero;8482;392;74,78;0,19;8,82;4,624;23;2231,00;29,83;6;;1,50
2024-11-03;GCAMP001;Search | Finanças do Zero | Marca;Search;GAG001;Marca Lucas Martins;"lucas martins investimentos; carteira inteligente curso";Finanças do Zero;7788;350;72,76;0,21;9,34;4,495;20;1940,00;26,66;9;;2,10
2024-11-04;GCAMP001;Search | Finanças do Zero | Marca;Search;GAG001;Marca Lucas Martins;"lucas martins investimentos; carteira inteligente curso";Finanças do Zero;8067;349;68,63;0,20;8,51;4,328;25;2425,00;35,33;10;;2,00
2024-11-05;GCAMP001;Search | Finanças do Zero | Marca;Search;GAG001;Marca Lucas Martins;"lucas martins investimentos; carteira inteligente curso";Finanças do Zero;10482;514;93,21;0,18;8,89;4,912;36;3492,00;37,46;10;;2,10
2024-11-06;GCAMP001;Search | Finanças do Zero | Marca;Search;GAG001;Marca Lucas Martins;"lucas martins investimentos; carteira inteligente curso";Finanças do Zero;5552;221;85,48;0,39;15,40;3,993;12;1164,00;13,62;6;;2,20
2024-11-07;GCAMP001;Search | Finanças do Zero | Marca;Search;GAG001;Marca Lucas Martins;"lucas martins investimentos; carteira inteligente curso";Finanças do Zero;5493;264;106,72;0,40;19,43;4,809;20;1940,00;18,18;10;;2,10
2024-11-08;GCAMP001;Search | Finanças do Zero | Marca;Search;GAG001;Marca Lucas Martins;"lucas martins investimentos; carteira inteligente curso";Finanças do Zero;10923;531;105,81;0,20;9,69;4,867;38;3686,00;34,84;10;;1,80
2024-11-09;GCAMP001;Search | Finanças do Zero | Marca;Search;GAG001;Marca Lucas Martins;"lucas martins investimentos; carteira inteligente curso";Finanças do Zero;6857;333;97,66;0,29;14,24;4,868;23;2231,00;22,84;8;;1,60
2024-11-10;GCAMP001;Search | Finanças do Zero | Marca;Search;GAG001;Marca Lucas Martins;"lucas martins investimentos; carteira inteligente curso";Finanças do Zero;8294;381;147,67;0,39;17,80;4,598;28;2716,00;18,39;10;;1,30
2024-11-11;GCAMP001;Search | Finanças do Zero | Marca;Search;GAG001;Marca Lucas Martins;"lucas martins investimentos; carteira inteligente curso";Finanças do Zero;14945;646;146,31;0,23;9,79;4,328;44;4268,00;29,17;10;;1,90
2024-11-12;GCAMP001;Search | Finanças do Zero | Marca;Search;GAG001;Marca Lucas Martins;"lucas martins investimentos; carteira inteligente curso";Finanças do Zero;13714;615;149,43;0,24;10,90;4,486;49;4753,00;31,81;6;;1,60
2024-11-13;GCAMP001;Search | Finanças do Zero | Marca;Search;GAG001;Marca Lucas Martins;"lucas martins investimentos; carteira inteligente curso";Finanças do Zero;15457;672;180,51;0,27;11,68;4,348;54;5238,00;29,02;9;;2,20
2024-11-14;GCAMP001;Search | Finanças do Zero | Marca;Search;GAG001;Marca Lucas Martins;"lucas martins investimentos; carteira inteligente curso";Finanças do Zero;17384;806;142,82;0,18;8,22;4,637;52;5044,00;35,32;9;;1,90
2024-11-15;GCAMP001;Search | Finanças do Zero | Marca;Search;GAG001;Marca Lucas Martins;"lucas martins investimentos; carteira inteligente curso";Finanças do Zero;18079;734;198,90;0,27;11,00;4,063;58;5626,00;28,29;9;;1,40
2024-11-16;GCAMP001;Search | Finanças do Zero | Marca;Search;GAG001;Marca Lucas Martins;"lucas martins investimentos; carteira inteligente curso";Finanças do Zero;15171;648;191,10;0,29;12,60;4,277;50;4850,00;25,38;8;;1,90
2024-11-17;GCAMP001;Search | Finanças do Zero | Marca;Search;GAG001;Marca Lucas Martins;"lucas martins investimentos; carteira inteligente curso";Finanças do Zero;18220;797;142,67;0,18;7,83;4,378;52;5044,00;35,35;9;;1,40
2024-11-18;GCAMP001;Search | Finanças do Zero | Marca;Search;GAG001;Marca Lucas Martins;"lucas martins investimentos; carteira inteligente curso";Finanças do Zero;13989;635;155,47;0,24;11,11;4,543;47;4559,00;29,32;8;;1,90
2024-11-19;GCAMP001;Search | Finanças do Zero | Marca;Search;GAG001;Marca Lucas Martins;"lucas martins investimentos; carteira inteligente curso";Finanças do Zero;13293;605;138,14;0,23;10,39;4,552;48;4656,00;33,70;9;;1,80
2024-11-20;GCAMP001;Search | Finanças do Zero | Marca;Search;GAG001;Marca Lucas Martins;"lucas martins investimentos; carteira inteligente curso";Finanças do Zero;9131;444;118,94;0,27;13,03;4,866;33;3201,00;26,91;8;;1,30
2024-11-21;GCAMP001;Search | Finanças do Zero | Marca;Search;GAG001;Marca Lucas Martins;"lucas martins investimentos; carteira inteligente curso";Finanças do Zero;9237;460;95,00;0,21;10,29;4,988;33;3201,00;33,69;7;;1,60
2024-11-22;GCAMP001;Search | Finanças do Zero | Marca;Search;GAG001;Marca Lucas Martins;"lucas martins investimentos; carteira inteligente curso";Finanças do Zero;11037;477;103,23;0,22;9,35;4,329;36;3492,00;33,83;6;;1,80
2024-11-23;GCAMP001;Search | Finanças do Zero | Marca;Search;GAG001;Marca Lucas Martins;"lucas martins investimentos; carteira inteligente curso";Finanças do Zero;9305;428;108,03;0,25;11,61;4,608;28;2716,00;25,14;6;;1,70
2024-11-24;GCAMP001;Search | Finanças do Zero | Marca;Search;GAG001;Marca Lucas Martins;"lucas martins investimentos; carteira inteligente curso";Finanças do Zero;6829;316;101,85;0,32;14,91;4,636;24;2328,00;22,86;8;;1,50
2024-11-25;GCAMP001;Search | Finanças do Zero | Marca;Search;GAG001;Marca Lucas Martins;"lucas martins investimentos; carteira inteligente curso";Finanças do Zero;7405;322;70,06;0,22;9,46;4,361;20;1940,00;27,69;10;;1,50
2024-11-26;GCAMP001;Search | Finanças do Zero | Marca;Search;GAG001;Marca Lucas Martins;"lucas martins investimentos; carteira inteligente curso";Finanças do Zero;5275;249;70,72;0,28;13,41;4,735;17;1649,00;23,32;7;;2,30
2024-11-27;GCAMP001;Search | Finanças do Zero | Marca;Search;GAG001;Marca Lucas Martins;"lucas martins investimentos; carteira inteligente curso";Finanças do Zero;9166;385;66,07;0,17;7,21;4,204;29;2813,00;42,58;6;;1,60
2024-11-28;GCAMP001;Search | Finanças do Zero | Marca;Search;GAG001;Marca Lucas Martins;"lucas martins investimentos; carteira inteligente curso";Finanças do Zero;7749;347;57,46;0,17;7,42;4,484;25;2425,00;42,20;7;;2,00
2024-11-29;GCAMP001;Search | Finanças do Zero | Marca;Search;GAG001;Marca Lucas Martins;"lucas martins investimentos; carteira inteligente curso";Finanças do Zero;7863;376;64,29;0,17;8,18;4,783;29;2813,00;43,75;6;;2,10
2024-11-30;GCAMP001;Search | Finanças do Zero | Marca;Search;GAG001;Marca Lucas Martins;"lucas martins investimentos; carteira inteligente curso";Finanças do Zero;4472;184;54,68;0,30;12,23;4,119;12;1164,00;21,29;10;;2,20
2024-12-01;GCAMP001;Search | Finanças do Zero | Marca;Search;GAG001;Marca Lucas Martins;"lucas martins investimentos; carteira inteligente curso";Finanças do Zero;3788;176;46,20;0,26;12,20;4,665;8;776,00;16,80;10;;1,70
2024-12-02;GCAMP001;Search | Finanças do Zero | Marca;Search;GAG001;Marca Lucas Martins;"lucas martins investimentos; carteira inteligente curso";Finanças do Zero;2557;128;37,67;0,29;14,73;5,033;6;582,00;15,45;9;;2,10
2024-12-03;GCAMP001;Search | Finanças do Zero | Marca;Search;GAG001;Marca Lucas Martins;"lucas martins investimentos; carteira inteligente curso";Finanças do Zero;2921;146;38,37;0,26;13,14;5,010;7;679,00;17,70;7;;1,70
2024-12-04;GCAMP001;Search | Finanças do Zero | Marca;Search;GAG001;Marca Lucas Martins;"lucas martins investimentos; carteira inteligente curso";Finanças do Zero;2880;130;34,03;0,26;11,82;4,536;6;582,00;17,10;9;;2,10
2024-12-05;GCAMP001;Search | Finanças do Zero | Marca;Search;GAG001;Marca Lucas Martins;"lucas martins investimentos; carteira inteligente curso";Finanças do Zero;2632;107;30,24;0,28;11,49;4,099;4;388,00;12,83;6;;2,20
2024-12-06;GCAMP001;Search | Finanças do Zero | Marca;Search;GAG001;Marca Lucas Martins;"lucas martins investimentos; carteira inteligente curso";Finanças do Zero;4107;187;36,84;0,20;8,97;4,558;10;970,00;26,33;8;;1,60
2024-12-07;GCAMP001;Search | Finanças do Zero | Marca;Search;GAG001;Marca Lucas Martins;"lucas martins investimentos; carteira inteligente curso";Finanças do Zero;3419;170;32,59;0,19;9,53;4,999;9;873,00;26,79;9;;1,70
2024-12-08;GCAMP001;Search | Finanças do Zero | Marca;Search;GAG001;Marca Lucas Martins;"lucas martins investimentos; carteira inteligente curso";Finanças do Zero;4507;204;37,72;0,18;8,37;4,535;10;970,00;25,72;8;;1,60
2024-12-09;GCAMP001;Search | Finanças do Zero | Marca;Search;GAG001;Marca Lucas Martins;"lucas martins investimentos; carteira inteligente curso";Finanças do Zero;2923;136;32,27;0,24;11,04;4,678;6;582,00;18,04;7;;1,30
2024-12-10;GCAMP001;Search | Finanças do Zero | Marca;Search;GAG001;Marca Lucas Martins;"lucas martins investimentos; carteira inteligente curso";Finanças do Zero;2990;136;38,27;0,28;12,80;4,560;5;485,00;12,67;7;;1,70
2024-12-11;GCAMP001;Search | Finanças do Zero | Marca;Search;GAG001;Marca Lucas Martins;"lucas martins investimentos; carteira inteligente curso";Finanças do Zero;3078;131;34,13;0,26;11,09;4,279;4;388,00;11,37;8;;1,50
2024-12-12;GCAMP001;Search | Finanças do Zero | Marca;Search;GAG001;Marca Lucas Martins;"lucas martins investimentos; carteira inteligente curso";Finanças do Zero;2573;104;39,23;0,38;15,25;4,048;4;388,00;9,89;10;;2,10
2024-12-13;GCAMP001;Search | Finanças do Zero | Marca;Search;GAG001;Marca Lucas Martins;"lucas martins investimentos; carteira inteligente curso";Finanças do Zero;3946;175;33,37;0,19;8,46;4,458;6;582,00;17,44;6;;1,90
2024-12-14;GCAMP001;Search | Finanças do Zero | Marca;Search;GAG001;Marca Lucas Martins;"lucas martins investimentos; carteira inteligente curso";Finanças do Zero;3715;174;37,69;0,22;10,14;4,698;6;582,00;15,44;7;;2,20
2024-12-15;GCAMP001;Search | Finanças do Zero | Marca;Search;GAG001;Marca Lucas Martins;"lucas martins investimentos; carteira inteligente curso";Finanças do Zero;4324;191;41,67;0,22;9,64;4,427;6;582,00;13,97;6;;2,10
2024-12-16;GCAMP001;Search | Finanças do Zero | Marca;Search;GAG001;Marca Lucas Martins;"lucas martins investimentos; carteira inteligente curso";Finanças do Zero;3742;160;37,41;0,23;10,00;4,278;7;679,00;18,15;10;;2,00
2024-12-17;GCAMP001;Search | Finanças do Zero | Marca;Search;GAG001;Marca Lucas Martins;"lucas martins investimentos; carteira inteligente curso";Finanças do Zero;3938;187;37,31;0,20;9,47;4,752;7;679,00;18,20;9;;1,80
2024-12-18;GCAMP001;Search | Finanças do Zero | Marca;Search;GAG001;Marca Lucas Martins;"lucas martins investimentos; carteira inteligente curso";Finanças do Zero;3488;171;27,96;0,16;8,02;4,913;7;679,00;24,28;7;;1,80
2024-12-19;GCAMP001;Search | Finanças do Zero | Marca;Search;GAG001;Marca Lucas Martins;"lucas martins investimentos; carteira inteligente curso";Finanças do Zero;3162;132;29,57;0,22;9,35;4,197;6;582,00;19,68;10;;2,20
2024-12-20;GCAMP001;Search | Finanças do Zero | Marca;Search;GAG001;Marca Lucas Martins;"lucas martins investimentos; carteira inteligente curso";Finanças do Zero;2523;104;35,76;0,34;14,17;4,141;4;388,00;10,85;8;;1,90
2024-12-21;GCAMP001;Search | Finanças do Zero | Marca;Search;GAG001;Marca Lucas Martins;"lucas martins investimentos; carteira inteligente curso";Finanças do Zero;3431;143;38,02;0,27;11,08;4,183;5;485,00;12,76;10;;1,50
2024-12-22;GCAMP001;Search | Finanças do Zero | Marca;Search;GAG001;Marca Lucas Martins;"lucas martins investimentos; carteira inteligente curso";Finanças do Zero;3217;152;36,97;0,24;11,49;4,741;5;485,00;13,12;6;;1,50
2024-12-23;GCAMP001;Search | Finanças do Zero | Marca;Search;GAG001;Marca Lucas Martins;"lucas martins investimentos; carteira inteligente curso";Finanças do Zero;4176;181;29,62;0,16;7,09;4,342;8;776,00;26,20;9;;1,70
2024-12-24;GCAMP001;Search | Finanças do Zero | Marca;Search;GAG001;Marca Lucas Martins;"lucas martins investimentos; carteira inteligente curso";Finanças do Zero;2829;138;32,99;0,24;11,66;4,881;7;679,00;20,58;10;;1,40
2024-12-25;GCAMP001;Search | Finanças do Zero | Marca;Search;GAG001;Marca Lucas Martins;"lucas martins investimentos; carteira inteligente curso";Finanças do Zero;4418;198;38,25;0,19;8,66;4,504;9;873,00;22,82;9;;1,90
2024-12-26;GCAMP001;Search | Finanças do Zero | Marca;Search;GAG001;Marca Lucas Martins;"lucas martins investimentos; carteira inteligente curso";Finanças do Zero;2761;130;30,31;0,23;10,98;4,725;5;485,00;16,00;6;;2,20
2024-12-27;GCAMP001;Search | Finanças do Zero | Marca;Search;GAG001;Marca Lucas Martins;"lucas martins investimentos; carteira inteligente curso";Finanças do Zero;3026;147;36,95;0,25;12,21;4,866;7;679,00;18,38;6;;2,20
2024-12-28;GCAMP001;Search | Finanças do Zero | Marca;Search;GAG001;Marca Lucas Martins;"lucas martins investimentos; carteira inteligente curso";Finanças do Zero;3880;165;35,73;0,22;9,21;4,255;6;582,00;16,29;7;;1,50
2024-12-29;GCAMP001;Search | Finanças do Zero | Marca;Search;GAG001;Marca Lucas Martins;"lucas martins investimentos; carteira inteligente curso";Finanças do Zero;3342;151;41,49;0,27;12,42;4,523;7;679,00;16,37;10;;1,40
2024-12-30;GCAMP001;Search | Finanças do Zero | Marca;Search;GAG001;Marca Lucas Martins;"lucas martins investimentos; carteira inteligente curso";Finanças do Zero;4256;205;37,00;0,18;8,69;4,822;7;679,00;18,35;8;;1,50
2024-12-31;GCAMP001;Search | Finanças do Zero | Marca;Search;GAG001;Marca Lucas Martins;"lucas martins investimentos; carteira inteligente curso";Finanças do Zero;2387;108;27,58;0,26;11,55;4,562;5;485,00;17,59;6;;1,60
2025-01-01;GCAMP001;Search | Finanças do Zero | Marca;Search;GAG001;Marca Lucas Martins;"lucas martins investimentos; carteira inteligente curso";Finanças do Zero;4565;193;40,68;0,21;8,91;4,233;7;679,00;16,69;9;;2,00
2025-01-02;GCAMP001;Search | Finanças do Zero | Marca;Search;GAG001;Marca Lucas Martins;"lucas martins investimentos; carteira inteligente curso";Finanças do Zero;4350;210;38,24;0,18;8,79;4,846;10;970,00;25,37;10;;2,30
2025-01-03;GCAMP001;Search | Finanças do Zero | Marca;Search;GAG001;Marca Lucas Martins;"lucas martins investimentos; carteira inteligente curso";Finanças do Zero;3130;149;35,41;0,24;11,31;4,775;5;485,00;13,70;9;;1,50
2025-01-04;GCAMP001;Search | Finanças do Zero | Marca;Search;GAG001;Marca Lucas Martins;"lucas martins investimentos; carteira inteligente curso";Finanças do Zero;3220;144;39,82;0,28;12,37;4,488;6;582,00;14,62;9;;1,80
2025-01-05;GCAMP001;Search | Finanças do Zero | Marca;Search;GAG001;Marca Lucas Martins;"lucas martins investimentos; carteira inteligente curso";Finanças do Zero;3235;130;42,20;0,32;13,04;4,038;5;485,00;11,49;9;;1,50
2025-01-06;GCAMP001;Search | Finanças do Zero | Marca;Search;GAG001;Marca Lucas Martins;"lucas martins investimentos; carteira inteligente curso";Finanças do Zero;3171;153;36,23;0,24;11,42;4,839;8;776,00;21,42;10;;2,10
2025-01-07;GCAMP001;Search | Finanças do Zero | Marca;Search;GAG001;Marca Lucas Martins;"lucas martins investimentos; carteira inteligente curso";Finanças do Zero;3752;156;33,09;0,21;8,82;4,167;5;485,00;14,66;9;;2,20
2025-01-08;GCAMP001;Search | Finanças do Zero | Marca;Search;GAG001;Marca Lucas Martins;"lucas martins investimentos; carteira inteligente curso";Finanças do Zero;3153;127;29,62;0,23;9,39;4,041;4;388,00;13,10;8;;1,80
2025-01-09;GCAMP001;Search | Finanças do Zero | Marca;Search;GAG001;Marca Lucas Martins;"lucas martins investimentos; carteira inteligente curso";Finanças do Zero;2509;110;28,92;0,26;11,53;4,406;5;485,00;16,77;6;;1,50
2025-01-10;GCAMP001;Search | Finanças do Zero | Marca;Search;GAG001;Marca Lucas Martins;"lucas martins investimentos; carteira inteligente curso";Finanças do Zero;1908;90;39,52;0,44;20,71;4,744;3;291,00;7,36;9;;2,10
2025-01-11;GCAMP001;Search | Finanças do Zero | Marca;Search;GAG001;Marca Lucas Martins;"lucas martins investimentos; carteira inteligente curso";Finanças do Zero;3135;144;40,30;0,28;12,85;4,614;6;582,00;14,44;10;;1,90
2025-01-12;GCAMP001;Search | Finanças do Zero | Marca;Search;GAG001;Marca Lucas Martins;"lucas martins investimentos; carteira inteligente curso";Finanças do Zero;4101;185;38,17;0,21;9,31;4,533;7;679,00;17,79;10;;2,30
2025-01-13;GCAMP001;Search | Finanças do Zero | Marca;Search;GAG001;Marca Lucas Martins;"lucas martins investimentos; carteira inteligente curso";Finanças do Zero;3302;137;30,17;0,22;9,14;4,156;6;582,00;19,29;6;;1,30
2025-01-14;GCAMP001;Search | Finanças do Zero | Marca;Search;GAG001;Marca Lucas Martins;"lucas martins investimentos; carteira inteligente curso";Finanças do Zero;2134;91;33,63;0,37;15,76;4,290;3;291,00;8,65;10;;2,10
2025-01-15;GCAMP001;Search | Finanças do Zero | Marca;Search;GAG001;Marca Lucas Martins;"lucas martins investimentos; carteira inteligente curso";Finanças do Zero;2814;119;34,35;0,29;12,21;4,248;6;582,00;16,94;6;;2,00
2025-01-16;GCAMP001;Search | Finanças do Zero | Marca;Search;GAG001;Marca Lucas Martins;"lucas martins investimentos; carteira inteligente curso";Finanças do Zero;3336;148;34,36;0,23;10,30;4,439;7;679,00;19,76;9;;1,80
2025-01-17;GCAMP001;Search | Finanças do Zero | Marca;Search;GAG001;Marca Lucas Martins;"lucas martins investimentos; carteira inteligente curso";Finanças do Zero;3055;141;34,29;0,24;11,22;4,628;6;582,00;16,97;9;;1,50
2025-01-18;GCAMP001;Search | Finanças do Zero | Marca;Search;GAG001;Marca Lucas Martins;"lucas martins investimentos; carteira inteligente curso";Finanças do Zero;4646;184;45,91;0,25;9,88;3,965;8;776,00;16,90;8;;1,70
2025-01-19;GCAMP001;Search | Finanças do Zero | Marca;Search;GAG001;Marca Lucas Martins;"lucas martins investimentos; carteira inteligente curso";Finanças do Zero;3708;168;41,30;0,25;11,14;4,554;6;582,00;14,09;10;;1,60
2025-01-20;GCAMP001;Search | Finanças do Zero | Marca;Search;GAG001;Marca Lucas Martins;"lucas martins investimentos; carteira inteligente curso";Finanças do Zero;2485;108;39,86;0,37;16,04;4,369;5;485,00;12,17;10;;1,60
2025-01-21;GCAMP001;Search | Finanças do Zero | Marca;Search;GAG001;Marca Lucas Martins;"lucas martins investimentos; carteira inteligente curso";Finanças do Zero;3069;149;30,77;0,21;10,03;4,884;7;679,00;22,07;6;;1,40
2025-01-22;GCAMP001;Search | Finanças do Zero | Marca;Search;GAG001;Marca Lucas Martins;"lucas martins investimentos; carteira inteligente curso";Finanças do Zero;3136;146;35,44;0,24;11,30;4,670;7;679,00;19,16;8;;1,90
2025-01-23;GCAMP001;Search | Finanças do Zero | Marca;Search;GAG001;Marca Lucas Martins;"lucas martins investimentos; carteira inteligente curso";Finanças do Zero;4279;193;38,94;0,20;9,10;4,520;8;776,00;19,93;10;;1,50
2025-01-24;GCAMP001;Search | Finanças do Zero | Marca;Search;GAG001;Marca Lucas Martins;"lucas martins investimentos; carteira inteligente curso";Finanças do Zero;2668;107;34,40;0,32;12,89;4,045;5;485,00;14,10;7;;1,60
2025-01-25;GCAMP001;Search | Finanças do Zero | Marca;Search;GAG001;Marca Lucas Martins;"lucas martins investimentos; carteira inteligente curso";Finanças do Zero;2727;109;39,18;0,36;14,37;3,999;4;388,00;9,90;8;;1,50
2025-01-26;GCAMP001;Search | Finanças do Zero | Marca;Search;GAG001;Marca Lucas Martins;"lucas martins investimentos; carteira inteligente curso";Finanças do Zero;3250;154;40,05;0,26;12,32;4,743;7;679,00;16,95;10;;1,70
2025-01-27;GCAMP001;Search | Finanças do Zero | Marca;Search;GAG001;Marca Lucas Martins;"lucas martins investimentos; carteira inteligente curso";Finanças do Zero;3537;173;35,72;0,21;10,10;4,908;8;776,00;21,72;8;;1,60
2025-01-28;GCAMP001;Search | Finanças do Zero | Marca;Search;GAG001;Marca Lucas Martins;"lucas martins investimentos; carteira inteligente curso";Finanças do Zero;2620;118;36,88;0,31;14,08;4,527;5;485,00;13,15;7;;2,00
2025-01-29;GCAMP001;Search | Finanças do Zero | Marca;Search;GAG001;Marca Lucas Martins;"lucas martins investimentos; carteira inteligente curso";Finanças do Zero;2638;125;30,79;0,25;11,67;4,739;5;485,00;15,75;9;;1,60
2025-01-30;GCAMP001;Search | Finanças do Zero | Marca;Search;GAG001;Marca Lucas Martins;"lucas martins investimentos; carteira inteligente curso";Finanças do Zero;2545;123;32,79;0,27;12,88;4,836;4;388,00;11,83;7;;1,30
2025-01-31;GCAMP001;Search | Finanças do Zero | Marca;Search;GAG001;Marca Lucas Martins;"lucas martins investimentos; carteira inteligente curso";Finanças do Zero;2765;131;36,47;0,28;13,19;4,739;5;485,00;13,30;8;;2,20
2024-02-01;GCAMP002;Search | Curso Investimentos | Genérico;Search;GAG002;Curso Finanças Iniciantes;"curso financas pessoais; como investir dinheiro";Finanças do Zero;1584;65;23,09;0,36;14,58;4,112;2;194,00;8,40;10;;1,70
2024-02-02;GCAMP002;Search | Curso Investimentos | Genérico;Search;GAG002;Curso Finanças Iniciantes;"curso financas pessoais; como investir dinheiro";Finanças do Zero;2017;100;25,29;0,25;12,54;4,958;4;388,00;15,34;8;;2,00
2024-02-03;GCAMP002;Search | Curso Investimentos | Genérico;Search;GAG002;Curso Finanças Iniciantes;"curso financas pessoais; como investir dinheiro";Finanças do Zero;3517;155;27,37;0,18;7,78;4,426;6;582,00;21,26;7;;2,20
2024-02-04;GCAMP002;Search | Curso Investimentos | Genérico;Search;GAG002;Curso Finanças Iniciantes;"curso financas pessoais; como investir dinheiro";Finanças do Zero;2807;119;24,49;0,21;8,73;4,246;4;388,00;15,84;6;;2,00
2024-02-05;GCAMP002;Search | Curso Investimentos | Genérico;Search;GAG002;Curso Finanças Iniciantes;"curso financas pessoais; como investir dinheiro";Finanças do Zero;2199;88;23,93;0,27;10,88;4,018;3;291,00;12,16;9;;1,70
2024-02-06;GCAMP002;Search | Curso Investimentos | Genérico;Search;GAG002;Curso Finanças Iniciantes;"curso financas pessoais; como investir dinheiro";Finanças do Zero;2390;110;22,60;0,21;9,45;4,604;4;388,00;17,17;10;;1,50
2024-02-07;GCAMP002;Search | Curso Investimentos | Genérico;Search;GAG002;Curso Finanças Iniciantes;"curso financas pessoais; como investir dinheiro";Finanças do Zero;2493;104;25,30;0,24;10,15;4,178;4;388,00;15,34;6;;1,70
2024-02-08;GCAMP002;Search | Curso Investimentos | Genérico;Search;GAG002;Curso Finanças Iniciantes;"curso financas pessoais; como investir dinheiro";Finanças do Zero;1645;80;22,85;0,29;13,89;4,891;3;291,00;12,74;9;;1,80
2024-02-09;GCAMP002;Search | Curso Investimentos | Genérico;Search;GAG002;Curso Finanças Iniciantes;"curso financas pessoais; como investir dinheiro";Finanças do Zero;2072;102;24,20;0,24;11,68;4,944;5;485,00;20,04;7;;1,70
2024-02-10;GCAMP002;Search | Curso Investimentos | Genérico;Search;GAG002;Curso Finanças Iniciantes;"curso financas pessoais; como investir dinheiro";Finanças do Zero;2360;115;25,25;0,22;10,70;4,890;5;485,00;19,21;9;;1,30
2024-02-11;GCAMP002;Search | Curso Investimentos | Genérico;Search;GAG002;Curso Finanças Iniciantes;"curso financas pessoais; como investir dinheiro";Finanças do Zero;2874;134;22,50;0,17;7,83;4,695;5;485,00;21,56;7;;1,50
2024-02-12;GCAMP002;Search | Curso Investimentos | Genérico;Search;GAG002;Curso Finanças Iniciantes;"curso financas pessoais; como investir dinheiro";Finanças do Zero;3299;150;23,96;0,16;7,26;4,576;6;582,00;24,29;8;;1,70
2024-02-13;GCAMP002;Search | Curso Investimentos | Genérico;Search;GAG002;Curso Finanças Iniciantes;"curso financas pessoais; como investir dinheiro";Finanças do Zero;2245;105;27,11;0,26;12,08;4,686;5;485,00;17,89;7;;1,80
2024-02-14;GCAMP002;Search | Curso Investimentos | Genérico;Search;GAG002;Curso Finanças Iniciantes;"curso financas pessoais; como investir dinheiro";Finanças do Zero;2300;108;29,46;0,27;12,81;4,709;3;291,00;9,88;10;;1,30
2024-02-15;GCAMP002;Search | Curso Investimentos | Genérico;Search;GAG002;Curso Finanças Iniciantes;"curso financas pessoais; como investir dinheiro";Finanças do Zero;2353;109;20,23;0,19;8,60;4,652;3;291,00;14,38;9;;1,50
2024-02-16;GCAMP002;Search | Curso Investimentos | Genérico;Search;GAG002;Curso Finanças Iniciantes;"curso financas pessoais; como investir dinheiro";Finanças do Zero;2965;141;26,06;0,18;8,79;4,782;5;485,00;18,61;10;;2,00
2024-02-17;GCAMP002;Search | Curso Investimentos | Genérico;Search;GAG002;Curso Finanças Iniciantes;"curso financas pessoais; como investir dinheiro";Finanças do Zero;1747;73;29,84;0,41;17,08;4,235;3;291,00;9,75;7;;1,70
2024-02-18;GCAMP002;Search | Curso Investimentos | Genérico;Search;GAG002;Curso Finanças Iniciantes;"curso financas pessoais; como investir dinheiro";Finanças do Zero;3115;123;28,42;0,23;9,12;3,968;5;485,00;17,07;7;;1,80
2024-02-19;GCAMP002;Search | Curso Investimentos | Genérico;Search;GAG002;Curso Finanças Iniciantes;"curso financas pessoais; como investir dinheiro";Finanças do Zero;2248;110;25,41;0,23;11,30;4,896;5;485,00;19,09;7;;2,10
2024-02-20;GCAMP002;Search | Curso Investimentos | Genérico;Search;GAG002;Curso Finanças Iniciantes;"curso financas pessoais; como investir dinheiro";Finanças do Zero;2721;129;24,04;0,19;8,83;4,759;5;485,00;20,17;10;;1,60
2024-02-21;GCAMP002;Search | Curso Investimentos | Genérico;Search;GAG002;Curso Finanças Iniciantes;"curso financas pessoais; como investir dinheiro";Finanças do Zero;3128;157;28,15;0,18;9,00;5,033;7;679,00;24,12;10;;2,20
2024-02-22;GCAMP002;Search | Curso Investimentos | Genérico;Search;GAG002;Curso Finanças Iniciantes;"curso financas pessoais; como investir dinheiro";Finanças do Zero;2360;118;31,15;0,26;13,20;5,036;4;388,00;12,46;8;;1,70
2024-02-23;GCAMP002;Search | Curso Investimentos | Genérico;Search;GAG002;Curso Finanças Iniciantes;"curso financas pessoais; como investir dinheiro";Finanças do Zero;2718;125;28,90;0,23;10,63;4,629;4;388,00;13,43;8;;1,40
2024-02-24;GCAMP002;Search | Curso Investimentos | Genérico;Search;GAG002;Curso Finanças Iniciantes;"curso financas pessoais; como investir dinheiro";Finanças do Zero;3219;148;30,40;0,21;9,44;4,616;6;582,00;19,14;9;;1,50
2024-02-25;GCAMP002;Search | Curso Investimentos | Genérico;Search;GAG002;Curso Finanças Iniciantes;"curso financas pessoais; como investir dinheiro";Finanças do Zero;2556;126;23,51;0,19;9,20;4,943;6;582,00;24,76;8;;1,50
2024-02-26;GCAMP002;Search | Curso Investimentos | Genérico;Search;GAG002;Curso Finanças Iniciantes;"curso financas pessoais; como investir dinheiro";Finanças do Zero;1620;75;20,00;0,27;12,34;4,654;3;291,00;14,55;6;;2,10
2024-02-27;GCAMP002;Search | Curso Investimentos | Genérico;Search;GAG002;Curso Finanças Iniciantes;"curso financas pessoais; como investir dinheiro";Finanças do Zero;1739;71;28,39;0,40;16,33;4,087;3;291,00;10,25;8;;1,50
2024-02-28;GCAMP002;Search | Curso Investimentos | Genérico;Search;GAG002;Curso Finanças Iniciantes;"curso financas pessoais; como investir dinheiro";Finanças do Zero;2574;110;23,53;0,21;9,14;4,276;5;485,00;20,61;10;;1,40
2024-02-29;GCAMP002;Search | Curso Investimentos | Genérico;Search;GAG002;Curso Finanças Iniciantes;"curso financas pessoais; como investir dinheiro";Finanças do Zero;2890;143;20,24;0,14;7,00;4,968;7;679,00;33,55;8;;1,80
2024-03-01;GCAMP002;Search | Curso Investimentos | Genérico;Search;GAG002;Curso Finanças Iniciantes;"curso financas pessoais; como investir dinheiro";Finanças do Zero;5318;262;46,04;0,18;8,66;4,943;20;1940,00;42,14;8;;1,80
2024-03-02;GCAMP002;Search | Curso Investimentos | Genérico;Search;GAG002;Curso Finanças Iniciantes;"curso financas pessoais; como investir dinheiro";Finanças do Zero;4451;197;65,43;0,33;14,70;4,439;13;1261,00;19,27;7;;1,90
2024-03-03;GCAMP002;Search | Curso Investimentos | Genérico;Search;GAG002;Curso Finanças Iniciantes;"curso financas pessoais; como investir dinheiro";Finanças do Zero;5947;281;61,98;0,22;10,42;4,734;17;1649,00;26,61;10;;2,20
2024-03-04;GCAMP002;Search | Curso Investimentos | Genérico;Search;GAG002;Curso Finanças Iniciantes;"curso financas pessoais; como investir dinheiro";Finanças do Zero;3610;148;63,05;0,43;17,47;4,117;11;1067,00;16,92;7;;1,70
2024-03-05;GCAMP002;Search | Curso Investimentos | Genérico;Search;GAG002;Curso Finanças Iniciantes;"curso financas pessoais; como investir dinheiro";Finanças do Zero;4101;204;62,65;0,31;15,28;4,993;12;1164,00;18,58;8;;1,70
2024-03-06;GCAMP002;Search | Curso Investimentos | Genérico;Search;GAG002;Curso Finanças Iniciantes;"curso financas pessoais; como investir dinheiro";Finanças do Zero;6064;274;74,56;0,27;12,30;4,528;17;1649,00;22,12;8;;1,90
2024-03-07;GCAMP002;Search | Curso Investimentos | Genérico;Search;GAG002;Curso Finanças Iniciantes;"curso financas pessoais; como investir dinheiro";Finanças do Zero;7732;341;77,12;0,23;9,97;4,417;26;2522,00;32,70;8;;2,20
2024-03-08;GCAMP002;Search | Curso Investimentos | Genérico;Search;GAG002;Curso Finanças Iniciantes;"curso financas pessoais; como investir dinheiro";Finanças do Zero;7106;333;77,91;0,23;10,96;4,689;25;2425,00;31,13;8;;1,80
2024-03-09;GCAMP002;Search | Curso Investimentos | Genérico;Search;GAG002;Curso Finanças Iniciantes;"curso financas pessoais; como investir dinheiro";Finanças do Zero;10280;500;95,30;0,19;9,27;4,873;33;3201,00;33,59;7;;2,00
2024-03-10;GCAMP002;Search | Curso Investimentos | Genérico;Search;GAG002;Curso Finanças Iniciantes;"curso financas pessoais; como investir dinheiro";Finanças do Zero;9112;451;88,37;0,20;9,70;4,951;35;3395,00;38,42;9;;1,90
2024-03-11;GCAMP002;Search | Curso Investimentos | Genérico;Search;GAG002;Curso Finanças Iniciantes;"curso financas pessoais; como investir dinheiro";Finanças do Zero;12177;587;122,65;0,21;10,07;4,824;37;3589,00;29,26;8;;1,80
2024-03-12;GCAMP002;Search | Curso Investimentos | Genérico;Search;GAG002;Curso Finanças Iniciantes;"curso financas pessoais; como investir dinheiro";Finanças do Zero;7532;309;102,07;0,33;13,55;4,105;20;1940,00;19,01;8;;1,60
2024-03-13;GCAMP002;Search | Curso Investimentos | Genérico;Search;GAG002;Curso Finanças Iniciantes;"curso financas pessoais; como investir dinheiro";Finanças do Zero;12150;545;135,30;0,25;11,14;4,493;42;4074,00;30,11;8;;1,60
2024-03-14;GCAMP002;Search | Curso Investimentos | Genérico;Search;GAG002;Curso Finanças Iniciantes;"curso financas pessoais; como investir dinheiro";Finanças do Zero;9672;398;135,41;0,34;14,00;4,120;27;2619,00;19,34;7;;1,80
2024-03-15;GCAMP002;Search | Curso Investimentos | Genérico;Search;GAG002;Curso Finanças Iniciantes;"curso financas pessoais; como investir dinheiro";Finanças do Zero;8492;401;148,77;0,37;17,52;4,728;31;3007,00;20,21;10;;2,30
2024-03-16;GCAMP002;Search | Curso Investimentos | Genérico;Search;GAG002;Curso Finanças Iniciantes;"curso financas pessoais; como investir dinheiro";Finanças do Zero;11292;497;150,49;0,30;13,33;4,409;39;3783,00;25,14;6;;1,70
2024-03-17;GCAMP002;Search | Curso Investimentos | Genérico;Search;GAG002;Curso Finanças Iniciantes;"curso financas pessoais; como investir dinheiro";Finanças do Zero;11578;511;129,51;0,25;11,19;4,416;29;2813,00;21,72;8;;1,70
2024-03-18;GCAMP002;Search | Curso Investimentos | Genérico;Search;GAG002;Curso Finanças Iniciantes;"curso financas pessoais; como investir dinheiro";Finanças do Zero;14552;698;113,70;0,16;7,81;4,799;42;4074,00;35,83;6;;1,70
2024-03-19;GCAMP002;Search | Curso Investimentos | Genérico;Search;GAG002;Curso Finanças Iniciantes;"curso financas pessoais; como investir dinheiro";Finanças do Zero;7722;318;95,69;0,30;12,39;4,125;21;2037,00;21,29;8;;1,50
2024-03-20;GCAMP002;Search | Curso Investimentos | Genérico;Search;GAG002;Curso Finanças Iniciantes;"curso financas pessoais; como investir dinheiro";Finanças do Zero;7007;286;96,90;0,34;13,83;4,082;17;1649,00;17,02;9;;2,20
2024-03-21;GCAMP002;Search | Curso Investimentos | Genérico;Search;GAG002;Curso Finanças Iniciantes;"curso financas pessoais; como investir dinheiro";Finanças do Zero;5949;297;94,43;0,32;15,87;4,997;17;1649,00;17,46;8;;1,60
2024-03-22;GCAMP002;Search | Curso Investimentos | Genérico;Search;GAG002;Curso Finanças Iniciantes;"curso financas pessoais; como investir dinheiro";Finanças do Zero;7657;379;94,89;0,25;12,39;4,958;30;2910,00;30,67;9;;2,30
2024-03-23;GCAMP002;Search | Curso Investimentos | Genérico;Search;GAG002;Curso Finanças Iniciantes;"curso financas pessoais; como investir dinheiro";Finanças do Zero;8017;386;95,35;0,25;11,89;4,818;25;2425,00;25,43;9;;1,70
2024-03-24;GCAMP002;Search | Curso Investimentos | Genérico;Search;GAG002;Curso Finanças Iniciantes;"curso financas pessoais; como investir dinheiro";Finanças do Zero;7144;341;60,66;0,18;8,49;4,779;25;2425,00;39,98;10;;1,40
2024-03-25;GCAMP002;Search | Curso Investimentos | Genérico;Search;GAG002;Curso Finanças Iniciantes;"curso financas pessoais; como investir dinheiro";Finanças do Zero;6234;260;65,79;0,25;10,55;4,177;16;1552,00;23,59;8;;2,00
2024-03-26;GCAMP002;Search | Curso Investimentos | Genérico;Search;GAG002;Curso Finanças Iniciantes;"curso financas pessoais; como investir dinheiro";Finanças do Zero;6045;286;62,57;0,22;10,35;4,736;17;1649,00;26,35;9;;1,90
2024-03-27;GCAMP002;Search | Curso Investimentos | Genérico;Search;GAG002;Curso Finanças Iniciantes;"curso financas pessoais; como investir dinheiro";Finanças do Zero;7147;357;70,96;0,20;9,93;5,003;25;2425,00;34,17;9;;1,30
2024-03-28;GCAMP002;Search | Curso Investimentos | Genérico;Search;GAG002;Curso Finanças Iniciantes;"curso financas pessoais; como investir dinheiro";Finanças do Zero;6963;313;56,74;0,18;8,15;4,507;22;2134,00;37,61;6;;1,30
2024-03-29;GCAMP002;Search | Curso Investimentos | Genérico;Search;GAG002;Curso Finanças Iniciantes;"curso financas pessoais; como investir dinheiro";Finanças do Zero;5382;217;49,73;0,23;9,24;4,045;16;1552,00;31,21;7;;1,30
2024-03-30;GCAMP002;Search | Curso Investimentos | Genérico;Search;GAG002;Curso Finanças Iniciantes;"curso financas pessoais; como investir dinheiro";Finanças do Zero;3529;146;56,99;0,39;16,15;4,165;8;776,00;13,62;7;;2,30
2024-03-31;GCAMP002;Search | Curso Investimentos | Genérico;Search;GAG002;Curso Finanças Iniciantes;"curso financas pessoais; como investir dinheiro";Finanças do Zero;4374;216;56,78;0,26;12,98;4,942;16;1552,00;27,33;10;;1,90
2024-04-01;GCAMP002;Search | Curso Investimentos | Genérico;Search;GAG002;Curso Finanças Iniciantes;"curso financas pessoais; como investir dinheiro";Finanças do Zero;1850;92;25,79;0,28;13,94;4,988;4;388,00;15,04;10;;1,60
2024-04-02;GCAMP002;Search | Curso Investimentos | Genérico;Search;GAG002;Curso Finanças Iniciantes;"curso financas pessoais; como investir dinheiro";Finanças do Zero;2244;107;30,42;0,28;13,55;4,776;4;388,00;12,75;7;;2,10
2024-04-03;GCAMP002;Search | Curso Investimentos | Genérico;Search;GAG002;Curso Finanças Iniciantes;"curso financas pessoais; como investir dinheiro";Finanças do Zero;2456;97;22,78;0,23;9,28;3,969;4;388,00;17,03;6;;1,50
2024-04-04;GCAMP002;Search | Curso Investimentos | Genérico;Search;GAG002;Curso Finanças Iniciantes;"curso financas pessoais; como investir dinheiro";Finanças do Zero;2483;111;21,81;0,20;8,78;4,479;5;485,00;22,24;8;;1,60
2024-04-05;GCAMP002;Search | Curso Investimentos | Genérico;Search;GAG002;Curso Finanças Iniciantes;"curso financas pessoais; como investir dinheiro";Finanças do Zero;2033;97;24,30;0,25;11,95;4,788;4;388,00;15,97;10;;2,10
2024-04-06;GCAMP002;Search | Curso Investimentos | Genérico;Search;GAG002;Curso Finanças Iniciantes;"curso financas pessoais; como investir dinheiro";Finanças do Zero;2560;110;24,98;0,23;9,76;4,313;5;485,00;19,42;9;;1,70
2024-04-07;GCAMP002;Search | Curso Investimentos | Genérico;Search;GAG002;Curso Finanças Iniciantes;"curso financas pessoais; como investir dinheiro";Finanças do Zero;2384;102;30,93;0,30;12,97;4,296;4;388,00;12,54;8;;2,30
2024-04-08;GCAMP002;Search | Curso Investimentos | Genérico;Search;GAG002;Curso Finanças Iniciantes;"curso financas pessoais; como investir dinheiro";Finanças do Zero;2462;118;24,93;0,21;10,13;4,817;4;388,00;15,56;6;;2,10
2024-04-09;GCAMP002;Search | Curso Investimentos | Genérico;Search;GAG002;Curso Finanças Iniciantes;"curso financas pessoais; como investir dinheiro";Finanças do Zero;2033;83;25,38;0,31;12,49;4,116;3;291,00;11,47;7;;1,90
2024-04-10;GCAMP002;Search | Curso Investimentos | Genérico;Search;GAG002;Curso Finanças Iniciantes;"curso financas pessoais; como investir dinheiro";Finanças do Zero;2310;105;27,99;0,27;12,12;4,560;4;388,00;13,86;10;;1,70
2024-04-11;GCAMP002;Search | Curso Investimentos | Genérico;Search;GAG002;Curso Finanças Iniciantes;"curso financas pessoais; como investir dinheiro";Finanças do Zero;3037;151;22,95;0,15;7,56;4,995;8;776,00;33,81;7;;2,20
2024-04-12;GCAMP002;Search | Curso Investimentos | Genérico;Search;GAG002;Curso Finanças Iniciantes;"curso financas pessoais; como investir dinheiro";Finanças do Zero;2643;126;27,04;0,21;10,23;4,794;6;582,00;21,52;7;;1,50
2024-04-13;GCAMP002;Search | Curso Investimentos | Genérico;Search;GAG002;Curso Finanças Iniciantes;"curso financas pessoais; como investir dinheiro";Finanças do Zero;2150;90;26,72;0,30;12,43;4,205;4;388,00;14,52;10;;2,10
2024-04-14;GCAMP002;Search | Curso Investimentos | Genérico;Search;GAG002;Curso Finanças Iniciantes;"curso financas pessoais; como investir dinheiro";Finanças do Zero;2211;92;24,76;0,27;11,20;4,180;4;388,00;15,67;10;;2,30
2024-04-15;GCAMP002;Search | Curso Investimentos | Genérico;Search;GAG002;Curso Finanças Iniciantes;"curso financas pessoais; como investir dinheiro";Finanças do Zero;2118;101;24,66;0,24;11,64;4,810;4;388,00;15,73;8;;2,00
2024-04-16;GCAMP002;Search | Curso Investimentos | Genérico;Search;GAG002;Curso Finanças Iniciantes;"curso financas pessoais; como investir dinheiro";Finanças do Zero;2299;113;28,37;0,25;12,34;4,949;5;485,00;17,10;9;;1,80
2024-04-17;GCAMP002;Search | Curso Investimentos | Genérico;Search;GAG002;Curso Finanças Iniciantes;"curso financas pessoais; como investir dinheiro";Finanças do Zero;1717;74;28,32;0,38;16,50;4,324;2;194,00;6,85;9;;1,90
2024-04-18;GCAMP002;Search | Curso Investimentos | Genérico;Search;GAG002;Curso Finanças Iniciantes;"curso financas pessoais; como investir dinheiro";Finanças do Zero;2262;112;24,17;0,22;10,68;4,976;5;485,00;20,07;7;;1,40
2024-04-19;GCAMP002;Search | Curso Investimentos | Genérico;Search;GAG002;Curso Finanças Iniciantes;"curso financas pessoais; como investir dinheiro";Finanças do Zero;1823;80;21,20;0,27;11,63;4,429;3;291,00;13,73;8;;1,50
2024-04-20;GCAMP002;Search | Curso Investimentos | Genérico;Search;GAG002;Curso Finanças Iniciantes;"curso financas pessoais; como investir dinheiro";Finanças do Zero;1952;88;25,00;0,28;12,81;4,511;3;291,00;11,64;6;;2,20
2024-04-21;GCAMP002;Search | Curso Investimentos | Genérico;Search;GAG002;Curso Finanças Iniciantes;"curso financas pessoais; como investir dinheiro";Finanças do Zero;1744;79;26,30;0,33;15,08;4,580;3;291,00;11,06;6;;2,10
2024-04-22;GCAMP002;Search | Curso Investimentos | Genérico;Search;GAG002;Curso Finanças Iniciantes;"curso financas pessoais; como investir dinheiro";Finanças do Zero;2303;99;27,32;0,28;11,86;4,302;4;388,00;14,20;10;;1,40
2024-04-23;GCAMP002;Search | Curso Investimentos | Genérico;Search;GAG002;Curso Finanças Iniciantes;"curso financas pessoais; como investir dinheiro";Finanças do Zero;1599;66;24,65;0,37;15,42;4,161;3;291,00;11,81;9;;2,20
2024-04-24;GCAMP002;Search | Curso Investimentos | Genérico;Search;GAG002;Curso Finanças Iniciantes;"curso financas pessoais; como investir dinheiro";Finanças do Zero;2789;125;25,75;0,21;9,23;4,489;6;582,00;22,60;8;;1,40
2024-04-25;GCAMP002;Search | Curso Investimentos | Genérico;Search;GAG002;Curso Finanças Iniciantes;"curso financas pessoais; como investir dinheiro";Finanças do Zero;1535;76;25,32;0,33;16,50;4,954;3;291,00;11,49;6;;2,10
2024-04-26;GCAMP002;Search | Curso Investimentos | Genérico;Search;GAG002;Curso Finanças Iniciantes;"curso financas pessoais; como investir dinheiro";Finanças do Zero;1466;67;25,87;0,39;17,65;4,611;2;194,00;7,50;8;;1,90
2024-04-27;GCAMP002;Search | Curso Investimentos | Genérico;Search;GAG002;Curso Finanças Iniciantes;"curso financas pessoais; como investir dinheiro";Finanças do Zero;2520;108;27,48;0,25;10,91;4,320;3;291,00;10,59;7;;1,60
2024-04-28;GCAMP002;Search | Curso Investimentos | Genérico;Search;GAG002;Curso Finanças Iniciantes;"curso financas pessoais; como investir dinheiro";Finanças do Zero;1738;74;27,86;0,38;16,03;4,273;3;291,00;10,45;7;;1,30
2024-04-29;GCAMP002;Search | Curso Investimentos | Genérico;Search;GAG002;Curso Finanças Iniciantes;"curso financas pessoais; como investir dinheiro";Finanças do Zero;1713;81;30,14;0,37;17,59;4,750;3;291,00;9,65;7;;1,30
2024-04-30;GCAMP002;Search | Curso Investimentos | Genérico;Search;GAG002;Curso Finanças Iniciantes;"curso financas pessoais; como investir dinheiro";Finanças do Zero;2030;99;21,14;0,21;10,41;4,921;4;388,00;18,35;10;;1,80
2024-05-01;GCAMP002;Search | Curso Investimentos | Genérico;Search;GAG002;Curso Finanças Iniciantes;"curso financas pessoais; como investir dinheiro";Finanças do Zero;3143;128;28,12;0,22;8,95;4,079;5;485,00;17,25;7;;1,30
2024-05-02;GCAMP002;Search | Curso Investimentos | Genérico;Search;GAG002;Curso Finanças Iniciantes;"curso financas pessoais; como investir dinheiro";Finanças do Zero;2336;98;22,10;0,23;9,46;4,229;4;388,00;17,56;9;;1,60
2024-05-03;GCAMP002;Search | Curso Investimentos | Genérico;Search;GAG002;Curso Finanças Iniciantes;"curso financas pessoais; como investir dinheiro";Finanças do Zero;1856;75;27,77;0,37;14,96;4,053;3;291,00;10,48;10;;1,30
2024-05-04;GCAMP002;Search | Curso Investimentos | Genérico;Search;GAG002;Curso Finanças Iniciantes;"curso financas pessoais; como investir dinheiro";Finanças do Zero;2196;94;29,97;0,32;13,65;4,325;4;388,00;12,95;6;;2,00
2024-05-05;GCAMP002;Search | Curso Investimentos | Genérico;Search;GAG002;Curso Finanças Iniciantes;"curso financas pessoais; como investir dinheiro";Finanças do Zero;3376;138;29,59;0,21;8,77;4,115;5;485,00;16,39;6;;2,20
2024-05-06;GCAMP002;Search | Curso Investimentos | Genérico;Search;GAG002;Curso Finanças Iniciantes;"curso financas pessoais; como investir dinheiro";Finanças do Zero;2863;134;24,84;0,19;8,68;4,700;5;485,00;19,52;9;;1,90
2024-05-07;GCAMP002;Search | Curso Investimentos | Genérico;Search;GAG002;Curso Finanças Iniciantes;"curso financas pessoais; como investir dinheiro";Finanças do Zero;3126;156;22,49;0,14;7,20;5,009;7;679,00;30,19;9;;1,70
2024-05-08;GCAMP002;Search | Curso Investimentos | Genérico;Search;GAG002;Curso Finanças Iniciantes;"curso financas pessoais; como investir dinheiro";Finanças do Zero;1819;76;29,27;0,39;16,09;4,220;2;194,00;6,63;7;;2,10
2024-05-09;GCAMP002;Search | Curso Investimentos | Genérico;Search;GAG002;Curso Finanças Iniciantes;"curso financas pessoais; como investir dinheiro";Finanças do Zero;1907;81;27,25;0,34;14,29;4,254;3;291,00;10,68;8;;2,30
2024-05-10;GCAMP002;Search | Curso Investimentos | Genérico;Search;GAG002;Curso Finanças Iniciantes;"curso financas pessoais; como investir dinheiro";Finanças do Zero;2405;96;28,06;0,29;11,67;4,021;3;291,00;10,37;7;;2,20
2024-05-11;GCAMP002;Search | Curso Investimentos | Genérico;Search;GAG002;Curso Finanças Iniciantes;"curso financas pessoais; como investir dinheiro";Finanças do Zero;2033;84;31,49;0,37;15,49;4,151;3;291,00;9,24;10;;2,10
2024-05-12;GCAMP002;Search | Curso Investimentos | Genérico;Search;GAG002;Curso Finanças Iniciantes;"curso financas pessoais; como investir dinheiro";Finanças do Zero;3164;144;27,08;0,19;8,56;4,579;5;485,00;17,91;6;;2,20
2024-05-13;GCAMP002;Search | Curso Investimentos | Genérico;Search;GAG002;Curso Finanças Iniciantes;"curso financas pessoais; como investir dinheiro";Finanças do Zero;1817;82;24,04;0,29;13,23;4,548;3;291,00;12,10;6;;1,90
2024-05-14;GCAMP002;Search | Curso Investimentos | Genérico;Search;GAG002;Curso Finanças Iniciantes;"curso financas pessoais; como investir dinheiro";Finanças do Zero;1953;82;26,97;0,33;13,81;4,228;3;291,00;10,79;7;;1,30
2024-05-15;GCAMP002;Search | Curso Investimentos | Genérico;Search;GAG002;Curso Finanças Iniciantes;"curso financas pessoais; como investir dinheiro";Finanças do Zero;2898;120;27,26;0,23;9,41;4,169;4;388,00;14,23;10;;2,10
2024-05-16;GCAMP002;Search | Curso Investimentos | Genérico;Search;GAG002;Curso Finanças Iniciantes;"curso financas pessoais; como investir dinheiro";Finanças do Zero;2048;86;28,29;0,33;13,82;4,245;3;291,00;10,29;7;;1,40
2024-05-17;GCAMP002;Search | Curso Investimentos | Genérico;Search;GAG002;Curso Finanças Iniciantes;"curso financas pessoais; como investir dinheiro";Finanças do Zero;3008;133;23,47;0,18;7,80;4,436;5;485,00;20,66;10;;1,40
2024-05-18;GCAMP002;Search | Curso Investimentos | Genérico;Search;GAG002;Curso Finanças Iniciantes;"curso financas pessoais; como investir dinheiro";Finanças do Zero;3236;135;34,59;0,26;10,69;4,189;6;582,00;16,83;9;;1,40
2024-05-19;GCAMP002;Search | Curso Investimentos | Genérico;Search;GAG002;Curso Finanças Iniciantes;"curso financas pessoais; como investir dinheiro";Finanças do Zero;3193;144;29,39;0,20;9,20;4,532;6;582,00;19,80;8;;1,30
2024-05-20;GCAMP002;Search | Curso Investimentos | Genérico;Search;GAG002;Curso Finanças Iniciantes;"curso financas pessoais; como investir dinheiro";Finanças do Zero;2537;126;28,54;0,23;11,25;5,005;5;485,00;16,99;6;;2,30
2024-05-21;GCAMP002;Search | Curso Investimentos | Genérico;Search;GAG002;Curso Finanças Iniciantes;"curso financas pessoais; como investir dinheiro";Finanças do Zero;3083;141;29,09;0,21;9,43;4,597;6;582,00;20,01;10;;1,50
2024-05-22;GCAMP002;Search | Curso Investimentos | Genérico;Search;GAG002;Curso Finanças Iniciantes;"curso financas pessoais; como investir dinheiro";Finanças do Zero;1808;91;26,67;0,29;14,75;5,035;4;388,00;14,55;6;;1,80
2024-05-23;GCAMP002;Search | Curso Investimentos | Genérico;Search;GAG002;Curso Finanças Iniciantes;"curso financas pessoais; como investir dinheiro";Finanças do Zero;1972;86;28,81;0,33;14,61;4,377;4;388,00;13,47;8;;2,30
2024-05-24;GCAMP002;Search | Curso Investimentos | Genérico;Search;GAG002;Curso Finanças Iniciantes;"curso financas pessoais; como investir dinheiro";Finanças do Zero;3478;150;26,42;0,18;7,60;4,321;7;679,00;25,70;9;;1,30
2024-05-25;GCAMP002;Search | Curso Investimentos | Genérico;Search;GAG002;Curso Finanças Iniciantes;"curso financas pessoais; como investir dinheiro";Finanças do Zero;3249;141;29,25;0,21;9,00;4,358;6;582,00;19,90;6;;1,80
2024-05-26;GCAMP002;Search | Curso Investimentos | Genérico;Search;GAG002;Curso Finanças Iniciantes;"curso financas pessoais; como investir dinheiro";Finanças do Zero;2274;113;28,97;0,26;12,74;4,977;4;388,00;13,39;7;;1,70
2024-05-27;GCAMP002;Search | Curso Investimentos | Genérico;Search;GAG002;Curso Finanças Iniciantes;"curso financas pessoais; como investir dinheiro";Finanças do Zero;3555;166;29,67;0,18;8,35;4,670;8;776,00;26,15;6;;1,40
2024-05-28;GCAMP002;Search | Curso Investimentos | Genérico;Search;GAG002;Curso Finanças Iniciantes;"curso financas pessoais; como investir dinheiro";Finanças do Zero;2541;103;28,75;0,28;11,31;4,087;5;485,00;16,87;7;;1,70
2024-05-29;GCAMP002;Search | Curso Investimentos | Genérico;Search;GAG002;Curso Finanças Iniciantes;"curso financas pessoais; como investir dinheiro";Finanças do Zero;2326;113;20,27;0,18;8,71;4,872;5;485,00;23,93;9;;1,30
2024-05-30;GCAMP002;Search | Curso Investimentos | Genérico;Search;GAG002;Curso Finanças Iniciantes;"curso financas pessoais; como investir dinheiro";Finanças do Zero;3405;149;26,19;0,18;7,69;4,399;5;485,00;18,52;10;;1,80
2024-05-31;GCAMP002;Search | Curso Investimentos | Genérico;Search;GAG002;Curso Finanças Iniciantes;"curso financas pessoais; como investir dinheiro";Finanças do Zero;3340;135;29,31;0,22;8,77;4,051;5;485,00;16,55;9;;1,80
2024-06-01;GCAMP002;Search | Curso Investimentos | Genérico;Search;GAG002;Curso Finanças Iniciantes;"curso financas pessoais; como investir dinheiro";Finanças do Zero;2132;94;33,01;0,35;15,48;4,421;4;388,00;11,75;9;;1,60
2024-06-02;GCAMP002;Search | Curso Investimentos | Genérico;Search;GAG002;Curso Finanças Iniciantes;"curso financas pessoais; como investir dinheiro";Finanças do Zero;2147;92;26,44;0,29;12,31;4,303;3;291,00;11,01;10;;2,00
2024-06-03;GCAMP002;Search | Curso Investimentos | Genérico;Search;GAG002;Curso Finanças Iniciantes;"curso financas pessoais; como investir dinheiro";Finanças do Zero;2958;128;31,87;0,25;10,77;4,342;6;582,00;18,26;7;;1,70
2024-06-04;GCAMP002;Search | Curso Investimentos | Genérico;Search;GAG002;Curso Finanças Iniciantes;"curso financas pessoais; como investir dinheiro";Finanças do Zero;3103;154;25,82;0,17;8,32;4,968;7;679,00;26,30;10;;2,10
2024-06-05;GCAMP002;Search | Curso Investimentos | Genérico;Search;GAG002;Curso Finanças Iniciantes;"curso financas pessoais; como investir dinheiro";Finanças do Zero;1966;85;26,71;0,31;13,58;4,345;4;388,00;14,53;10;;1,70
2024-06-06;GCAMP002;Search | Curso Investimentos | Genérico;Search;GAG002;Curso Finanças Iniciantes;"curso financas pessoais; como investir dinheiro";Finanças do Zero;1957;80;23,88;0,30;12,20;4,101;3;291,00;12,19;8;;1,80
2024-06-07;GCAMP002;Search | Curso Investimentos | Genérico;Search;GAG002;Curso Finanças Iniciantes;"curso financas pessoais; como investir dinheiro";Finanças do Zero;2229;94;31,88;0,34;14,30;4,218;4;388,00;12,17;10;;2,00
2024-06-08;GCAMP002;Search | Curso Investimentos | Genérico;Search;GAG002;Curso Finanças Iniciantes;"curso financas pessoais; como investir dinheiro";Finanças do Zero;3054;138;31,28;0,23;10,24;4,540;6;582,00;18,61;10;;1,80
2024-06-09;GCAMP002;Search | Curso Investimentos | Genérico;Search;GAG002;Curso Finanças Iniciantes;"curso financas pessoais; como investir dinheiro";Finanças do Zero;2290;111;27,23;0,25;11,89;4,870;4;388,00;14,25;9;;2,20
2024-06-10;GCAMP002;Search | Curso Investimentos | Genérico;Search;GAG002;Curso Finanças Iniciantes;"curso financas pessoais; como investir dinheiro";Finanças do Zero;2256;109;23,60;0,22;10,46;4,835;4;388,00;16,44;9;;2,30
2024-06-11;GCAMP002;Search | Curso Investimentos | Genérico;Search;GAG002;Curso Finanças Iniciantes;"curso financas pessoais; como investir dinheiro";Finanças do Zero;1837;73;27,80;0,38;15,13;4,001;2;194,00;6,98;10;;1,80
2024-06-12;GCAMP002;Search | Curso Investimentos | Genérico;Search;GAG002;Curso Finanças Iniciantes;"curso financas pessoais; como investir dinheiro";Finanças do Zero;1907;78;26,46;0,34;13,88;4,103;3;291,00;11,00;9;;1,70
2024-06-13;GCAMP002;Search | Curso Investimentos | Genérico;Search;GAG002;Curso Finanças Iniciantes;"curso financas pessoais; como investir dinheiro";Finanças do Zero;2532;119;22,16;0,19;8,75;4,705;5;485,00;21,89;8;;2,10
2024-06-14;GCAMP002;Search | Curso Investimentos | Genérico;Search;GAG002;Curso Finanças Iniciantes;"curso financas pessoais; como investir dinheiro";Finanças do Zero;2213;90;29,81;0,33;13,47;4,083;3;291,00;9,76;10;;1,50
2024-06-15;GCAMP002;Search | Curso Investimentos | Genérico;Search;GAG002;Curso Finanças Iniciantes;"curso financas pessoais; como investir dinheiro";Finanças do Zero;1944;97;33,10;0,34;17,03;5,011;3;291,00;8,79;7;;1,30
2024-06-16;GCAMP002;Search | Curso Investimentos | Genérico;Search;GAG002;Curso Finanças Iniciantes;"curso financas pessoais; como investir dinheiro";Finanças do Zero;2626;130;32,29;0,25;12,29;4,967;6;582,00;18,02;8;;2,00
2024-06-17;GCAMP002;Search | Curso Investimentos | Genérico;Search;GAG002;Curso Finanças Iniciantes;"curso financas pessoais; como investir dinheiro";Finanças do Zero;2658;123;25,44;0,21;9,57;4,656;5;485,00;19,06;9;;2,00
2024-06-18;GCAMP002;Search | Curso Investimentos | Genérico;Search;GAG002;Curso Finanças Iniciantes;"curso financas pessoais; como investir dinheiro";Finanças do Zero;2549;103;25,20;0,24;9,89;4,045;3;291,00;11,55;7;;2,00
2024-06-19;GCAMP002;Search | Curso Investimentos | Genérico;Search;GAG002;Curso Finanças Iniciantes;"curso financas pessoais; como investir dinheiro";Finanças do Zero;2257;95;27,18;0,29;12,04;4,227;3;291,00;10,71;8;;1,80
2024-06-20;GCAMP002;Search | Curso Investimentos | Genérico;Search;GAG002;Curso Finanças Iniciantes;"curso financas pessoais; como investir dinheiro";Finanças do Zero;2455;109;20,98;0,19;8,55;4,456;4;388,00;18,49;6;;2,10
2024-06-21;GCAMP002;Search | Curso Investimentos | Genérico;Search;GAG002;Curso Finanças Iniciantes;"curso financas pessoais; como investir dinheiro";Finanças do Zero;2540;112;23,65;0,21;9,31;4,447;4;388,00;16,41;10;;1,50
2024-06-22;GCAMP002;Search | Curso Investimentos | Genérico;Search;GAG002;Curso Finanças Iniciantes;"curso financas pessoais; como investir dinheiro";Finanças do Zero;1801;88;28,94;0,33;16,07;4,921;4;388,00;13,41;10;;1,80
2024-06-23;GCAMP002;Search | Curso Investimentos | Genérico;Search;GAG002;Curso Finanças Iniciantes;"curso financas pessoais; como investir dinheiro";Finanças do Zero;2490;104;30,76;0,30;12,35;4,206;4;388,00;12,61;8;;1,50
2024-06-24;GCAMP002;Search | Curso Investimentos | Genérico;Search;GAG002;Curso Finanças Iniciantes;"curso financas pessoais; como investir dinheiro";Finanças do Zero;2304;98;26,06;0,27;11,31;4,284;4;388,00;14,89;10;;1,80
2024-06-25;GCAMP002;Search | Curso Investimentos | Genérico;Search;GAG002;Curso Finanças Iniciantes;"curso financas pessoais; como investir dinheiro";Finanças do Zero;2388;98;30,03;0,31;12,58;4,122;3;291,00;9,69;10;;2,10
2024-06-26;GCAMP002;Search | Curso Investimentos | Genérico;Search;GAG002;Curso Finanças Iniciantes;"curso financas pessoais; como investir dinheiro";Finanças do Zero;3070;141;29,32;0,21;9,55;4,620;6;582,00;19,85;7;;2,30
2024-06-27;GCAMP002;Search | Curso Investimentos | Genérico;Search;GAG002;Curso Finanças Iniciantes;"curso financas pessoais; como investir dinheiro";Finanças do Zero;3213;140;31,36;0,22;9,76;4,359;5;485,00;15,47;10;;1,60
2024-06-28;GCAMP002;Search | Curso Investimentos | Genérico;Search;GAG002;Curso Finanças Iniciantes;"curso financas pessoais; como investir dinheiro";Finanças do Zero;2350;101;26,51;0,26;11,28;4,311;5;485,00;18,29;8;;1,80
2024-06-29;GCAMP002;Search | Curso Investimentos | Genérico;Search;GAG002;Curso Finanças Iniciantes;"curso financas pessoais; como investir dinheiro";Finanças do Zero;3050;148;26,96;0,18;8,84;4,864;7;679,00;25,19;7;;1,70
2024-06-30;GCAMP002;Search | Curso Investimentos | Genérico;Search;GAG002;Curso Finanças Iniciantes;"curso financas pessoais; como investir dinheiro";Finanças do Zero;3550;151;31,02;0,21;8,74;4,267;5;485,00;15,64;7;;2,30
2024-07-01;GCAMP002;Search | Curso Investimentos | Genérico;Search;GAG002;Curso Finanças Iniciantes;"curso financas pessoais; como investir dinheiro";Finanças do Zero;4626;202;64,20;0,32;13,88;4,381;11;1067,00;16,62;7;;1,90
2024-07-02;GCAMP002;Search | Curso Investimentos | Genérico;Search;GAG002;Curso Finanças Iniciantes;"curso financas pessoais; como investir dinheiro";Finanças do Zero;5050;224;52,96;0,24;10,49;4,440;13;1261,00;23,81;9;;1,70
2024-07-03;GCAMP002;Search | Curso Investimentos | Genérico;Search;GAG002;Curso Finanças Iniciantes;"curso financas pessoais; como investir dinheiro";Finanças do Zero;6435;278;58,82;0,21;9,14;4,328;18;1746,00;29,68;6;;2,00
2024-07-04;GCAMP002;Search | Curso Investimentos | Genérico;Search;GAG002;Curso Finanças Iniciantes;"curso financas pessoais; como investir dinheiro";Finanças do Zero;3751;186;55,95;0,30;14,92;4,960;14;1358,00;24,27;6;;1,70
2024-07-05;GCAMP002;Search | Curso Investimentos | Genérico;Search;GAG002;Curso Finanças Iniciantes;"curso financas pessoais; como investir dinheiro";Finanças do Zero;5872;253;66,47;0,26;11,32;4,324;17;1649,00;24,81;6;;2,10
2024-07-06;GCAMP002;Search | Curso Investimentos | Genérico;Search;GAG002;Curso Finanças Iniciantes;"curso financas pessoais; como investir dinheiro";Finanças do Zero;4187;170;60,33;0,35;14,41;4,075;9;873,00;14,47;10;;1,30
2024-07-07;GCAMP002;Search | Curso Investimentos | Genérico;Search;GAG002;Curso Finanças Iniciantes;"curso financas pessoais; como investir dinheiro";Finanças do Zero;7160;290;84,40;0,29;11,79;4,053;22;2134,00;25,28;8;;1,40
2024-07-08;GCAMP002;Search | Curso Investimentos | Genérico;Search;GAG002;Curso Finanças Iniciantes;"curso financas pessoais; como investir dinheiro";Finanças do Zero;5607;266;70,77;0,27;12,62;4,749;18;1746,00;24,67;10;;2,10
2024-07-09;GCAMP002;Search | Curso Investimentos | Genérico;Search;GAG002;Curso Finanças Iniciantes;"curso financas pessoais; como investir dinheiro";Finanças do Zero;10205;501;86,34;0,17;8,46;4,910;32;3104,00;35,95;10;;1,40
2024-07-10;GCAMP002;Search | Curso Investimentos | Genérico;Search;GAG002;Curso Finanças Iniciantes;"curso financas pessoais; como investir dinheiro";Finanças do Zero;8291;333;97,67;0,29;11,78;4,024;24;2328,00;23,84;8;;1,90
2024-07-11;GCAMP002;Search | Curso Investimentos | Genérico;Search;GAG002;Curso Finanças Iniciantes;"curso financas pessoais; como investir dinheiro";Finanças do Zero;12522;582;95,72;0,16;7,64;4,655;35;3395,00;35,47;10;;1,90
2024-07-12;GCAMP002;Search | Curso Investimentos | Genérico;Search;GAG002;Curso Finanças Iniciantes;"curso financas pessoais; como investir dinheiro";Finanças do Zero;10891;464;134,77;0,29;12,37;4,267;27;2619,00;19,43;10;;2,30
2024-07-13;GCAMP002;Search | Curso Investimentos | Genérico;Search;GAG002;Curso Finanças Iniciantes;"curso financas pessoais; como investir dinheiro";Finanças do Zero;11715;487;124,76;0,26;10,65;4,165;37;3589,00;28,77;9;;1,60
2024-07-14;GCAMP002;Search | Curso Investimentos | Genérico;Search;GAG002;Curso Finanças Iniciantes;"curso financas pessoais; como investir dinheiro";Finanças do Zero;7399;349;108,49;0,31;14,66;4,727;21;2037,00;18,78;6;;1,40
2024-07-15;GCAMP002;Search | Curso Investimentos | Genérico;Search;GAG002;Curso Finanças Iniciantes;"curso financas pessoais; como investir dinheiro";Finanças do Zero;12175;522;145,45;0,28;11,95;4,292;35;3395,00;23,34;10;;1,70
2024-07-16;GCAMP002;Search | Curso Investimentos | Genérico;Search;GAG002;Curso Finanças Iniciantes;"curso financas pessoais; como investir dinheiro";Finanças do Zero;9184;417;130,28;0,31;14,19;4,546;33;3201,00;24,57;10;;1,40
2024-07-17;GCAMP002;Search | Curso Investimentos | Genérico;Search;GAG002;Curso Finanças Iniciantes;"curso financas pessoais; como investir dinheiro";Finanças do Zero;12392;617;151,03;0,24;12,19;4,985;48;4656,00;30,83;8;;2,30
2024-07-18;GCAMP002;Search | Curso Investimentos | Genérico;Search;GAG002;Curso Finanças Iniciantes;"curso financas pessoais; como investir dinheiro";Finanças do Zero;13728;686;120,07;0,18;8,75;5,004;39;3783,00;31,51;6;;1,90
2024-07-19;GCAMP002;Search | Curso Investimentos | Genérico;Search;GAG002;Curso Finanças Iniciantes;"curso financas pessoais; como investir dinheiro";Finanças do Zero;6193;279;111,17;0,40;17,95;4,519;16;1552,00;13,96;8;;1,70
2024-07-20;GCAMP002;Search | Curso Investimentos | Genérico;Search;GAG002;Curso Finanças Iniciantes;"curso financas pessoais; como investir dinheiro";Finanças do Zero;13278;559;105,85;0,19;7,97;4,215;33;3201,00;30,24;6;;2,00
2024-07-21;GCAMP002;Search | Curso Investimentos | Genérico;Search;GAG002;Curso Finanças Iniciantes;"curso financas pessoais; como investir dinheiro";Finanças do Zero;9532;403;80,30;0,20;8,42;4,232;26;2522,00;31,41;6;;1,90
2024-07-22;GCAMP002;Search | Curso Investimentos | Genérico;Search;GAG002;Curso Finanças Iniciantes;"curso financas pessoais; como investir dinheiro";Finanças do Zero;7483;321;106,36;0,33;14,21;4,298;25;2425,00;22,80;8;;1,40
2024-07-23;GCAMP002;Search | Curso Investimentos | Genérico;Search;GAG002;Curso Finanças Iniciantes;"curso financas pessoais; como investir dinheiro";Finanças do Zero;6046;268;76,46;0,29;12,65;4,444;16;1552,00;20,30;7;;1,90
2024-07-24;GCAMP002;Search | Curso Investimentos | Genérico;Search;GAG002;Curso Finanças Iniciantes;"curso financas pessoais; como investir dinheiro";Finanças do Zero;7703;360;76,92;0,21;9,99;4,674;24;2328,00;30,27;9;;2,00
2024-07-25;GCAMP002;Search | Curso Investimentos | Genérico;Search;GAG002;Curso Finanças Iniciantes;"curso financas pessoais; como investir dinheiro";Finanças do Zero;6321;298;79,58;0,27;12,59;4,717;20;1940,00;24,38;7;;1,30
2024-07-26;GCAMP002;Search | Curso Investimentos | Genérico;Search;GAG002;Curso Finanças Iniciantes;"curso financas pessoais; como investir dinheiro";Finanças do Zero;5291;257;54,95;0,21;10,38;4,870;15;1455,00;26,48;7;;2,00
2024-07-27;GCAMP002;Search | Curso Investimentos | Genérico;Search;GAG002;Curso Finanças Iniciantes;"curso financas pessoais; como investir dinheiro";Finanças do Zero;4804;225;70,02;0,31;14,57;4,703;16;1552,00;22,17;9;;2,30
2024-07-28;GCAMP002;Search | Curso Investimentos | Genérico;Search;GAG002;Curso Finanças Iniciantes;"curso financas pessoais; como investir dinheiro";Finanças do Zero;6122;251;50,04;0,20;8,17;4,109;16;1552,00;31,02;8;;2,20
2024-07-29;GCAMP002;Search | Curso Investimentos | Genérico;Search;GAG002;Curso Finanças Iniciantes;"curso financas pessoais; como investir dinheiro";Finanças do Zero;6771;311;51,86;0,17;7,66;4,600;18;1746,00;33,67;9;;2,10
2024-07-30;GCAMP002;Search | Curso Investimentos | Genérico;Search;GAG002;Curso Finanças Iniciantes;"curso financas pessoais; como investir dinheiro";Finanças do Zero;5953;271;64,97;0,24;10,91;4,555;16;1552,00;23,89;6;;2,10
2024-07-31;GCAMP002;Search | Curso Investimentos | Genérico;Search;GAG002;Curso Finanças Iniciantes;"curso financas pessoais; como investir dinheiro";Finanças do Zero;6018;297;52,90;0,18;8,79;4,940;23;2231,00;42,17;7;;2,10
2024-08-01;GCAMP002;Search | Curso Investimentos | Genérico;Search;GAG002;Curso Finanças Iniciantes;"curso financas pessoais; como investir dinheiro";Finanças do Zero;2683;120;30,12;0,25;11,23;4,476;6;582,00;19,32;8;;1,50
2024-08-02;GCAMP002;Search | Curso Investimentos | Genérico;Search;GAG002;Curso Finanças Iniciantes;"curso financas pessoais; como investir dinheiro";Finanças do Zero;2650;127;27,79;0,22;10,49;4,795;5;485,00;17,45;10;;1,70
2024-08-03;GCAMP002;Search | Curso Investimentos | Genérico;Search;GAG002;Curso Finanças Iniciantes;"curso financas pessoais; como investir dinheiro";Finanças do Zero;3232;151;28,70;0,19;8,88;4,696;7;679,00;23,66;7;;1,60
2024-08-04;GCAMP002;Search | Curso Investimentos | Genérico;Search;GAG002;Curso Finanças Iniciantes;"curso financas pessoais; como investir dinheiro";Finanças do Zero;2252;89;28,41;0,32;12,62;3,967;4;388,00;13,66;6;;1,80
2024-08-05;GCAMP002;Search | Curso Investimentos | Genérico;Search;GAG002;Curso Finanças Iniciantes;"curso financas pessoais; como investir dinheiro";Finanças do Zero;2766;132;25,15;0,19;9,09;4,796;5;485,00;19,28;10;;1,90
2024-08-06;GCAMP002;Search | Curso Investimentos | Genérico;Search;GAG002;Curso Finanças Iniciantes;"curso financas pessoais; como investir dinheiro";Finanças do Zero;2614;116;29,19;0,25;11,17;4,453;5;485,00;16,62;9;;1,40
2024-08-07;GCAMP002;Search | Curso Investimentos | Genérico;Search;GAG002;Curso Finanças Iniciantes;"curso financas pessoais; como investir dinheiro";Finanças do Zero;2002;86;24,90;0,29;12,44;4,311;3;291,00;11,69;8;;1,90
2024-08-08;GCAMP002;Search | Curso Investimentos | Genérico;Search;GAG002;Curso Finanças Iniciantes;"curso financas pessoais; como investir dinheiro";Finanças do Zero;2035;100;29,39;0,29;14,44;4,932;4;388,00;13,20;7;;2,10
2024-08-09;GCAMP002;Search | Curso Investimentos | Genérico;Search;GAG002;Curso Finanças Iniciantes;"curso financas pessoais; como investir dinheiro";Finanças do Zero;3185;147;28,32;0,19;8,89;4,621;5;485,00;17,13;9;;1,50
2024-08-10;GCAMP002;Search | Curso Investimentos | Genérico;Search;GAG002;Curso Finanças Iniciantes;"curso financas pessoais; como investir dinheiro";Finanças do Zero;2210;109;28,32;0,26;12,82;4,958;5;485,00;17,13;9;;1,60
2024-08-11;GCAMP002;Search | Curso Investimentos | Genérico;Search;GAG002;Curso Finanças Iniciantes;"curso financas pessoais; como investir dinheiro";Finanças do Zero;2177;108;25,39;0,24;11,66;4,966;5;485,00;19,10;10;;1,30
2024-08-12;GCAMP002;Search | Curso Investimentos | Genérico;Search;GAG002;Curso Finanças Iniciantes;"curso financas pessoais; como investir dinheiro";Finanças do Zero;2892;129;29,54;0,23;10,21;4,491;6;582,00;19,70;7;;1,40
2024-08-13;GCAMP002;Search | Curso Investimentos | Genérico;Search;GAG002;Curso Finanças Iniciantes;"curso financas pessoais; como investir dinheiro";Finanças do Zero;2294;111;27,45;0,25;11,97;4,871;4;388,00;14,13;6;;2,30
2024-08-14;GCAMP002;Search | Curso Investimentos | Genérico;Search;GAG002;Curso Finanças Iniciantes;"curso financas pessoais; como investir dinheiro";Finanças do Zero;3093;129;27,25;0,21;8,81;4,194;4;388,00;14,24;10;;1,30
2024-08-15;GCAMP002;Search | Curso Investimentos | Genérico;Search;GAG002;Curso Finanças Iniciantes;"curso financas pessoais; como investir dinheiro";Finanças do Zero;2639;122;25,71;0,21;9,74;4,632;6;582,00;22,64;8;;2,30
2024-08-16;GCAMP002;Search | Curso Investimentos | Genérico;Search;GAG002;Curso Finanças Iniciantes;"curso financas pessoais; como investir dinheiro";Finanças do Zero;2348;111;28,34;0,26;12,07;4,769;5;485,00;17,11;6;;1,30
2024-08-17;GCAMP002;Search | Curso Investimentos | Genérico;Search;GAG002;Curso Finanças Iniciantes;"curso financas pessoais; como investir dinheiro";Finanças do Zero;3200;141;29,24;0,21;9,14;4,417;6;582,00;19,90;7;;1,30
2024-08-18;GCAMP002;Search | Curso Investimentos | Genérico;Search;GAG002;Curso Finanças Iniciantes;"curso financas pessoais; como investir dinheiro";Finanças do Zero;2934;147;25,87;0,18;8,82;5,030;5;485,00;18,75;10;;1,80
2024-08-19;GCAMP002;Search | Curso Investimentos | Genérico;Search;GAG002;Curso Finanças Iniciantes;"curso financas pessoais; como investir dinheiro";Finanças do Zero;2005;95;24,04;0,25;11,99;4,751;5;485,00;20,17;8;;2,00
2024-08-20;GCAMP002;Search | Curso Investimentos | Genérico;Search;GAG002;Curso Finanças Iniciantes;"curso financas pessoais; como investir dinheiro";Finanças do Zero;1973;80;25,90;0,32;13,13;4,063;3;291,00;11,24;9;;1,60
2024-08-21;GCAMP002;Search | Curso Investimentos | Genérico;Search;GAG002;Curso Finanças Iniciantes;"curso financas pessoais; como investir dinheiro";Finanças do Zero;3241;160;27,52;0,17;8,49;4,951;7;679,00;24,67;8;;1,30
2024-08-22;GCAMP002;Search | Curso Investimentos | Genérico;Search;GAG002;Curso Finanças Iniciantes;"curso financas pessoais; como investir dinheiro";Finanças do Zero;2344;96;24,17;0,25;10,31;4,105;4;388,00;16,05;9;;1,90
2024-08-23;GCAMP002;Search | Curso Investimentos | Genérico;Search;GAG002;Curso Finanças Iniciantes;"curso financas pessoais; como investir dinheiro";Finanças do Zero;2511;104;28,74;0,28;11,45;4,167;4;388,00;13,50;10;;1,90
2024-08-24;GCAMP002;Search | Curso Investimentos | Genérico;Search;GAG002;Curso Finanças Iniciantes;"curso financas pessoais; como investir dinheiro";Finanças do Zero;3371;138;28,83;0,21;8,55;4,099;5;485,00;16,82;8;;2,00
2024-08-25;GCAMP002;Search | Curso Investimentos | Genérico;Search;GAG002;Curso Finanças Iniciantes;"curso financas pessoais; como investir dinheiro";Finanças do Zero;2783;114;25,13;0,22;9,03;4,100;4;388,00;15,44;6;;2,10
2024-08-26;GCAMP002;Search | Curso Investimentos | Genérico;Search;GAG002;Curso Finanças Iniciantes;"curso financas pessoais; como investir dinheiro";Finanças do Zero;1942;90;23,48;0,26;12,09;4,639;3;291,00;12,39;8;;1,70
2024-08-27;GCAMP002;Search | Curso Investimentos | Genérico;Search;GAG002;Curso Finanças Iniciantes;"curso financas pessoais; como investir dinheiro";Finanças do Zero;2517;100;30,06;0,30;11,94;4,011;5;485,00;16,13;7;;2,00
2024-08-28;GCAMP002;Search | Curso Investimentos | Genérico;Search;GAG002;Curso Finanças Iniciantes;"curso financas pessoais; como investir dinheiro";Finanças do Zero;2037;89;26,96;0,30;13,24;4,417;4;388,00;14,39;7;;2,00
2024-08-29;GCAMP002;Search | Curso Investimentos | Genérico;Search;GAG002;Curso Finanças Iniciantes;"curso financas pessoais; como investir dinheiro";Finanças do Zero;2629;118;28,90;0,24;10,99;4,525;6;582,00;20,14;10;;2,30
2024-08-30;GCAMP002;Search | Curso Investimentos | Genérico;Search;GAG002;Curso Finanças Iniciantes;"curso financas pessoais; como investir dinheiro";Finanças do Zero;3118;151;27,55;0,18;8,83;4,849;6;582,00;21,13;9;;2,30
2024-08-31;GCAMP002;Search | Curso Investimentos | Genérico;Search;GAG002;Curso Finanças Iniciantes;"curso financas pessoais; como investir dinheiro";Finanças do Zero;2370;110;29,69;0,27;12,53;4,669;4;388,00;13,07;10;;1,40
2024-09-01;GCAMP002;Search | Curso Investimentos | Genérico;Search;GAG002;Curso Finanças Iniciantes;"curso financas pessoais; como investir dinheiro";Finanças do Zero;2456;114;31,07;0,27;12,65;4,647;4;388,00;12,49;9;;1,50
2024-09-02;GCAMP002;Search | Curso Investimentos | Genérico;Search;GAG002;Curso Finanças Iniciantes;"curso financas pessoais; como investir dinheiro";Finanças do Zero;1647;71;26,14;0,37;15,87;4,329;3;291,00;11,13;6;;2,00
2024-09-03;GCAMP002;Search | Curso Investimentos | Genérico;Search;GAG002;Curso Finanças Iniciantes;"curso financas pessoais; como investir dinheiro";Finanças do Zero;3026;123;29,94;0,24;9,90;4,083;5;485,00;16,20;9;;2,30
2024-09-04;GCAMP002;Search | Curso Investimentos | Genérico;Search;GAG002;Curso Finanças Iniciantes;"curso financas pessoais; como investir dinheiro";Finanças do Zero;2261;106;26,44;0,25;11,70;4,692;5;485,00;18,34;6;;1,60
2024-09-05;GCAMP002;Search | Curso Investimentos | Genérico;Search;GAG002;Curso Finanças Iniciantes;"curso financas pessoais; como investir dinheiro";Finanças do Zero;2089;87;27,98;0,32;13,39;4,168;4;388,00;13,87;10;;1,90
2024-09-06;GCAMP002;Search | Curso Investimentos | Genérico;Search;GAG002;Curso Finanças Iniciantes;"curso financas pessoais; como investir dinheiro";Finanças do Zero;1974;85;24,52;0,29;12,42;4,351;3;291,00;11,87;7;;2,10
2024-09-07;GCAMP002;Search | Curso Investimentos | Genérico;Search;GAG002;Curso Finanças Iniciantes;"curso financas pessoais; como investir dinheiro";Finanças do Zero;2805;120;27,51;0,23;9,81;4,301;5;485,00;17,63;10;;1,60
2024-09-08;GCAMP002;Search | Curso Investimentos | Genérico;Search;GAG002;Curso Finanças Iniciantes;"curso financas pessoais; como investir dinheiro";Finanças do Zero;2379;95;29,58;0,31;12,43;4,019;4;388,00;13,12;8;;1,50
2024-09-09;GCAMP002;Search | Curso Investimentos | Genérico;Search;GAG002;Curso Finanças Iniciantes;"curso financas pessoais; como investir dinheiro";Finanças do Zero;1920;94;27,07;0,29;14,10;4,927;4;388,00;14,33;8;;2,10
2024-09-10;GCAMP002;Search | Curso Investimentos | Genérico;Search;GAG002;Curso Finanças Iniciantes;"curso financas pessoais; como investir dinheiro";Finanças do Zero;2417;117;28,43;0,24;11,76;4,877;6;582,00;20,47;10;;2,00
2024-09-11;GCAMP002;Search | Curso Investimentos | Genérico;Search;GAG002;Curso Finanças Iniciantes;"curso financas pessoais; como investir dinheiro";Finanças do Zero;2636;118;28,98;0,25;10,99;4,504;6;582,00;20,08;10;;2,30
2024-09-12;GCAMP002;Search | Curso Investimentos | Genérico;Search;GAG002;Curso Finanças Iniciantes;"curso financas pessoais; como investir dinheiro";Finanças do Zero;2759;138;27,23;0,20;9,87;5,013;6;582,00;21,37;6;;2,10
2024-09-13;GCAMP002;Search | Curso Investimentos | Genérico;Search;GAG002;Curso Finanças Iniciantes;"curso financas pessoais; como investir dinheiro";Finanças do Zero;1943;96;24,19;0,25;12,45;4,960;4;388,00;16,04;8;;1,80
2024-09-14;GCAMP002;Search | Curso Investimentos | Genérico;Search;GAG002;Curso Finanças Iniciantes;"curso financas pessoais; como investir dinheiro";Finanças do Zero;4304;184;30,61;0,17;7,11;4,279;8;776,00;25,35;9;;1,80
2024-09-15;GCAMP002;Search | Curso Investimentos | Genérico;Search;GAG002;Curso Finanças Iniciantes;"curso financas pessoais; como investir dinheiro";Finanças do Zero;2827;139;29,77;0,21;10,53;4,919;7;679,00;22,81;10;;1,70
2024-09-16;GCAMP002;Search | Curso Investimentos | Genérico;Search;GAG002;Curso Finanças Iniciantes;"curso financas pessoais; como investir dinheiro";Finanças do Zero;2365;100;30,55;0,31;12,92;4,255;3;291,00;9,53;8;;1,60
2024-09-17;GCAMP002;Search | Curso Investimentos | Genérico;Search;GAG002;Curso Finanças Iniciantes;"curso financas pessoais; como investir dinheiro";Finanças do Zero;2877;131;29,96;0,23;10,41;4,568;4;388,00;12,95;6;;2,30
2024-09-18;GCAMP002;Search | Curso Investimentos | Genérico;Search;GAG002;Curso Finanças Iniciantes;"curso financas pessoais; como investir dinheiro";Finanças do Zero;2147;90;26,49;0,29;12,34;4,222;4;388,00;14,65;8;;2,00
2024-09-19;GCAMP002;Search | Curso Investimentos | Genérico;Search;GAG002;Curso Finanças Iniciantes;"curso financas pessoais; como investir dinheiro";Finanças do Zero;2692;110;27,90;0,25;10,36;4,105;5;485,00;17,38;10;;1,90
2024-09-20;GCAMP002;Search | Curso Investimentos | Genérico;Search;GAG002;Curso Finanças Iniciantes;"curso financas pessoais; como investir dinheiro";Finanças do Zero;2762;127;30,50;0,24;11,04;4,609;4;388,00;12,72;7;;2,00
2024-09-21;GCAMP002;Search | Curso Investimentos | Genérico;Search;GAG002;Curso Finanças Iniciantes;"curso financas pessoais; como investir dinheiro";Finanças do Zero;2738;137;29,13;0,21;10,64;5,021;6;582,00;19,98;10;;2,20
2024-09-22;GCAMP002;Search | Curso Investimentos | Genérico;Search;GAG002;Curso Finanças Iniciantes;"curso financas pessoais; como investir dinheiro";Finanças do Zero;2650;116;30,93;0,27;11,67;4,396;4;388,00;12,54;6;;1,60
2024-09-23;GCAMP002;Search | Curso Investimentos | Genérico;Search;GAG002;Curso Finanças Iniciantes;"curso financas pessoais; como investir dinheiro";Finanças do Zero;2036;84;25,09;0,30;12,32;4,167;3;291,00;11,60;8;;1,50
2024-09-24;GCAMP002;Search | Curso Investimentos | Genérico;Search;GAG002;Curso Finanças Iniciantes;"curso financas pessoais; como investir dinheiro";Finanças do Zero;3110;146;27,92;0,19;8,98;4,704;5;485,00;17,37;6;;1,40
2024-09-25;GCAMP002;Search | Curso Investimentos | Genérico;Search;GAG002;Curso Finanças Iniciantes;"curso financas pessoais; como investir dinheiro";Finanças do Zero;1866;75;25,11;0,33;13,46;4,021;3;291,00;11,59;9;;1,60
2024-09-26;GCAMP002;Search | Curso Investimentos | Genérico;Search;GAG002;Curso Finanças Iniciantes;"curso financas pessoais; como investir dinheiro";Finanças do Zero;2206;106;28,93;0,27;13,11;4,831;3;291,00;10,06;8;;1,50
2024-09-27;GCAMP002;Search | Curso Investimentos | Genérico;Search;GAG002;Curso Finanças Iniciantes;"curso financas pessoais; como investir dinheiro";Finanças do Zero;1711;70;22,95;0,33;13,41;4,127;3;291,00;12,68;8;;1,40
2024-09-28;GCAMP002;Search | Curso Investimentos | Genérico;Search;GAG002;Curso Finanças Iniciantes;"curso financas pessoais; como investir dinheiro";Finanças do Zero;2862;114;24,86;0,22;8,69;3,989;4;388,00;15,61;9;;1,40
2024-09-29;GCAMP002;Search | Curso Investimentos | Genérico;Search;GAG002;Curso Finanças Iniciantes;"curso financas pessoais; como investir dinheiro";Finanças do Zero;2952;141;31,04;0,22;10,52;4,807;5;485,00;15,62;6;;2,30
2024-09-30;GCAMP002;Search | Curso Investimentos | Genérico;Search;GAG002;Curso Finanças Iniciantes;"curso financas pessoais; como investir dinheiro";Finanças do Zero;2002;96;25,97;0,27;12,97;4,807;5;485,00;18,68;7;;2,10
2024-10-01;GCAMP002;Search | Curso Investimentos | Genérico;Search;GAG002;Curso Finanças Iniciantes;"curso financas pessoais; como investir dinheiro";Finanças do Zero;1841;75;28,88;0,39;15,69;4,107;2;194,00;6,72;9;;1,40
2024-10-02;GCAMP002;Search | Curso Investimentos | Genérico;Search;GAG002;Curso Finanças Iniciantes;"curso financas pessoais; como investir dinheiro";Finanças do Zero;3012;142;27,92;0,20;9,27;4,733;6;582,00;20,85;9;;2,10
2024-10-03;GCAMP002;Search | Curso Investimentos | Genérico;Search;GAG002;Curso Finanças Iniciantes;"curso financas pessoais; como investir dinheiro";Finanças do Zero;2080;89;24,84;0,28;11,94;4,300;4;388,00;15,62;8;;1,80
2024-10-04;GCAMP002;Search | Curso Investimentos | Genérico;Search;GAG002;Curso Finanças Iniciantes;"curso financas pessoais; como investir dinheiro";Finanças do Zero;2481;114;22,97;0,20;9,26;4,635;4;388,00;16,89;10;;1,90
2024-10-05;GCAMP002;Search | Curso Investimentos | Genérico;Search;GAG002;Curso Finanças Iniciantes;"curso financas pessoais; como investir dinheiro";Finanças do Zero;2331;112;30,47;0,27;13,07;4,823;4;388,00;12,73;8;;1,90
2024-10-06;GCAMP002;Search | Curso Investimentos | Genérico;Search;GAG002;Curso Finanças Iniciantes;"curso financas pessoais; como investir dinheiro";Finanças do Zero;3150;157;35,09;0,22;11,14;4,985;7;679,00;19,35;7;;1,80
2024-10-07;GCAMP002;Search | Curso Investimentos | Genérico;Search;GAG002;Curso Finanças Iniciantes;"curso financas pessoais; como investir dinheiro";Finanças do Zero;1644;70;27,07;0,39;16,46;4,301;3;291,00;10,75;10;;1,40
2024-10-08;GCAMP002;Search | Curso Investimentos | Genérico;Search;GAG002;Curso Finanças Iniciantes;"curso financas pessoais; como investir dinheiro";Finanças do Zero;3576;172;28,27;0,16;7,91;4,833;8;776,00;27,45;8;;2,20
2024-10-09;GCAMP002;Search | Curso Investimentos | Genérico;Search;GAG002;Curso Finanças Iniciantes;"curso financas pessoais; como investir dinheiro";Finanças do Zero;2178;97;26,93;0,28;12,37;4,492;3;291,00;10,81;8;;1,90
2024-10-10;GCAMP002;Search | Curso Investimentos | Genérico;Search;GAG002;Curso Finanças Iniciantes;"curso financas pessoais; como investir dinheiro";Finanças do Zero;2234;98;28,36;0,29;12,70;4,421;3;291,00;10,26;6;;1,70
2024-10-11;GCAMP002;Search | Curso Investimentos | Genérico;Search;GAG002;Curso Finanças Iniciantes;"curso financas pessoais; como investir dinheiro";Finanças do Zero;2334;99;27,77;0,28;11,90;4,281;5;485,00;17,46;9;;1,70
2024-10-12;GCAMP002;Search | Curso Investimentos | Genérico;Search;GAG002;Curso Finanças Iniciantes;"curso financas pessoais; como investir dinheiro";Finanças do Zero;2140;90;32,56;0,36;15,22;4,206;4;388,00;11,92;8;;2,20
2024-10-13;GCAMP002;Search | Curso Investimentos | Genérico;Search;GAG002;Curso Finanças Iniciantes;"curso financas pessoais; como investir dinheiro";Finanças do Zero;3227;148;30,60;0,21;9,48;4,589;5;485,00;15,85;8;;1,30
2024-10-14;GCAMP002;Search | Curso Investimentos | Genérico;Search;GAG002;Curso Finanças Iniciantes;"curso financas pessoais; como investir dinheiro";Finanças do Zero;2253;97;23,83;0,25;10,58;4,343;4;388,00;16,28;6;;2,10
2024-10-15;GCAMP002;Search | Curso Investimentos | Genérico;Search;GAG002;Curso Finanças Iniciantes;"curso financas pessoais; como investir dinheiro";Finanças do Zero;2831;142;23,38;0,16;8,26;5,025;7;679,00;29,04;8;;1,80
2024-10-16;GCAMP002;Search | Curso Investimentos | Genérico;Search;GAG002;Curso Finanças Iniciantes;"curso financas pessoais; como investir dinheiro";Finanças do Zero;2098;91;30,50;0,34;14,54;4,349;4;388,00;12,72;9;;1,60
2024-10-17;GCAMP002;Search | Curso Investimentos | Genérico;Search;GAG002;Curso Finanças Iniciantes;"curso financas pessoais; como investir dinheiro";Finanças do Zero;1904;78;22,78;0,29;11,96;4,102;3;291,00;12,77;10;;1,60
2024-10-18;GCAMP002;Search | Curso Investimentos | Genérico;Search;GAG002;Curso Finanças Iniciantes;"curso financas pessoais; como investir dinheiro";Finanças do Zero;3087;130;27,54;0,21;8,92;4,239;5;485,00;17,61;10;;1,90
2024-10-19;GCAMP002;Search | Curso Investimentos | Genérico;Search;GAG002;Curso Finanças Iniciantes;"curso financas pessoais; como investir dinheiro";Finanças do Zero;3205;154;28,25;0,18;8,81;4,809;8;776,00;27,47;10;;1,70
2024-10-20;GCAMP002;Search | Curso Investimentos | Genérico;Search;GAG002;Curso Finanças Iniciantes;"curso financas pessoais; como investir dinheiro";Finanças do Zero;3201;150;31,80;0,21;9,94;4,715;7;679,00;21,35;8;;2,20
2024-10-21;GCAMP002;Search | Curso Investimentos | Genérico;Search;GAG002;Curso Finanças Iniciantes;"curso financas pessoais; como investir dinheiro";Finanças do Zero;3066;145;31,17;0,21;10,17;4,743;6;582,00;18,67;8;;2,00
2024-10-22;GCAMP002;Search | Curso Investimentos | Genérico;Search;GAG002;Curso Finanças Iniciantes;"curso financas pessoais; como investir dinheiro";Finanças do Zero;3241;132;28,46;0,22;8,78;4,075;6;582,00;20,45;8;;2,20
2024-10-23;GCAMP002;Search | Curso Investimentos | Genérico;Search;GAG002;Curso Finanças Iniciantes;"curso financas pessoais; como investir dinheiro";Finanças do Zero;2296;112;28,28;0,25;12,32;4,891;4;388,00;13,72;6;;1,80
2024-10-24;GCAMP002;Search | Curso Investimentos | Genérico;Search;GAG002;Curso Finanças Iniciantes;"curso financas pessoais; como investir dinheiro";Finanças do Zero;2084;97;34,35;0,35;16,48;4,680;3;291,00;8,47;9;;1,60
2024-10-25;GCAMP002;Search | Curso Investimentos | Genérico;Search;GAG002;Curso Finanças Iniciantes;"curso financas pessoais; como investir dinheiro";Finanças do Zero;1779;74;24,37;0,33;13,70;4,210;2;194,00;7,96;6;;1,60
2024-10-26;GCAMP002;Search | Curso Investimentos | Genérico;Search;GAG002;Curso Finanças Iniciantes;"curso financas pessoais; como investir dinheiro";Finanças do Zero;3741;169;34,88;0,21;9,32;4,534;6;582,00;16,69;8;;2,00
2024-10-27;GCAMP002;Search | Curso Investimentos | Genérico;Search;GAG002;Curso Finanças Iniciantes;"curso financas pessoais; como investir dinheiro";Finanças do Zero;2579;128;33,00;0,26;12,79;4,967;6;582,00;17,64;9;;2,10
2024-10-28;GCAMP002;Search | Curso Investimentos | Genérico;Search;GAG002;Curso Finanças Iniciantes;"curso financas pessoais; como investir dinheiro";Finanças do Zero;2938;122;31,61;0,26;10,76;4,157;5;485,00;15,34;8;;1,50
2024-10-29;GCAMP002;Search | Curso Investimentos | Genérico;Search;GAG002;Curso Finanças Iniciantes;"curso financas pessoais; como investir dinheiro";Finanças do Zero;3627;161;31,34;0,19;8,64;4,453;6;582,00;18,57;9;;1,80
2024-10-30;GCAMP002;Search | Curso Investimentos | Genérico;Search;GAG002;Curso Finanças Iniciantes;"curso financas pessoais; como investir dinheiro";Finanças do Zero;2351;97;28,13;0,29;11,96;4,162;4;388,00;13,79;6;;1,30
2024-10-31;GCAMP002;Search | Curso Investimentos | Genérico;Search;GAG002;Curso Finanças Iniciantes;"curso financas pessoais; como investir dinheiro";Finanças do Zero;2579;104;25,19;0,24;9,77;4,033;4;388,00;15,40;8;;2,30
2024-11-01;GCAMP002;Search | Curso Investimentos | Genérico;Search;GAG002;Curso Finanças Iniciantes;"curso financas pessoais; como investir dinheiro";Finanças do Zero;5376;251;57,64;0,23;10,72;4,680;18;1746,00;30,29;8;;1,50
2024-11-02;GCAMP002;Search | Curso Investimentos | Genérico;Search;GAG002;Curso Finanças Iniciantes;"curso financas pessoais; como investir dinheiro";Finanças do Zero;4555;192;64,27;0,33;14,11;4,229;12;1164,00;18,11;6;;1,90
2024-11-03;GCAMP002;Search | Curso Investimentos | Genérico;Search;GAG002;Curso Finanças Iniciantes;"curso financas pessoais; como investir dinheiro";Finanças do Zero;3823;152;64,98;0,43;17,00;3,993;12;1164,00;17,91;6;;1,80
2024-11-04;GCAMP002;Search | Curso Investimentos | Genérico;Search;GAG002;Curso Finanças Iniciantes;"curso financas pessoais; como investir dinheiro";Finanças do Zero;4237;205;54,20;0,26;12,79;4,856;16;1552,00;28,63;10;;1,80
2024-11-05;GCAMP002;Search | Curso Investimentos | Genérico;Search;GAG002;Curso Finanças Iniciantes;"curso financas pessoais; como investir dinheiro";Finanças do Zero;7915;376;61,54;0,16;7,78;4,761;20;1940,00;31,52;7;;2,00
2024-11-06;GCAMP002;Search | Curso Investimentos | Genérico;Search;GAG002;Curso Finanças Iniciantes;"curso financas pessoais; como investir dinheiro";Finanças do Zero;7847;364;77,23;0,21;9,84;4,650;19;1843,00;23,86;7;;1,70
2024-11-07;GCAMP002;Search | Curso Investimentos | Genérico;Search;GAG002;Curso Finanças Iniciantes;"curso financas pessoais; como investir dinheiro";Finanças do Zero;4399;181;72,69;0,40;16,52;4,123;12;1164,00;16,01;9;;1,40
2024-11-08;GCAMP002;Search | Curso Investimentos | Genérico;Search;GAG002;Curso Finanças Iniciantes;"curso financas pessoais; como investir dinheiro";Finanças do Zero;8342;406;87,88;0,22;10,53;4,873;25;2425,00;27,59;7;;1,90
2024-11-09;GCAMP002;Search | Curso Investimentos | Genérico;Search;GAG002;Curso Finanças Iniciantes;"curso financas pessoais; como investir dinheiro";Finanças do Zero;7653;306;92,16;0,30;12,04;4,001;17;1649,00;17,89;8;;2,10
2024-11-10;GCAMP002;Search | Curso Investimentos | Genérico;Search;GAG002;Curso Finanças Iniciantes;"curso financas pessoais; como investir dinheiro";Finanças do Zero;13150;586;111,17;0,19;8,45;4,462;38;3686,00;33,16;9;;2,10
2024-11-11;GCAMP002;Search | Curso Investimentos | Genérico;Search;GAG002;Curso Finanças Iniciantes;"curso financas pessoais; como investir dinheiro";Finanças do Zero;6306;313;102,56;0,33;16,26;4,971;17;1649,00;16,08;9;;2,20
2024-11-12;GCAMP002;Search | Curso Investimentos | Genérico;Search;GAG002;Curso Finanças Iniciantes;"curso financas pessoais; como investir dinheiro";Finanças do Zero;9339;403;124,64;0,31;13,35;4,323;30;2910,00;23,35;8;;1,40
2024-11-13;GCAMP002;Search | Curso Investimentos | Genérico;Search;GAG002;Curso Finanças Iniciantes;"curso financas pessoais; como investir dinheiro";Finanças do Zero;7417;343;120,12;0,35;16,20;4,635;24;2328,00;19,38;10;;2,00
2024-11-14;GCAMP002;Search | Curso Investimentos | Genérico;Search;GAG002;Curso Finanças Iniciantes;"curso financas pessoais; como investir dinheiro";Finanças do Zero;10996;548;119,28;0,22;10,85;4,985;34;3298,00;27,65;6;;1,60
2024-11-15;GCAMP002;Search | Curso Investimentos | Genérico;Search;GAG002;Curso Finanças Iniciantes;"curso financas pessoais; como investir dinheiro";Finanças do Zero;13055;541;115,02;0,21;8,81;4,150;35;3395,00;29,52;8;;2,00
2024-11-16;GCAMP002;Search | Curso Investimentos | Genérico;Search;GAG002;Curso Finanças Iniciantes;"curso financas pessoais; como investir dinheiro";Finanças do Zero;8596;371;124,93;0,34;14,53;4,326;21;2037,00;16,31;7;;1,30
2024-11-17;GCAMP002;Search | Curso Investimentos | Genérico;Search;GAG002;Curso Finanças Iniciantes;"curso financas pessoais; como investir dinheiro";Finanças do Zero;16749;712;145,85;0,20;8,71;4,252;56;5432,00;37,24;8;;2,20
2024-11-18;GCAMP002;Search | Curso Investimentos | Genérico;Search;GAG002;Curso Finanças Iniciantes;"curso financas pessoais; como investir dinheiro";Finanças do Zero;9839;460;125,07;0,27;12,71;4,675;32;3104,00;24,82;7;;2,20
2024-11-19;GCAMP002;Search | Curso Investimentos | Genérico;Search;GAG002;Curso Finanças Iniciantes;"curso financas pessoais; como investir dinheiro";Finanças do Zero;8940;442;132,56;0,30;14,83;4,955;34;3298,00;24,88;9;;1,50
2024-11-20;GCAMP002;Search | Curso Investimentos | Genérico;Search;GAG002;Curso Finanças Iniciantes;"curso financas pessoais; como investir dinheiro";Finanças do Zero;9081;425;97,64;0,23;10,75;4,686;29;2813,00;28,81;8;;1,80
2024-11-21;GCAMP002;Search | Curso Investimentos | Genérico;Search;GAG002;Curso Finanças Iniciantes;"curso financas pessoais; como investir dinheiro";Finanças do Zero;10137;410;91,58;0,22;9,03;4,053;31;3007,00;32,83;9;;1,80
2024-11-22;GCAMP002;Search | Curso Investimentos | Genérico;Search;GAG002;Curso Finanças Iniciantes;"curso financas pessoais; como investir dinheiro";Finanças do Zero;7481;336;81,13;0,24;10,84;4,504;24;2328,00;28,69;9;;1,80
2024-11-23;GCAMP002;Search | Curso Investimentos | Genérico;Search;GAG002;Curso Finanças Iniciantes;"curso financas pessoais; como investir dinheiro";Finanças do Zero;6184;249;78,33;0,31;12,67;4,038;17;1649,00;21,05;6;;1,70
2024-11-24;GCAMP002;Search | Curso Investimentos | Genérico;Search;GAG002;Curso Finanças Iniciantes;"curso financas pessoais; como investir dinheiro";Finanças do Zero;6927;348;74,21;0,21;10,71;5,038;21;2037,00;27,45;7;;2,30
2024-11-25;GCAMP002;Search | Curso Investimentos | Genérico;Search;GAG002;Curso Finanças Iniciantes;"curso financas pessoais; como investir dinheiro";Finanças do Zero;3911;167;64,91;0,39;16,60;4,276;11;1067,00;16,44;9;;1,60
2024-11-26;GCAMP002;Search | Curso Investimentos | Genérico;Search;GAG002;Curso Finanças Iniciantes;"curso financas pessoais; como investir dinheiro";Finanças do Zero;7148;343;61,69;0,18;8,63;4,809;22;2134,00;34,59;10;;1,40
2024-11-27;GCAMP002;Search | Curso Investimentos | Genérico;Search;GAG002;Curso Finanças Iniciantes;"curso financas pessoais; como investir dinheiro";Finanças do Zero;6708;335;55,34;0,17;8,25;4,997;26;2522,00;45,57;7;;1,80
2024-11-28;GCAMP002;Search | Curso Investimentos | Genérico;Search;GAG002;Curso Finanças Iniciantes;"curso financas pessoais; como investir dinheiro";Finanças do Zero;4326;177;52,34;0,30;12,10;4,112;11;1067,00;20,39;7;;2,30
2024-11-29;GCAMP002;Search | Curso Investimentos | Genérico;Search;GAG002;Curso Finanças Iniciantes;"curso financas pessoais; como investir dinheiro";Finanças do Zero;3450;165;51,41;0,31;14,90;4,803;11;1067,00;20,75;10;;1,60
2024-11-30;GCAMP002;Search | Curso Investimentos | Genérico;Search;GAG002;Curso Finanças Iniciantes;"curso financas pessoais; como investir dinheiro";Finanças do Zero;4280;183;54,90;0,30;12,83;4,289;11;1067,00;19,44;6;;1,30
2024-12-01;GCAMP002;Search | Curso Investimentos | Genérico;Search;GAG002;Curso Finanças Iniciantes;"curso financas pessoais; como investir dinheiro";Finanças do Zero;2906;142;35,12;0,25;12,09;4,902;7;679,00;19,33;7;;1,70
2024-12-02;GCAMP002;Search | Curso Investimentos | Genérico;Search;GAG002;Curso Finanças Iniciantes;"curso financas pessoais; como investir dinheiro";Finanças do Zero;2790;116;32,38;0,28;11,61;4,178;4;388,00;11,98;7;;2,10
2024-12-03;GCAMP002;Search | Curso Investimentos | Genérico;Search;GAG002;Curso Finanças Iniciantes;"curso financas pessoais; como investir dinheiro";Finanças do Zero;2537;114;27,65;0,24;10,90;4,517;6;582,00;21,05;8;;1,90
2024-12-04;GCAMP002;Search | Curso Investimentos | Genérico;Search;GAG002;Curso Finanças Iniciantes;"curso financas pessoais; como investir dinheiro";Finanças do Zero;3546;168;29,57;0,18;8,34;4,738;8;776,00;26,24;9;;2,10
2024-12-05;GCAMP002;Search | Curso Investimentos | Genérico;Search;GAG002;Curso Finanças Iniciantes;"curso financas pessoais; como investir dinheiro";Finanças do Zero;1641;71;30,49;0,43;18,58;4,368;3;291,00;9,54;7;;2,20
2024-12-06;GCAMP002;Search | Curso Investimentos | Genérico;Search;GAG002;Curso Finanças Iniciantes;"curso financas pessoais; como investir dinheiro";Finanças do Zero;1523;70;26,92;0,38;17,68;4,599;3;291,00;10,81;8;;2,20
2024-12-07;GCAMP002;Search | Curso Investimentos | Genérico;Search;GAG002;Curso Finanças Iniciantes;"curso financas pessoais; como investir dinheiro";Finanças do Zero;2458;114;30,97;0,27;12,60;4,673;5;485,00;15,66;9;;1,50
2024-12-08;GCAMP002;Search | Curso Investimentos | Genérico;Search;GAG002;Curso Finanças Iniciantes;"curso financas pessoais; como investir dinheiro";Finanças do Zero;2811;113;33,55;0,30;11,94;4,046;5;485,00;14,46;9;;2,10
2024-12-09;GCAMP002;Search | Curso Investimentos | Genérico;Search;GAG002;Curso Finanças Iniciantes;"curso financas pessoais; como investir dinheiro";Finanças do Zero;3048;133;31,06;0,23;10,19;4,365;5;485,00;15,61;10;;1,40
2024-12-10;GCAMP002;Search | Curso Investimentos | Genérico;Search;GAG002;Curso Finanças Iniciantes;"curso financas pessoais; como investir dinheiro";Finanças do Zero;3014;128;30,47;0,24;10,11;4,256;5;485,00;15,92;7;;1,90
2024-12-11;GCAMP002;Search | Curso Investimentos | Genérico;Search;GAG002;Curso Finanças Iniciantes;"curso financas pessoais; como investir dinheiro";Finanças do Zero;2868;129;24,91;0,19;8,69;4,501;5;485,00;19,47;8;;2,00
2024-12-12;GCAMP002;Search | Curso Investimentos | Genérico;Search;GAG002;Curso Finanças Iniciantes;"curso financas pessoais; como investir dinheiro";Finanças do Zero;2368;112;26,97;0,24;11,39;4,731;5;485,00;17,98;10;;2,20
2024-12-13;GCAMP002;Search | Curso Investimentos | Genérico;Search;GAG002;Curso Finanças Iniciantes;"curso financas pessoais; como investir dinheiro";Finanças do Zero;2055;98;27,33;0,28;13,30;4,808;4;388,00;14,20;6;;1,50
2024-12-14;GCAMP002;Search | Curso Investimentos | Genérico;Search;GAG002;Curso Finanças Iniciantes;"curso financas pessoais; como investir dinheiro";Finanças do Zero;3093;146;38,98;0,27;12,60;4,736;5;485,00;12,44;8;;1,70
2024-12-15;GCAMP002;Search | Curso Investimentos | Genérico;Search;GAG002;Curso Finanças Iniciantes;"curso financas pessoais; como investir dinheiro";Finanças do Zero;2998;145;32,88;0,23;10,97;4,854;7;679,00;20,65;9;;2,00
2024-12-16;GCAMP002;Search | Curso Investimentos | Genérico;Search;GAG002;Curso Finanças Iniciantes;"curso financas pessoais; como investir dinheiro";Finanças do Zero;1612;73;30,18;0,41;18,73;4,552;3;291,00;9,64;6;;1,70
2024-12-17;GCAMP002;Search | Curso Investimentos | Genérico;Search;GAG002;Curso Finanças Iniciantes;"curso financas pessoais; como investir dinheiro";Finanças do Zero;2397;105;34,07;0,32;14,22;4,393;5;485,00;14,24;9;;2,10
2024-12-18;GCAMP002;Search | Curso Investimentos | Genérico;Search;GAG002;Curso Finanças Iniciantes;"curso financas pessoais; como investir dinheiro";Finanças do Zero;2295;101;27,39;0,27;11,93;4,428;4;388,00;14,17;9;;1,30
2024-12-19;GCAMP002;Search | Curso Investimentos | Genérico;Search;GAG002;Curso Finanças Iniciantes;"curso financas pessoais; como investir dinheiro";Finanças do Zero;1747;86;30,06;0,35;17,21;4,963;3;291,00;9,68;9;;1,60
2024-12-20;GCAMP002;Search | Curso Investimentos | Genérico;Search;GAG002;Curso Finanças Iniciantes;"curso financas pessoais; como investir dinheiro";Finanças do Zero;3253;141;29,78;0,21;9,15;4,353;6;582,00;19,54;10;;1,80
2024-12-21;GCAMP002;Search | Curso Investimentos | Genérico;Search;GAG002;Curso Finanças Iniciantes;"curso financas pessoais; como investir dinheiro";Finanças do Zero;2689;110;27,88;0,25;10,37;4,115;5;485,00;17,40;7;;1,40
2024-12-22;GCAMP002;Search | Curso Investimentos | Genérico;Search;GAG002;Curso Finanças Iniciantes;"curso financas pessoais; como investir dinheiro";Finanças do Zero;3188;150;30,46;0,20;9,56;4,708;7;679,00;22,29;10;;2,20
2024-12-23;GCAMP002;Search | Curso Investimentos | Genérico;Search;GAG002;Curso Finanças Iniciantes;"curso financas pessoais; como investir dinheiro";Finanças do Zero;2974;131;29,80;0,23;10,02;4,426;4;388,00;13,02;9;;2,10
2024-12-24;GCAMP002;Search | Curso Investimentos | Genérico;Search;GAG002;Curso Finanças Iniciantes;"curso financas pessoais; como investir dinheiro";Finanças do Zero;2475;103;23,35;0,23;9,43;4,178;4;388,00;16,62;6;;1,50
2024-12-25;GCAMP002;Search | Curso Investimentos | Genérico;Search;GAG002;Curso Finanças Iniciantes;"curso financas pessoais; como investir dinheiro";Finanças do Zero;1757;88;27,66;0,31;15,74;5,040;3;291,00;10,52;6;;2,20
2024-12-26;GCAMP002;Search | Curso Investimentos | Genérico;Search;GAG002;Curso Finanças Iniciantes;"curso financas pessoais; como investir dinheiro";Finanças do Zero;1891;80;23,06;0,29;12,19;4,244;3;291,00;12,62;10;;1,80
2024-12-27;GCAMP002;Search | Curso Investimentos | Genérico;Search;GAG002;Curso Finanças Iniciantes;"curso financas pessoais; como investir dinheiro";Finanças do Zero;2410;113;26,71;0,24;11,08;4,712;5;485,00;18,16;6;;1,60
2024-12-28;GCAMP002;Search | Curso Investimentos | Genérico;Search;GAG002;Curso Finanças Iniciantes;"curso financas pessoais; como investir dinheiro";Finanças do Zero;2509;106;29,60;0,28;11,80;4,233;5;485,00;16,39;7;;1,60
2024-12-29;GCAMP002;Search | Curso Investimentos | Genérico;Search;GAG002;Curso Finanças Iniciantes;"curso financas pessoais; como investir dinheiro";Finanças do Zero;4478;186;34,96;0,19;7,81;4,176;9;873,00;24,97;6;;2,00
2024-12-30;GCAMP002;Search | Curso Investimentos | Genérico;Search;GAG002;Curso Finanças Iniciantes;"curso financas pessoais; como investir dinheiro";Finanças do Zero;3612;178;27,11;0,15;7,51;4,947;9;873,00;32,20;7;;2,10
2024-12-31;GCAMP002;Search | Curso Investimentos | Genérico;Search;GAG002;Curso Finanças Iniciantes;"curso financas pessoais; como investir dinheiro";Finanças do Zero;3037;149;29,30;0,20;9,65;4,916;7;679,00;23,17;6;;1,80
2025-01-01;GCAMP002;Search | Curso Investimentos | Genérico;Search;GAG002;Curso Finanças Iniciantes;"curso financas pessoais; como investir dinheiro";Finanças do Zero;2224;97;26,16;0,27;11,76;4,378;3;291,00;11,12;10;;2,10
2025-01-02;GCAMP002;Search | Curso Investimentos | Genérico;Search;GAG002;Curso Finanças Iniciantes;"curso financas pessoais; como investir dinheiro";Finanças do Zero;3815;168;30,73;0,18;8,05;4,427;7;679,00;22,10;10;;1,60
2025-01-03;GCAMP002;Search | Curso Investimentos | Genérico;Search;GAG002;Curso Finanças Iniciantes;"curso financas pessoais; como investir dinheiro";Finanças do Zero;2720;113;31,01;0,27;11,40;4,172;5;485,00;15,64;10;;1,60
2025-01-04;GCAMP002;Search | Curso Investimentos | Genérico;Search;GAG002;Curso Finanças Iniciantes;"curso financas pessoais; como investir dinheiro";Finanças do Zero;3800;170;32,19;0,19;8,47;4,484;6;582,00;18,08;9;;1,90
2025-01-05;GCAMP002;Search | Curso Investimentos | Genérico;Search;GAG002;Curso Finanças Iniciantes;"curso financas pessoais; como investir dinheiro";Finanças do Zero;3496;169;30,52;0,18;8,73;4,838;8;776,00;25,43;9;;2,10
2025-01-06;GCAMP002;Search | Curso Investimentos | Genérico;Search;GAG002;Curso Finanças Iniciantes;"curso financas pessoais; como investir dinheiro";Finanças do Zero;2026;93;32,42;0,35;16,00;4,630;4;388,00;11,97;7;;2,20
2025-01-07;GCAMP002;Search | Curso Investimentos | Genérico;Search;GAG002;Curso Finanças Iniciantes;"curso financas pessoais; como investir dinheiro";Finanças do Zero;3125;127;24,54;0,19;7,85;4,069;6;582,00;23,72;8;;1,90
2025-01-08;GCAMP002;Search | Curso Investimentos | Genérico;Search;GAG002;Curso Finanças Iniciantes;"curso financas pessoais; como investir dinheiro";Finanças do Zero;3182;151;28,80;0,19;9,05;4,749;7;679,00;23,58;8;;1,70
2025-01-09;GCAMP002;Search | Curso Investimentos | Genérico;Search;GAG002;Curso Finanças Iniciantes;"curso financas pessoais; como investir dinheiro";Finanças do Zero;1628;71;25,08;0,35;15,41;4,419;3;291,00;11,60;10;;1,50
2025-01-10;GCAMP002;Search | Curso Investimentos | Genérico;Search;GAG002;Curso Finanças Iniciantes;"curso financas pessoais; como investir dinheiro";Finanças do Zero;1732;72;27,68;0,38;15,98;4,164;2;194,00;7,01;7;;2,00
2025-01-11;GCAMP002;Search | Curso Investimentos | Genérico;Search;GAG002;Curso Finanças Iniciantes;"curso financas pessoais; como investir dinheiro";Finanças do Zero;2072;96;27,60;0,29;13,32;4,655;5;485,00;17,57;10;;2,10
2025-01-12;GCAMP002;Search | Curso Investimentos | Genérico;Search;GAG002;Curso Finanças Iniciantes;"curso financas pessoais; como investir dinheiro";Finanças do Zero;2094;86;31,65;0,37;15,12;4,132;3;291,00;9,19;8;;1,50
2025-01-13;GCAMP002;Search | Curso Investimentos | Genérico;Search;GAG002;Curso Finanças Iniciantes;"curso financas pessoais; como investir dinheiro";Finanças do Zero;1923;76;35,78;0,47;18,61;3,976;3;291,00;8,13;7;;2,30
2025-01-14;GCAMP002;Search | Curso Investimentos | Genérico;Search;GAG002;Curso Finanças Iniciantes;"curso financas pessoais; como investir dinheiro";Finanças do Zero;3362;165;29,99;0,18;8,92;4,913;7;679,00;22,64;7;;1,50
2025-01-15;GCAMP002;Search | Curso Investimentos | Genérico;Search;GAG002;Curso Finanças Iniciantes;"curso financas pessoais; como investir dinheiro";Finanças do Zero;2755;109;26,39;0,24;9,58;3,986;4;388,00;14,70;6;;2,00
2025-01-16;GCAMP002;Search | Curso Investimentos | Genérico;Search;GAG002;Curso Finanças Iniciantes;"curso financas pessoais; como investir dinheiro";Finanças do Zero;2833;119;29,61;0,25;10,45;4,221;5;485,00;16,38;9;;1,80
2025-01-17;GCAMP002;Search | Curso Investimentos | Genérico;Search;GAG002;Curso Finanças Iniciantes;"curso financas pessoais; como investir dinheiro";Finanças do Zero;2598;110;29,39;0,27;11,31;4,238;4;388,00;13,20;9;;1,60
2025-01-18;GCAMP002;Search | Curso Investimentos | Genérico;Search;GAG002;Curso Finanças Iniciantes;"curso financas pessoais; como investir dinheiro";Finanças do Zero;2717;134;33,67;0,25;12,39;4,961;7;679,00;20,17;7;;2,20
2025-01-19;GCAMP002;Search | Curso Investimentos | Genérico;Search;GAG002;Curso Finanças Iniciantes;"curso financas pessoais; como investir dinheiro";Finanças do Zero;2272;96;29,19;0,30;12,85;4,227;4;388,00;13,29;7;;1,90
2025-01-20;GCAMP002;Search | Curso Investimentos | Genérico;Search;GAG002;Curso Finanças Iniciantes;"curso financas pessoais; como investir dinheiro";Finanças do Zero;2974;148;25,89;0,17;8,70;4,999;7;679,00;26,23;6;;1,50
2025-01-21;GCAMP002;Search | Curso Investimentos | Genérico;Search;GAG002;Curso Finanças Iniciantes;"curso financas pessoais; como investir dinheiro";Finanças do Zero;3149;144;26,99;0,19;8,57;4,575;6;582,00;21,56;10;;2,30
2025-01-22;GCAMP002;Search | Curso Investimentos | Genérico;Search;GAG002;Curso Finanças Iniciantes;"curso financas pessoais; como investir dinheiro";Finanças do Zero;2221;94;29,74;0,32;13,39;4,271;3;291,00;9,78;10;;1,30
2025-01-23;GCAMP002;Search | Curso Investimentos | Genérico;Search;GAG002;Curso Finanças Iniciantes;"curso financas pessoais; como investir dinheiro";Finanças do Zero;3230;135;29,22;0,22;9,05;4,199;6;582,00;19,92;6;;1,40
2025-01-24;GCAMP002;Search | Curso Investimentos | Genérico;Search;GAG002;Curso Finanças Iniciantes;"curso financas pessoais; como investir dinheiro";Finanças do Zero;2800;134;27,44;0,20;9,80;4,811;6;582,00;21,21;6;;2,30
2025-01-25;GCAMP002;Search | Curso Investimentos | Genérico;Search;GAG002;Curso Finanças Iniciantes;"curso financas pessoais; como investir dinheiro";Finanças do Zero;2363;104;35,79;0,34;15,15;4,415;5;485,00;13,55;6;;2,20
2025-01-26;GCAMP002;Search | Curso Investimentos | Genérico;Search;GAG002;Curso Finanças Iniciantes;"curso financas pessoais; como investir dinheiro";Finanças do Zero;3944;170;30,31;0,18;7,68;4,311;6;582,00;19,20;8;;2,20
2025-01-27;GCAMP002;Search | Curso Investimentos | Genérico;Search;GAG002;Curso Finanças Iniciantes;"curso financas pessoais; como investir dinheiro";Finanças do Zero;1885;80;25,34;0,32;13,45;4,248;4;388,00;15,31;10;;2,10
2025-01-28;GCAMP002;Search | Curso Investimentos | Genérico;Search;GAG002;Curso Finanças Iniciantes;"curso financas pessoais; como investir dinheiro";Finanças do Zero;1713;80;31,85;0,40;18,59;4,705;3;291,00;9,14;6;;1,80
2025-01-29;GCAMP002;Search | Curso Investimentos | Genérico;Search;GAG002;Curso Finanças Iniciantes;"curso financas pessoais; como investir dinheiro";Finanças do Zero;3410;149;26,68;0,18;7,82;4,390;6;582,00;21,81;9;;1,80
2025-01-30;GCAMP002;Search | Curso Investimentos | Genérico;Search;GAG002;Curso Finanças Iniciantes;"curso financas pessoais; como investir dinheiro";Finanças do Zero;3115;138;31,90;0,23;10,24;4,442;6;582,00;18,24;6;;1,30
2025-01-31;GCAMP002;Search | Curso Investimentos | Genérico;Search;GAG002;Curso Finanças Iniciantes;"curso financas pessoais; como investir dinheiro";Finanças do Zero;2421;101;28,30;0,28;11,69;4,195;4;388,00;13,71;6;;2,00
2024-02-01;GCAMP002;Search | Curso Investimentos | Genérico;Search;GAG003;Renda Extra Investimentos;"renda extra investindo; como ganhar dinheiro investindo";Finanças do Zero;2653;126;22,85;0,18;8,61;4,749;6;582,00;25,47;9;;2,20
2024-02-02;GCAMP002;Search | Curso Investimentos | Genérico;Search;GAG003;Renda Extra Investimentos;"renda extra investindo; como ganhar dinheiro investindo";Finanças do Zero;1907;85;24,00;0,28;12,59;4,478;3;291,00;12,12;9;;2,00
2024-02-03;GCAMP002;Search | Curso Investimentos | Genérico;Search;GAG003;Renda Extra Investimentos;"renda extra investindo; como ganhar dinheiro investindo";Finanças do Zero;1934;81;23,84;0,29;12,32;4,194;3;291,00;12,21;9;;1,60
2024-02-04;GCAMP002;Search | Curso Investimentos | Genérico;Search;GAG003;Renda Extra Investimentos;"renda extra investindo; como ganhar dinheiro investindo";Finanças do Zero;3041;148;27,89;0,19;9,17;4,893;7;679,00;24,35;6;;1,60
2024-02-05;GCAMP002;Search | Curso Investimentos | Genérico;Search;GAG003;Renda Extra Investimentos;"renda extra investindo; como ganhar dinheiro investindo";Finanças do Zero;2646;118;26,46;0,22;10,00;4,463;4;388,00;14,66;6;;2,10
2024-02-06;GCAMP002;Search | Curso Investimentos | Genérico;Search;GAG003;Renda Extra Investimentos;"renda extra investindo; como ganhar dinheiro investindo";Finanças do Zero;1759;88;24,46;0,28;13,91;5,032;4;388,00;15,86;8;;2,00
2024-02-07;GCAMP002;Search | Curso Investimentos | Genérico;Search;GAG003;Renda Extra Investimentos;"renda extra investindo; como ganhar dinheiro investindo";Finanças do Zero;2851;137;22,43;0,16;7,87;4,812;6;582,00;25,95;7;;2,00
2024-02-08;GCAMP002;Search | Curso Investimentos | Genérico;Search;GAG003;Renda Extra Investimentos;"renda extra investindo; como ganhar dinheiro investindo";Finanças do Zero;1798;87;26,09;0,30;14,51;4,870;3;291,00;11,15;7;;1,40
2024-02-09;GCAMP002;Search | Curso Investimentos | Genérico;Search;GAG003;Renda Extra Investimentos;"renda extra investindo; como ganhar dinheiro investindo";Finanças do Zero;1970;84;26,80;0,32;13,60;4,312;3;291,00;10,86;9;;2,30
2024-02-10;GCAMP002;Search | Curso Investimentos | Genérico;Search;GAG003;Renda Extra Investimentos;"renda extra investindo; como ganhar dinheiro investindo";Finanças do Zero;2905;135;26,54;0,20;9,14;4,652;5;485,00;18,27;6;;1,60
2024-02-11;GCAMP002;Search | Curso Investimentos | Genérico;Search;GAG003;Renda Extra Investimentos;"renda extra investindo; como ganhar dinheiro investindo";Finanças do Zero;2888;116;26,82;0,23;9,29;4,022;5;485,00;18,08;10;;1,30
2024-02-12;GCAMP002;Search | Curso Investimentos | Genérico;Search;GAG003;Renda Extra Investimentos;"renda extra investindo; como ganhar dinheiro investindo";Finanças do Zero;1893;77;23,64;0,31;12,49;4,114;3;291,00;12,31;8;;1,90
2024-02-13;GCAMP002;Search | Curso Investimentos | Genérico;Search;GAG003;Renda Extra Investimentos;"renda extra investindo; como ganhar dinheiro investindo";Finanças do Zero;2706;124;21,06;0,17;7,78;4,615;5;485,00;23,03;6;;1,40
2024-02-14;GCAMP002;Search | Curso Investimentos | Genérico;Search;GAG003;Renda Extra Investimentos;"renda extra investindo; como ganhar dinheiro investindo";Finanças do Zero;3086;141;30,60;0,22;9,92;4,573;6;582,00;19,02;6;;1,80
2024-02-15;GCAMP002;Search | Curso Investimentos | Genérico;Search;GAG003;Renda Extra Investimentos;"renda extra investindo; como ganhar dinheiro investindo";Finanças do Zero;2483;107;25,21;0,24;10,15;4,315;5;485,00;19,24;9;;1,80
2024-02-16;GCAMP002;Search | Curso Investimentos | Genérico;Search;GAG003;Renda Extra Investimentos;"renda extra investindo; como ganhar dinheiro investindo";Finanças do Zero;2653;119;23,04;0,19;8,68;4,499;5;485,00;21,05;6;;2,30
2024-02-17;GCAMP002;Search | Curso Investimentos | Genérico;Search;GAG003;Renda Extra Investimentos;"renda extra investindo; como ganhar dinheiro investindo";Finanças do Zero;1790;79;26,39;0,33;14,74;4,425;3;291,00;11,03;10;;1,50
2024-02-18;GCAMP002;Search | Curso Investimentos | Genérico;Search;GAG003;Renda Extra Investimentos;"renda extra investindo; como ganhar dinheiro investindo";Finanças do Zero;3454;157;28,94;0,18;8,38;4,570;7;679,00;23,46;10;;1,40
2024-02-19;GCAMP002;Search | Curso Investimentos | Genérico;Search;GAG003;Renda Extra Investimentos;"renda extra investindo; como ganhar dinheiro investindo";Finanças do Zero;2239;101;25,06;0,25;11,19;4,532;3;291,00;11,61;9;;1,40
2024-02-20;GCAMP002;Search | Curso Investimentos | Genérico;Search;GAG003;Renda Extra Investimentos;"renda extra investindo; como ganhar dinheiro investindo";Finanças do Zero;1715;81;22,75;0,28;13,27;4,771;4;388,00;17,05;7;;1,60
2024-02-21;GCAMP002;Search | Curso Investimentos | Genérico;Search;GAG003;Renda Extra Investimentos;"renda extra investindo; como ganhar dinheiro investindo";Finanças do Zero;1723;85;27,79;0,33;16,13;4,981;4;388,00;13,96;10;;2,10
2024-02-22;GCAMP002;Search | Curso Investimentos | Genérico;Search;GAG003;Renda Extra Investimentos;"renda extra investindo; como ganhar dinheiro investindo";Finanças do Zero;1991;94;24,22;0,26;12,17;4,746;3;291,00;12,01;7;;1,50
2024-02-23;GCAMP002;Search | Curso Investimentos | Genérico;Search;GAG003;Renda Extra Investimentos;"renda extra investindo; como ganhar dinheiro investindo";Finanças do Zero;2604;114;20,95;0,18;8,04;4,390;4;388,00;18,52;8;;1,90
2024-02-24;GCAMP002;Search | Curso Investimentos | Genérico;Search;GAG003;Renda Extra Investimentos;"renda extra investindo; como ganhar dinheiro investindo";Finanças do Zero;1692;73;29,20;0,40;17,26;4,369;2;194,00;6,64;10;;1,70
2024-02-25;GCAMP002;Search | Curso Investimentos | Genérico;Search;GAG003;Renda Extra Investimentos;"renda extra investindo; como ganhar dinheiro investindo";Finanças do Zero;2665;119;32,42;0,27;12,17;4,469;6;582,00;17,95;8;;2,30
2024-02-26;GCAMP002;Search | Curso Investimentos | Genérico;Search;GAG003;Renda Extra Investimentos;"renda extra investindo; como ganhar dinheiro investindo";Finanças do Zero;3337;159;26,73;0,17;8,01;4,774;8;776,00;29,03;10;;1,60
2024-02-27;GCAMP002;Search | Curso Investimentos | Genérico;Search;GAG003;Renda Extra Investimentos;"renda extra investindo; como ganhar dinheiro investindo";Finanças do Zero;2258;99;22,63;0,23;10,02;4,410;4;388,00;17,15;8;;1,30
2024-02-28;GCAMP002;Search | Curso Investimentos | Genérico;Search;GAG003;Renda Extra Investimentos;"renda extra investindo; como ganhar dinheiro investindo";Finanças do Zero;2454;103;22,94;0,22;9,35;4,214;4;388,00;16,91;6;;1,40
2024-02-29;GCAMP002;Search | Curso Investimentos | Genérico;Search;GAG003;Renda Extra Investimentos;"renda extra investindo; como ganhar dinheiro investindo";Finanças do Zero;1806;82;27,34;0,33;15,14;4,592;3;291,00;10,64;7;;1,80
2024-03-01;GCAMP002;Search | Curso Investimentos | Genérico;Search;GAG003;Renda Extra Investimentos;"renda extra investindo; como ganhar dinheiro investindo";Finanças do Zero;6278;314;57,25;0,18;9,12;5,007;16;1552,00;27,11;7;;1,40
2024-03-02;GCAMP002;Search | Curso Investimentos | Genérico;Search;GAG003;Renda Extra Investimentos;"renda extra investindo; como ganhar dinheiro investindo";Finanças do Zero;3729;167;59,99;0,36;16,09;4,501;9;873,00;14,55;7;;1,50
2024-03-03;GCAMP002;Search | Curso Investimentos | Genérico;Search;GAG003;Renda Extra Investimentos;"renda extra investindo; como ganhar dinheiro investindo";Finanças do Zero;3343;139;57,96;0,42;17,34;4,170;8;776,00;13,39;7;;2,00
2024-03-04;GCAMP002;Search | Curso Investimentos | Genérico;Search;GAG003;Renda Extra Investimentos;"renda extra investindo; como ganhar dinheiro investindo";Finanças do Zero;3615;146;59,00;0,40;16,32;4,046;8;776,00;13,15;6;;1,90
2024-03-05;GCAMP002;Search | Curso Investimentos | Genérico;Search;GAG003;Renda Extra Investimentos;"renda extra investindo; como ganhar dinheiro investindo";Finanças do Zero;5754;234;74,90;0,32;13,02;4,081;16;1552,00;20,72;7;;1,40
2024-03-06;GCAMP002;Search | Curso Investimentos | Genérico;Search;GAG003;Renda Extra Investimentos;"renda extra investindo; como ganhar dinheiro investindo";Finanças do Zero;6483;320;79,61;0,25;12,28;4,936;17;1649,00;20,71;6;;2,00
2024-03-07;GCAMP002;Search | Curso Investimentos | Genérico;Search;GAG003;Renda Extra Investimentos;"renda extra investindo; como ganhar dinheiro investindo";Finanças do Zero;8431;341;80,14;0,24;9,51;4,046;26;2522,00;31,47;7;;2,10
2024-03-08;GCAMP002;Search | Curso Investimentos | Genérico;Search;GAG003;Renda Extra Investimentos;"renda extra investindo; como ganhar dinheiro investindo";Finanças do Zero;5870;247;88,58;0,36;15,09;4,218;18;1746,00;19,71;10;;2,20
2024-03-09;GCAMP002;Search | Curso Investimentos | Genérico;Search;GAG003;Renda Extra Investimentos;"renda extra investindo; como ganhar dinheiro investindo";Finanças do Zero;7001;298;94,56;0,32;13,51;4,267;19;1843,00;19,49;6;;1,40
2024-03-10;GCAMP002;Search | Curso Investimentos | Genérico;Search;GAG003;Renda Extra Investimentos;"renda extra investindo; como ganhar dinheiro investindo";Finanças do Zero;7818;356;103,31;0,29;13,21;4,557;23;2231,00;21,60;10;;2,30
2024-03-11;GCAMP002;Search | Curso Investimentos | Genérico;Search;GAG003;Renda Extra Investimentos;"renda extra investindo; como ganhar dinheiro investindo";Finanças do Zero;12454;577;130,85;0,23;10,51;4,633;42;4074,00;31,13;10;;1,30
2024-03-12;GCAMP002;Search | Curso Investimentos | Genérico;Search;GAG003;Renda Extra Investimentos;"renda extra investindo; como ganhar dinheiro investindo";Finanças do Zero;14527;673;137,10;0,20;9,44;4,637;38;3686,00;26,89;7;;1,40
2024-03-13;GCAMP002;Search | Curso Investimentos | Genérico;Search;GAG003;Renda Extra Investimentos;"renda extra investindo; como ganhar dinheiro investindo";Finanças do Zero;11385;556;138,72;0,25;12,18;4,890;33;3201,00;23,08;8;;2,00
2024-03-14;GCAMP002;Search | Curso Investimentos | Genérico;Search;GAG003;Renda Extra Investimentos;"renda extra investindo; como ganhar dinheiro investindo";Finanças do Zero;9918;430;144,35;0,34;14,55;4,338;27;2619,00;18,14;8;;1,40
2024-03-15;GCAMP002;Search | Curso Investimentos | Genérico;Search;GAG003;Renda Extra Investimentos;"renda extra investindo; como ganhar dinheiro investindo";Finanças do Zero;15247;622;147,40;0,24;9,67;4,081;43;4171,00;28,30;8;;1,40
2024-03-16;GCAMP002;Search | Curso Investimentos | Genérico;Search;GAG003;Renda Extra Investimentos;"renda extra investindo; como ganhar dinheiro investindo";Finanças do Zero;14518;635;157,19;0,25;10,83;4,377;36;3492,00;22,22;6;;1,70
2024-03-17;GCAMP002;Search | Curso Investimentos | Genérico;Search;GAG003;Renda Extra Investimentos;"renda extra investindo; como ganhar dinheiro investindo";Finanças do Zero;8628;427;140,62;0,33;16,30;4,957;31;3007,00;21,38;9;;2,10
2024-03-18;GCAMP002;Search | Curso Investimentos | Genérico;Search;GAG003;Renda Extra Investimentos;"renda extra investindo; como ganhar dinheiro investindo";Finanças do Zero;7942;343;137,62;0,40;17,33;4,320;26;2522,00;18,33;7;;1,70
2024-03-19;GCAMP002;Search | Curso Investimentos | Genérico;Search;GAG003;Renda Extra Investimentos;"renda extra investindo; como ganhar dinheiro investindo";Finanças do Zero;6038;279;102,38;0,37;16,96;4,624;18;1746,00;17,05;8;;1,50
2024-03-20;GCAMP002;Search | Curso Investimentos | Genérico;Search;GAG003;Renda Extra Investimentos;"renda extra investindo; como ganhar dinheiro investindo";Finanças do Zero;9144;397;105,76;0,27;11,57;4,350;27;2619,00;24,76;8;;2,10
2024-03-21;GCAMP002;Search | Curso Investimentos | Genérico;Search;GAG003;Renda Extra Investimentos;"renda extra investindo; como ganhar dinheiro investindo";Finanças do Zero;6771;326;74,96;0,23;11,07;4,819;19;1843,00;24,59;8;;1,40
2024-03-22;GCAMP002;Search | Curso Investimentos | Genérico;Search;GAG003;Renda Extra Investimentos;"renda extra investindo; como ganhar dinheiro investindo";Finanças do Zero;9330;392;81,59;0,21;8,74;4,211;23;2231,00;27,34;9;;1,90
2024-03-23;GCAMP002;Search | Curso Investimentos | Genérico;Search;GAG003;Renda Extra Investimentos;"renda extra investindo; como ganhar dinheiro investindo";Finanças do Zero;4355;183;61,57;0,34;14,14;4,205;12;1164,00;18,91;8;;2,00
2024-03-24;GCAMP002;Search | Curso Investimentos | Genérico;Search;GAG003;Renda Extra Investimentos;"renda extra investindo; como ganhar dinheiro investindo";Finanças do Zero;6203;267;81,01;0,30;13,06;4,308;14;1358,00;16,76;9;;2,20
2024-03-25;GCAMP002;Search | Curso Investimentos | Genérico;Search;GAG003;Renda Extra Investimentos;"renda extra investindo; como ganhar dinheiro investindo";Finanças do Zero;5823;258;71,97;0,28;12,36;4,438;14;1358,00;18,87;7;;1,90
2024-03-26;GCAMP002;Search | Curso Investimentos | Genérico;Search;GAG003;Renda Extra Investimentos;"renda extra investindo; como ganhar dinheiro investindo";Finanças do Zero;6301;258;54,73;0,21;8,69;4,101;14;1358,00;24,81;7;;1,30
2024-03-27;GCAMP002;Search | Curso Investimentos | Genérico;Search;GAG003;Renda Extra Investimentos;"renda extra investindo; como ganhar dinheiro investindo";Finanças do Zero;3729;181;55,69;0,31;14,94;4,878;10;970,00;17,42;10;;1,90
2024-03-28;GCAMP002;Search | Curso Investimentos | Genérico;Search;GAG003;Renda Extra Investimentos;"renda extra investindo; como ganhar dinheiro investindo";Finanças do Zero;3519;151;50,10;0,33;14,24;4,300;10;970,00;19,36;8;;2,20
2024-03-29;GCAMP002;Search | Curso Investimentos | Genérico;Search;GAG003;Renda Extra Investimentos;"renda extra investindo; como ganhar dinheiro investindo";Finanças do Zero;3280;131;54,84;0,42;16,72;4,013;8;776,00;14,15;9;;1,90
2024-03-30;GCAMP002;Search | Curso Investimentos | Genérico;Search;GAG003;Renda Extra Investimentos;"renda extra investindo; como ganhar dinheiro investindo";Finanças do Zero;6360;295;55,40;0,19;8,71;4,641;23;2231,00;40,27;8;;2,20
2024-03-31;GCAMP002;Search | Curso Investimentos | Genérico;Search;GAG003;Renda Extra Investimentos;"renda extra investindo; como ganhar dinheiro investindo";Finanças do Zero;4836;224;55,36;0,25;11,45;4,645;12;1164,00;21,03;7;;1,80
2024-04-01;GCAMP002;Search | Curso Investimentos | Genérico;Search;GAG003;Renda Extra Investimentos;"renda extra investindo; como ganhar dinheiro investindo";Finanças do Zero;1607;65;29,91;0,46;18,61;4,094;3;291,00;9,73;8;;2,10
2024-04-02;GCAMP002;Search | Curso Investimentos | Genérico;Search;GAG003;Renda Extra Investimentos;"renda extra investindo; como ganhar dinheiro investindo";Finanças do Zero;2235;98;24,37;0,25;10,90;4,394;5;485,00;19,90;10;;2,20
2024-04-03;GCAMP002;Search | Curso Investimentos | Genérico;Search;GAG003;Renda Extra Investimentos;"renda extra investindo; como ganhar dinheiro investindo";Finanças do Zero;2327;94;20,86;0,22;8,97;4,064;3;291,00;13,95;6;;1,70
2024-04-04;GCAMP002;Search | Curso Investimentos | Genérico;Search;GAG003;Renda Extra Investimentos;"renda extra investindo; como ganhar dinheiro investindo";Finanças do Zero;1735;85;24,36;0,29;14,04;4,900;4;388,00;15,93;7;;2,20
2024-04-05;GCAMP002;Search | Curso Investimentos | Genérico;Search;GAG003;Renda Extra Investimentos;"renda extra investindo; como ganhar dinheiro investindo";Finanças do Zero;2349;118;29,71;0,25;12,65;5,024;4;388,00;13,06;10;;2,20
2024-04-06;GCAMP002;Search | Curso Investimentos | Genérico;Search;GAG003;Renda Extra Investimentos;"renda extra investindo; como ganhar dinheiro investindo";Finanças do Zero;2657;110;25,57;0,23;9,62;4,165;5;485,00;18,97;8;;1,90
2024-04-07;GCAMP002;Search | Curso Investimentos | Genérico;Search;GAG003;Renda Extra Investimentos;"renda extra investindo; como ganhar dinheiro investindo";Finanças do Zero;1963;89;29,13;0,33;14,84;4,569;3;291,00;9,99;10;;1,80
2024-04-08;GCAMP002;Search | Curso Investimentos | Genérico;Search;GAG003;Renda Extra Investimentos;"renda extra investindo; como ganhar dinheiro investindo";Finanças do Zero;3467;170;26,57;0,16;7,66;4,907;8;776,00;29,21;8;;2,00
2024-04-09;GCAMP002;Search | Curso Investimentos | Genérico;Search;GAG003;Renda Extra Investimentos;"renda extra investindo; como ganhar dinheiro investindo";Finanças do Zero;2527;124;24,99;0,20;9,89;4,933;6;582,00;23,29;7;;1,90
2024-04-10;GCAMP002;Search | Curso Investimentos | Genérico;Search;GAG003;Renda Extra Investimentos;"renda extra investindo; como ganhar dinheiro investindo";Finanças do Zero;2257;108;23,98;0,22;10,63;4,824;4;388,00;16,18;10;;1,60
2024-04-11;GCAMP002;Search | Curso Investimentos | Genérico;Search;GAG003;Renda Extra Investimentos;"renda extra investindo; como ganhar dinheiro investindo";Finanças do Zero;2093;88;24,75;0,28;11,83;4,211;3;291,00;11,76;8;;1,40
2024-04-12;GCAMP002;Search | Curso Investimentos | Genérico;Search;GAG003;Renda Extra Investimentos;"renda extra investindo; como ganhar dinheiro investindo";Finanças do Zero;1647;72;23,87;0,33;14,50;4,410;2;194,00;8,13;7;;1,80
2024-04-13;GCAMP002;Search | Curso Investimentos | Genérico;Search;GAG003;Renda Extra Investimentos;"renda extra investindo; como ganhar dinheiro investindo";Finanças do Zero;3018;127;25,96;0,20;8,60;4,213;4;388,00;14,95;9;;1,90
2024-04-14;GCAMP002;Search | Curso Investimentos | Genérico;Search;GAG003;Renda Extra Investimentos;"renda extra investindo; como ganhar dinheiro investindo";Finanças do Zero;1646;69;27,01;0,39;16,41;4,226;2;194,00;7,18;7;;1,40
2024-04-15;GCAMP002;Search | Curso Investimentos | Genérico;Search;GAG003;Renda Extra Investimentos;"renda extra investindo; como ganhar dinheiro investindo";Finanças do Zero;1968;98;23,17;0,24;11,78;5,024;5;485,00;20,93;7;;1,70
2024-04-16;GCAMP002;Search | Curso Investimentos | Genérico;Search;GAG003;Renda Extra Investimentos;"renda extra investindo; como ganhar dinheiro investindo";Finanças do Zero;2482;122;25,58;0,21;10,31;4,918;5;485,00;18,96;8;;1,60
2024-04-17;GCAMP002;Search | Curso Investimentos | Genérico;Search;GAG003;Renda Extra Investimentos;"renda extra investindo; como ganhar dinheiro investindo";Finanças do Zero;2441;120;25,82;0,22;10,58;4,940;4;388,00;15,03;8;;2,20
2024-04-18;GCAMP002;Search | Curso Investimentos | Genérico;Search;GAG003;Renda Extra Investimentos;"renda extra investindo; como ganhar dinheiro investindo";Finanças do Zero;1674;72;31,09;0,43;18,57;4,327;2;194,00;6,24;10;;1,60
2024-04-19;GCAMP002;Search | Curso Investimentos | Genérico;Search;GAG003;Renda Extra Investimentos;"renda extra investindo; como ganhar dinheiro investindo";Finanças do Zero;2003;92;26,83;0,29;13,39;4,642;3;291,00;10,85;8;;1,70
2024-04-20;GCAMP002;Search | Curso Investimentos | Genérico;Search;GAG003;Renda Extra Investimentos;"renda extra investindo; como ganhar dinheiro investindo";Finanças do Zero;2902;134;25,80;0,19;8,89;4,634;7;679,00;26,32;8;;2,10
2024-04-21;GCAMP002;Search | Curso Investimentos | Genérico;Search;GAG003;Renda Extra Investimentos;"renda extra investindo; como ganhar dinheiro investindo";Finanças do Zero;1939;84;27,02;0,32;13,94;4,378;3;291,00;10,77;10;;2,30
2024-04-22;GCAMP002;Search | Curso Investimentos | Genérico;Search;GAG003;Renda Extra Investimentos;"renda extra investindo; como ganhar dinheiro investindo";Finanças do Zero;1906;79;26,05;0,33;13,67;4,192;3;291,00;11,17;9;;1,70
2024-04-23;GCAMP002;Search | Curso Investimentos | Genérico;Search;GAG003;Renda Extra Investimentos;"renda extra investindo; como ganhar dinheiro investindo";Finanças do Zero;2799;136;23,84;0,18;8,52;4,882;5;485,00;20,34;6;;1,50
2024-04-24;GCAMP002;Search | Curso Investimentos | Genérico;Search;GAG003;Renda Extra Investimentos;"renda extra investindo; como ganhar dinheiro investindo";Finanças do Zero;3048;127;27,20;0,21;8,92;4,198;6;582,00;21,40;7;;2,30
2024-04-25;GCAMP002;Search | Curso Investimentos | Genérico;Search;GAG003;Renda Extra Investimentos;"renda extra investindo; como ganhar dinheiro investindo";Finanças do Zero;1969;95;28,60;0,30;14,52;4,838;3;291,00;10,17;7;;2,30
2024-04-26;GCAMP002;Search | Curso Investimentos | Genérico;Search;GAG003;Renda Extra Investimentos;"renda extra investindo; como ganhar dinheiro investindo";Finanças do Zero;1880;82;21,72;0,26;11,55;4,397;4;388,00;17,86;9;;1,80
2024-04-27;GCAMP002;Search | Curso Investimentos | Genérico;Search;GAG003;Renda Extra Investimentos;"renda extra investindo; como ganhar dinheiro investindo";Finanças do Zero;3878;166;31,29;0,19;8,07;4,293;8;776,00;24,80;6;;2,30
2024-04-28;GCAMP002;Search | Curso Investimentos | Genérico;Search;GAG003;Renda Extra Investimentos;"renda extra investindo; como ganhar dinheiro investindo";Finanças do Zero;1742;82;28,45;0,35;16,33;4,763;4;388,00;13,64;9;;2,10
2024-04-29;GCAMP002;Search | Curso Investimentos | Genérico;Search;GAG003;Renda Extra Investimentos;"renda extra investindo; como ganhar dinheiro investindo";Finanças do Zero;2367;117;27,01;0,23;11,41;4,946;6;582,00;21,55;7;;2,10
2024-04-30;GCAMP002;Search | Curso Investimentos | Genérico;Search;GAG003;Renda Extra Investimentos;"renda extra investindo; como ganhar dinheiro investindo";Finanças do Zero;2507;125;28,43;0,23;11,34;4,992;5;485,00;17,06;6;;1,70
2024-05-01;GCAMP002;Search | Curso Investimentos | Genérico;Search;GAG003;Renda Extra Investimentos;"renda extra investindo; como ganhar dinheiro investindo";Finanças do Zero;1936;88;25,61;0,29;13,23;4,588;4;388,00;15,15;8;;1,30
2024-05-02;GCAMP002;Search | Curso Investimentos | Genérico;Search;GAG003;Renda Extra Investimentos;"renda extra investindo; como ganhar dinheiro investindo";Finanças do Zero;1928;76;25,92;0,34;13,45;3,962;2;194,00;7,48;9;;1,40
2024-05-03;GCAMP002;Search | Curso Investimentos | Genérico;Search;GAG003;Renda Extra Investimentos;"renda extra investindo; como ganhar dinheiro investindo";Finanças do Zero;2745;138;31,30;0,23;11,40;5,035;7;679,00;21,69;7;;1,40
2024-05-04;GCAMP002;Search | Curso Investimentos | Genérico;Search;GAG003;Renda Extra Investimentos;"renda extra investindo; como ganhar dinheiro investindo";Finanças do Zero;2699;114;27,76;0,24;10,29;4,245;5;485,00;17,47;7;;1,70
2024-05-05;GCAMP002;Search | Curso Investimentos | Genérico;Search;GAG003;Renda Extra Investimentos;"renda extra investindo; como ganhar dinheiro investindo";Finanças do Zero;3216;148;33,51;0,23;10,42;4,627;7;679,00;20,26;9;;1,80
2024-05-06;GCAMP002;Search | Curso Investimentos | Genérico;Search;GAG003;Renda Extra Investimentos;"renda extra investindo; como ganhar dinheiro investindo";Finanças do Zero;1365;55;22,17;0,40;16,24;4,033;2;194,00;8,75;7;;1,50
2024-05-07;GCAMP002;Search | Curso Investimentos | Genérico;Search;GAG003;Renda Extra Investimentos;"renda extra investindo; como ganhar dinheiro investindo";Finanças do Zero;2211;91;24,22;0,27;10,95;4,143;4;388,00;16,02;9;;1,30
2024-05-08;GCAMP002;Search | Curso Investimentos | Genérico;Search;GAG003;Renda Extra Investimentos;"renda extra investindo; como ganhar dinheiro investindo";Finanças do Zero;2540;119;31,53;0,26;12,41;4,721;5;485,00;15,38;10;;1,60
2024-05-09;GCAMP002;Search | Curso Investimentos | Genérico;Search;GAG003;Renda Extra Investimentos;"renda extra investindo; como ganhar dinheiro investindo";Finanças do Zero;3035;127;30,88;0,24;10,17;4,190;5;485,00;15,71;10;;1,80
2024-05-10;GCAMP002;Search | Curso Investimentos | Genérico;Search;GAG003;Renda Extra Investimentos;"renda extra investindo; como ganhar dinheiro investindo";Finanças do Zero;1575;70;26,51;0,38;16,83;4,476;3;291,00;10,98;10;;2,20
2024-05-11;GCAMP002;Search | Curso Investimentos | Genérico;Search;GAG003;Renda Extra Investimentos;"renda extra investindo; como ganhar dinheiro investindo";Finanças do Zero;2046;87;27,54;0,32;13,46;4,297;3;291,00;10,57;10;;1,50
2024-05-12;GCAMP002;Search | Curso Investimentos | Genérico;Search;GAG003;Renda Extra Investimentos;"renda extra investindo; como ganhar dinheiro investindo";Finanças do Zero;2467;97;25,74;0,27;10,43;3,965;4;388,00;15,07;10;;1,30
2024-05-13;GCAMP002;Search | Curso Investimentos | Genérico;Search;GAG003;Renda Extra Investimentos;"renda extra investindo; como ganhar dinheiro investindo";Finanças do Zero;2850;113;22,32;0,20;7,83;3,987;4;388,00;17,38;10;;1,90
2024-05-14;GCAMP002;Search | Curso Investimentos | Genérico;Search;GAG003;Renda Extra Investimentos;"renda extra investindo; como ganhar dinheiro investindo";Finanças do Zero;3109;123;27,63;0,22;8,89;3,976;4;388,00;14,04;8;;2,00
2024-05-15;GCAMP002;Search | Curso Investimentos | Genérico;Search;GAG003;Renda Extra Investimentos;"renda extra investindo; como ganhar dinheiro investindo";Finanças do Zero;2630;113;25,80;0,23;9,81;4,313;4;388,00;15,04;6;;1,40
2024-05-16;GCAMP002;Search | Curso Investimentos | Genérico;Search;GAG003;Renda Extra Investimentos;"renda extra investindo; como ganhar dinheiro investindo";Finanças do Zero;2149;93;26,83;0,29;12,48;4,370;3;291,00;10,85;6;;1,80
2024-05-17;GCAMP002;Search | Curso Investimentos | Genérico;Search;GAG003;Renda Extra Investimentos;"renda extra investindo; como ganhar dinheiro investindo";Finanças do Zero;1829;83;25,48;0,31;13,93;4,589;3;291,00;11,42;10;;1,90
2024-05-18;GCAMP002;Search | Curso Investimentos | Genérico;Search;GAG003;Renda Extra Investimentos;"renda extra investindo; como ganhar dinheiro investindo";Finanças do Zero;2177;105;28,44;0,27;13,06;4,825;4;388,00;13,64;9;;2,10
2024-05-19;GCAMP002;Search | Curso Investimentos | Genérico;Search;GAG003;Renda Extra Investimentos;"renda extra investindo; como ganhar dinheiro investindo";Finanças do Zero;2736;129;31,18;0,24;11,40;4,741;6;582,00;18,67;8;;2,10
2024-05-20;GCAMP002;Search | Curso Investimentos | Genérico;Search;GAG003;Renda Extra Investimentos;"renda extra investindo; como ganhar dinheiro investindo";Finanças do Zero;2835;138;25,37;0,18;8,95;4,888;6;582,00;22,94;8;;2,00
2024-05-21;GCAMP002;Search | Curso Investimentos | Genérico;Search;GAG003;Renda Extra Investimentos;"renda extra investindo; como ganhar dinheiro investindo";Finanças do Zero;2035;101;30,60;0,30;15,04;4,979;4;388,00;12,68;8;;1,70
2024-05-22;GCAMP002;Search | Curso Investimentos | Genérico;Search;GAG003;Renda Extra Investimentos;"renda extra investindo; como ganhar dinheiro investindo";Finanças do Zero;2763;129;30,01;0,23;10,86;4,672;6;582,00;19,39;7;;2,20
2024-05-23;GCAMP002;Search | Curso Investimentos | Genérico;Search;GAG003;Renda Extra Investimentos;"renda extra investindo; como ganhar dinheiro investindo";Finanças do Zero;2412;102;27,87;0,27;11,56;4,256;5;485,00;17,40;9;;1,60
2024-05-24;GCAMP002;Search | Curso Investimentos | Genérico;Search;GAG003;Renda Extra Investimentos;"renda extra investindo; como ganhar dinheiro investindo";Finanças do Zero;2509;106;26,16;0,25;10,43;4,235;5;485,00;18,54;10;;1,90
2024-05-25;GCAMP002;Search | Curso Investimentos | Genérico;Search;GAG003;Renda Extra Investimentos;"renda extra investindo; como ganhar dinheiro investindo";Finanças do Zero;2981;128;23,36;0,18;7,84;4,327;4;388,00;16,61;10;;1,50
2024-05-26;GCAMP002;Search | Curso Investimentos | Genérico;Search;GAG003;Renda Extra Investimentos;"renda extra investindo; como ganhar dinheiro investindo";Finanças do Zero;2196;90;23,69;0,26;10,79;4,099;4;388,00;16,38;8;;1,80
2024-05-27;GCAMP002;Search | Curso Investimentos | Genérico;Search;GAG003;Renda Extra Investimentos;"renda extra investindo; como ganhar dinheiro investindo";Finanças do Zero;2784;112;27,96;0,25;10,04;4,035;5;485,00;17,35;10;;2,20
2024-05-28;GCAMP002;Search | Curso Investimentos | Genérico;Search;GAG003;Renda Extra Investimentos;"renda extra investindo; como ganhar dinheiro investindo";Finanças do Zero;1742;74;22,73;0,31;13,05;4,267;2;194,00;8,53;9;;2,10
2024-05-29;GCAMP002;Search | Curso Investimentos | Genérico;Search;GAG003;Renda Extra Investimentos;"renda extra investindo; como ganhar dinheiro investindo";Finanças do Zero;1418;56;24,74;0,44;17,45;3,984;2;194,00;7,84;9;;1,30
2024-05-30;GCAMP002;Search | Curso Investimentos | Genérico;Search;GAG003;Renda Extra Investimentos;"renda extra investindo; como ganhar dinheiro investindo";Finanças do Zero;2361;104;26,43;0,25;11,19;4,445;4;388,00;14,68;8;;2,30
2024-05-31;GCAMP002;Search | Curso Investimentos | Genérico;Search;GAG003;Renda Extra Investimentos;"renda extra investindo; como ganhar dinheiro investindo";Finanças do Zero;1901;85;27,13;0,32;14,27;4,508;4;388,00;14,30;10;;1,30
2024-06-01;GCAMP002;Search | Curso Investimentos | Genérico;Search;GAG003;Renda Extra Investimentos;"renda extra investindo; como ganhar dinheiro investindo";Finanças do Zero;2885;145;24,37;0,17;8,45;5,032;7;679,00;27,86;7;;1,30
2024-06-02;GCAMP002;Search | Curso Investimentos | Genérico;Search;GAG003;Renda Extra Investimentos;"renda extra investindo; como ganhar dinheiro investindo";Finanças do Zero;2189;102;29,47;0,29;13,46;4,662;4;388,00;13,17;9;;1,30
2024-06-03;GCAMP002;Search | Curso Investimentos | Genérico;Search;GAG003;Renda Extra Investimentos;"renda extra investindo; como ganhar dinheiro investindo";Finanças do Zero;1529;63;22,84;0,36;14,94;4,175;3;291,00;12,74;10;;1,30
2024-06-04;GCAMP002;Search | Curso Investimentos | Genérico;Search;GAG003;Renda Extra Investimentos;"renda extra investindo; como ganhar dinheiro investindo";Finanças do Zero;2472;104;23,83;0,23;9,64;4,220;5;485,00;20,35;9;;1,80
2024-06-05;GCAMP002;Search | Curso Investimentos | Genérico;Search;GAG003;Renda Extra Investimentos;"renda extra investindo; como ganhar dinheiro investindo";Finanças do Zero;2160;95;27,90;0,29;12,92;4,409;4;388,00;13,91;8;;1,60
2024-06-06;GCAMP002;Search | Curso Investimentos | Genérico;Search;GAG003;Renda Extra Investimentos;"renda extra investindo; como ganhar dinheiro investindo";Finanças do Zero;2188;92;28,02;0,30;12,81;4,230;3;291,00;10,39;8;;2,10
2024-06-07;GCAMP002;Search | Curso Investimentos | Genérico;Search;GAG003;Renda Extra Investimentos;"renda extra investindo; como ganhar dinheiro investindo";Finanças do Zero;2131;101;25,13;0,25;11,79;4,740;3;291,00;11,58;9;;1,90
2024-06-08;GCAMP002;Search | Curso Investimentos | Genérico;Search;GAG003;Renda Extra Investimentos;"renda extra investindo; como ganhar dinheiro investindo";Finanças do Zero;2286;91;30,51;0,34;13,35;4,013;4;388,00;12,72;7;;2,00
2024-06-09;GCAMP002;Search | Curso Investimentos | Genérico;Search;GAG003;Renda Extra Investimentos;"renda extra investindo; como ganhar dinheiro investindo";Finanças do Zero;2833;123;28,56;0,23;10,08;4,354;4;388,00;13,59;10;;1,60
2024-06-10;GCAMP002;Search | Curso Investimentos | Genérico;Search;GAG003;Renda Extra Investimentos;"renda extra investindo; como ganhar dinheiro investindo";Finanças do Zero;1533;66;24,82;0,38;16,19;4,367;2;194,00;7,82;9;;1,30
2024-06-11;GCAMP002;Search | Curso Investimentos | Genérico;Search;GAG003;Renda Extra Investimentos;"renda extra investindo; como ganhar dinheiro investindo";Finanças do Zero;2574;129;27,66;0,21;10,75;5,039;5;485,00;17,53;10;;1,80
2024-06-12;GCAMP002;Search | Curso Investimentos | Genérico;Search;GAG003;Renda Extra Investimentos;"renda extra investindo; como ganhar dinheiro investindo";Finanças do Zero;3093;136;23,07;0,17;7,46;4,414;7;679,00;29,43;8;;2,00
2024-06-13;GCAMP002;Search | Curso Investimentos | Genérico;Search;GAG003;Renda Extra Investimentos;"renda extra investindo; como ganhar dinheiro investindo";Finanças do Zero;3231;143;23,40;0,16;7,24;4,450;6;582,00;24,87;6;;1,70
2024-06-14;GCAMP002;Search | Curso Investimentos | Genérico;Search;GAG003;Renda Extra Investimentos;"renda extra investindo; como ganhar dinheiro investindo";Finanças do Zero;2073;85;22,56;0,27;10,88;4,141;3;291,00;12,90;8;;1,80
2024-06-15;GCAMP002;Search | Curso Investimentos | Genérico;Search;GAG003;Renda Extra Investimentos;"renda extra investindo; como ganhar dinheiro investindo";Finanças do Zero;2155;94;25,02;0,27;11,61;4,364;3;291,00;11,63;10;;1,90
2024-06-16;GCAMP002;Search | Curso Investimentos | Genérico;Search;GAG003;Renda Extra Investimentos;"renda extra investindo; como ganhar dinheiro investindo";Finanças do Zero;2836;130;29,15;0,22;10,28;4,597;6;582,00;19,97;8;;2,30
2024-06-17;GCAMP002;Search | Curso Investimentos | Genérico;Search;GAG003;Renda Extra Investimentos;"renda extra investindo; como ganhar dinheiro investindo";Finanças do Zero;2746;110;27,04;0,25;9,85;4,033;5;485,00;17,94;8;;2,20
2024-06-18;GCAMP002;Search | Curso Investimentos | Genérico;Search;GAG003;Renda Extra Investimentos;"renda extra investindo; como ganhar dinheiro investindo";Finanças do Zero;3469;153;27,48;0,18;7,92;4,427;5;485,00;17,65;10;;1,30
2024-06-19;GCAMP002;Search | Curso Investimentos | Genérico;Search;GAG003;Renda Extra Investimentos;"renda extra investindo; como ganhar dinheiro investindo";Finanças do Zero;2714;133;27,82;0,21;10,25;4,903;6;582,00;20,92;10;;1,70
2024-06-20;GCAMP002;Search | Curso Investimentos | Genérico;Search;GAG003;Renda Extra Investimentos;"renda extra investindo; como ganhar dinheiro investindo";Finanças do Zero;2131;84;23,98;0,29;11,25;3,970;3;291,00;12,14;9;;1,90
2024-06-21;GCAMP002;Search | Curso Investimentos | Genérico;Search;GAG003;Renda Extra Investimentos;"renda extra investindo; como ganhar dinheiro investindo";Finanças do Zero;1751;75;25,23;0,34;14,41;4,285;2;194,00;7,69;10;;2,00
2024-06-22;GCAMP002;Search | Curso Investimentos | Genérico;Search;GAG003;Renda Extra Investimentos;"renda extra investindo; como ganhar dinheiro investindo";Finanças do Zero;2587;129;29,89;0,23;11,55;4,989;6;582,00;19,47;10;;2,00
2024-06-23;GCAMP002;Search | Curso Investimentos | Genérico;Search;GAG003;Renda Extra Investimentos;"renda extra investindo; como ganhar dinheiro investindo";Finanças do Zero;2748;122;28,56;0,23;10,39;4,458;4;388,00;13,59;9;;1,50
2024-06-24;GCAMP002;Search | Curso Investimentos | Genérico;Search;GAG003;Renda Extra Investimentos;"renda extra investindo; como ganhar dinheiro investindo";Finanças do Zero;2470;100;25,10;0,25;10,16;4,074;4;388,00;15,46;6;;2,10
2024-06-25;GCAMP002;Search | Curso Investimentos | Genérico;Search;GAG003;Renda Extra Investimentos;"renda extra investindo; como ganhar dinheiro investindo";Finanças do Zero;1911;77;29,56;0,38;15,47;4,055;3;291,00;9,84;8;;2,20
2024-06-26;GCAMP002;Search | Curso Investimentos | Genérico;Search;GAG003;Renda Extra Investimentos;"renda extra investindo; como ganhar dinheiro investindo";Finanças do Zero;1885;84;29,10;0,35;15,44;4,503;4;388,00;13,33;7;;2,10
2024-06-27;GCAMP002;Search | Curso Investimentos | Genérico;Search;GAG003;Renda Extra Investimentos;"renda extra investindo; como ganhar dinheiro investindo";Finanças do Zero;2754;119;25,35;0,21;9,21;4,326;5;485,00;19,13;6;;1,70
2024-06-28;GCAMP002;Search | Curso Investimentos | Genérico;Search;GAG003;Renda Extra Investimentos;"renda extra investindo; como ganhar dinheiro investindo";Finanças do Zero;2646;114;30,63;0,27;11,58;4,335;4;388,00;12,67;8;;1,70
2024-06-29;GCAMP002;Search | Curso Investimentos | Genérico;Search;GAG003;Renda Extra Investimentos;"renda extra investindo; como ganhar dinheiro investindo";Finanças do Zero;2636;116;31,89;0,27;12,10;4,408;6;582,00;18,25;6;;1,90
2024-06-30;GCAMP002;Search | Curso Investimentos | Genérico;Search;GAG003;Renda Extra Investimentos;"renda extra investindo; como ganhar dinheiro investindo";Finanças do Zero;2915;128;25,26;0,20;8,67;4,400;5;485,00;19,20;8;;1,60
2024-07-01;GCAMP002;Search | Curso Investimentos | Genérico;Search;GAG003;Renda Extra Investimentos;"renda extra investindo; como ganhar dinheiro investindo";Finanças do Zero;4360;182;60,53;0,33;13,88;4,197;11;1067,00;17,63;7;;1,50
2024-07-02;GCAMP002;Search | Curso Investimentos | Genérico;Search;GAG003;Renda Extra Investimentos;"renda extra investindo; como ganhar dinheiro investindo";Finanças do Zero;4026;165;53,12;0,32;13,19;4,120;10;970,00;18,26;10;;1,40
2024-07-03;GCAMP002;Search | Curso Investimentos | Genérico;Search;GAG003;Renda Extra Investimentos;"renda extra investindo; como ganhar dinheiro investindo";Finanças do Zero;6394;292;71,53;0,24;11,19;4,573;22;2134,00;29,83;10;;2,20
2024-07-04;GCAMP002;Search | Curso Investimentos | Genérico;Search;GAG003;Renda Extra Investimentos;"renda extra investindo; como ganhar dinheiro investindo";Finanças do Zero;5421;232;65,04;0,28;12,00;4,289;17;1649,00;25,35;10;;1,90
2024-07-05;GCAMP002;Search | Curso Investimentos | Genérico;Search;GAG003;Renda Extra Investimentos;"renda extra investindo; como ganhar dinheiro investindo";Finanças do Zero;6950;307;69,06;0,22;9,94;4,419;19;1843,00;26,69;9;;1,90
2024-07-06;GCAMP002;Search | Curso Investimentos | Genérico;Search;GAG003;Renda Extra Investimentos;"renda extra investindo; como ganhar dinheiro investindo";Finanças do Zero;4941;239;62,11;0,26;12,57;4,857;17;1649,00;26,55;10;;2,10
2024-07-07;GCAMP002;Search | Curso Investimentos | Genérico;Search;GAG003;Renda Extra Investimentos;"renda extra investindo; como ganhar dinheiro investindo";Finanças do Zero;4581;187;76,16;0,41;16,63;4,090;12;1164,00;15,28;6;;1,40
2024-07-08;GCAMP002;Search | Curso Investimentos | Genérico;Search;GAG003;Renda Extra Investimentos;"renda extra investindo; como ganhar dinheiro investindo";Finanças do Zero;10510;426;90,24;0,21;8,59;4,058;32;3104,00;34,40;7;;1,80
2024-07-09;GCAMP002;Search | Curso Investimentos | Genérico;Search;GAG003;Renda Extra Investimentos;"renda extra investindo; como ganhar dinheiro investindo";Finanças do Zero;6095;285;92,79;0,33;15,22;4,681;18;1746,00;18,82;9;;2,10
2024-07-10;GCAMP002;Search | Curso Investimentos | Genérico;Search;GAG003;Renda Extra Investimentos;"renda extra investindo; como ganhar dinheiro investindo";Finanças do Zero;5439;239;89,99;0,38;16,54;4,411;17;1649,00;18,32;9;;1,80
2024-07-11;GCAMP002;Search | Curso Investimentos | Genérico;Search;GAG003;Renda Extra Investimentos;"renda extra investindo; como ganhar dinheiro investindo";Finanças do Zero;10695;493;106,80;0,22;9,99;4,617;27;2619,00;24,52;8;;2,20
2024-07-12;GCAMP002;Search | Curso Investimentos | Genérico;Search;GAG003;Renda Extra Investimentos;"renda extra investindo; como ganhar dinheiro investindo";Finanças do Zero;12810;610;132,96;0,22;10,38;4,764;33;3201,00;24,07;7;;1,60
2024-07-13;GCAMP002;Search | Curso Investimentos | Genérico;Search;GAG003;Renda Extra Investimentos;"renda extra investindo; como ganhar dinheiro investindo";Finanças do Zero;12894;607;128,14;0,21;9,94;4,710;45;4365,00;34,06;8;;1,40
2024-07-14;GCAMP002;Search | Curso Investimentos | Genérico;Search;GAG003;Renda Extra Investimentos;"renda extra investindo; como ganhar dinheiro investindo";Finanças do Zero;16602;671;145,14;0,22;8,74;4,047;48;4656,00;32,08;7;;1,30
2024-07-15;GCAMP002;Search | Curso Investimentos | Genérico;Search;GAG003;Renda Extra Investimentos;"renda extra investindo; como ganhar dinheiro investindo";Finanças do Zero;13469;656;140,07;0,21;10,40;4,871;47;4559,00;32,55;10;;1,60
2024-07-16;GCAMP002;Search | Curso Investimentos | Genérico;Search;GAG003;Renda Extra Investimentos;"renda extra investindo; como ganhar dinheiro investindo";Finanças do Zero;10940;441;135,69;0,31;12,40;4,032;34;3298,00;24,31;6;;2,00
2024-07-17;GCAMP002;Search | Curso Investimentos | Genérico;Search;GAG003;Renda Extra Investimentos;"renda extra investindo; como ganhar dinheiro investindo";Finanças do Zero;13716;554;117,93;0,21;8,60;4,045;38;3686,00;31,26;7;;1,90
2024-07-18;GCAMP002;Search | Curso Investimentos | Genérico;Search;GAG003;Renda Extra Investimentos;"renda extra investindo; como ganhar dinheiro investindo";Finanças do Zero;9906;469;125,05;0,27;12,62;4,738;31;3007,00;24,05;10;;1,30
2024-07-19;GCAMP002;Search | Curso Investimentos | Genérico;Search;GAG003;Renda Extra Investimentos;"renda extra investindo; como ganhar dinheiro investindo";Finanças do Zero;9923;455;102,21;0,22;10,30;4,588;24;2328,00;22,78;7;;2,30
2024-07-20;GCAMP002;Search | Curso Investimentos | Genérico;Search;GAG003;Renda Extra Investimentos;"renda extra investindo; como ganhar dinheiro investindo";Finanças do Zero;6081;284;99,24;0,35;16,32;4,677;22;2134,00;21,50;7;;1,80
2024-07-21;GCAMP002;Search | Curso Investimentos | Genérico;Search;GAG003;Renda Extra Investimentos;"renda extra investindo; como ganhar dinheiro investindo";Finanças do Zero;8063;383;92,14;0,24;11,43;4,762;22;2134,00;23,16;8;;2,10
2024-07-22;GCAMP002;Search | Curso Investimentos | Genérico;Search;GAG003;Renda Extra Investimentos;"renda extra investindo; como ganhar dinheiro investindo";Finanças do Zero;8793;379;77,34;0,20;8,80;4,316;21;2037,00;26,34;8;;1,30
2024-07-23;GCAMP002;Search | Curso Investimentos | Genérico;Search;GAG003;Renda Extra Investimentos;"renda extra investindo; como ganhar dinheiro investindo";Finanças do Zero;8415;366;83,69;0,23;9,95;4,359;25;2425,00;28,98;9;;2,10
2024-07-24;GCAMP002;Search | Curso Investimentos | Genérico;Search;GAG003;Renda Extra Investimentos;"renda extra investindo; como ganhar dinheiro investindo";Finanças do Zero;7060;291;70,36;0,24;9,97;4,124;20;1940,00;27,57;10;;1,90
2024-07-25;GCAMP002;Search | Curso Investimentos | Genérico;Search;GAG003;Renda Extra Investimentos;"renda extra investindo; como ganhar dinheiro investindo";Finanças do Zero;4852;242;62,01;0,26;12,78;4,993;16;1552,00;25,03;7;;2,20
2024-07-26;GCAMP002;Search | Curso Investimentos | Genérico;Search;GAG003;Renda Extra Investimentos;"renda extra investindo; como ganhar dinheiro investindo";Finanças do Zero;4007;184;67,47;0,37;16,84;4,594;11;1067,00;15,81;10;;1,40
2024-07-27;GCAMP002;Search | Curso Investimentos | Genérico;Search;GAG003;Renda Extra Investimentos;"renda extra investindo; como ganhar dinheiro investindo";Finanças do Zero;4113;182;62,94;0,35;15,30;4,436;10;970,00;15,41;7;;2,30
2024-07-28;GCAMP002;Search | Curso Investimentos | Genérico;Search;GAG003;Renda Extra Investimentos;"renda extra investindo; como ganhar dinheiro investindo";Finanças do Zero;6387;310;62,89;0,20;9,85;4,867;22;2134,00;33,93;10;;2,00
2024-07-29;GCAMP002;Search | Curso Investimentos | Genérico;Search;GAG003;Renda Extra Investimentos;"renda extra investindo; como ganhar dinheiro investindo";Finanças do Zero;5095;218;54,45;0,25;10,69;4,289;15;1455,00;26,72;8;;1,50
2024-07-30;GCAMP002;Search | Curso Investimentos | Genérico;Search;GAG003;Renda Extra Investimentos;"renda extra investindo; como ganhar dinheiro investindo";Finanças do Zero;6983;300;60,36;0,20;8,64;4,305;22;2134,00;35,35;9;;2,20
2024-07-31;GCAMP002;Search | Curso Investimentos | Genérico;Search;GAG003;Renda Extra Investimentos;"renda extra investindo; como ganhar dinheiro investindo";Finanças do Zero;6193;281;49,10;0,17;7,93;4,539;19;1843,00;37,54;6;;2,10
2024-08-01;GCAMP002;Search | Curso Investimentos | Genérico;Search;GAG003;Renda Extra Investimentos;"renda extra investindo; como ganhar dinheiro investindo";Finanças do Zero;3647;167;27,26;0,16;7,48;4,589;7;679,00;24,91;8;;2,00
2024-08-02;GCAMP002;Search | Curso Investimentos | Genérico;Search;GAG003;Renda Extra Investimentos;"renda extra investindo; como ganhar dinheiro investindo";Finanças do Zero;2397;100;30,21;0,30;12,61;4,185;5;485,00;16,05;8;;2,30
2024-08-03;GCAMP002;Search | Curso Investimentos | Genérico;Search;GAG003;Renda Extra Investimentos;"renda extra investindo; como ganhar dinheiro investindo";Finanças do Zero;3260;129;28,90;0,22;8,86;3,976;6;582,00;20,14;6;;1,40
2024-08-04;GCAMP002;Search | Curso Investimentos | Genérico;Search;GAG003;Renda Extra Investimentos;"renda extra investindo; como ganhar dinheiro investindo";Finanças do Zero;2282;109;30,91;0,28;13,54;4,797;4;388,00;12,55;10;;1,80
2024-08-05;GCAMP002;Search | Curso Investimentos | Genérico;Search;GAG003;Renda Extra Investimentos;"renda extra investindo; como ganhar dinheiro investindo";Finanças do Zero;2570;120;21,51;0,18;8,37;4,682;6;582,00;27,06;7;;2,30
2024-08-06;GCAMP002;Search | Curso Investimentos | Genérico;Search;GAG003;Renda Extra Investimentos;"renda extra investindo; como ganhar dinheiro investindo";Finanças do Zero;2695;134;26,29;0,20;9,75;4,979;6;582,00;22,14;10;;1,90
2024-08-07;GCAMP002;Search | Curso Investimentos | Genérico;Search;GAG003;Renda Extra Investimentos;"renda extra investindo; como ganhar dinheiro investindo";Finanças do Zero;2624;116;29,40;0,25;11,21;4,438;4;388,00;13,20;9;;1,50
2024-08-08;GCAMP002;Search | Curso Investimentos | Genérico;Search;GAG003;Renda Extra Investimentos;"renda extra investindo; como ganhar dinheiro investindo";Finanças do Zero;2925;127;28,49;0,22;9,74;4,365;4;388,00;13,62;6;;1,90
2024-08-09;GCAMP002;Search | Curso Investimentos | Genérico;Search;GAG003;Renda Extra Investimentos;"renda extra investindo; como ganhar dinheiro investindo";Finanças do Zero;2395;103;30,63;0,30;12,79;4,312;5;485,00;15,83;7;;1,90
2024-08-10;GCAMP002;Search | Curso Investimentos | Genérico;Search;GAG003;Renda Extra Investimentos;"renda extra investindo; como ganhar dinheiro investindo";Finanças do Zero;1748;84;27,75;0,33;15,88;4,844;3;291,00;10,49;9;;1,50
2024-08-11;GCAMP002;Search | Curso Investimentos | Genérico;Search;GAG003;Renda Extra Investimentos;"renda extra investindo; como ganhar dinheiro investindo";Finanças do Zero;3097;134;34,26;0,26;11,06;4,329;6;582,00;16,99;10;;1,80
2024-08-12;GCAMP002;Search | Curso Investimentos | Genérico;Search;GAG003;Renda Extra Investimentos;"renda extra investindo; como ganhar dinheiro investindo";Finanças do Zero;2787;121;33,71;0,28;12,09;4,342;5;485,00;14,39;6;;1,30
2024-08-13;GCAMP002;Search | Curso Investimentos | Genérico;Search;GAG003;Renda Extra Investimentos;"renda extra investindo; como ganhar dinheiro investindo";Finanças do Zero;1643;82;26,84;0,33;16,34;5,005;3;291,00;10,84;9;;1,40
2024-08-14;GCAMP002;Search | Curso Investimentos | Genérico;Search;GAG003;Renda Extra Investimentos;"renda extra investindo; como ganhar dinheiro investindo";Finanças do Zero;2315;92;22,87;0,25;9,88;4,013;3;291,00;12,72;6;;1,60
2024-08-15;GCAMP002;Search | Curso Investimentos | Genérico;Search;GAG003;Renda Extra Investimentos;"renda extra investindo; como ganhar dinheiro investindo";Finanças do Zero;3067;149;30,30;0,20;9,88;4,859;6;582,00;19,21;6;;1,30
2024-08-16;GCAMP002;Search | Curso Investimentos | Genérico;Search;GAG003;Renda Extra Investimentos;"renda extra investindo; como ganhar dinheiro investindo";Finanças do Zero;2069;101;21,71;0,21;10,49;4,920;4;388,00;17,87;10;;2,30
2024-08-17;GCAMP002;Search | Curso Investimentos | Genérico;Search;GAG003;Renda Extra Investimentos;"renda extra investindo; como ganhar dinheiro investindo";Finanças do Zero;2592;109;26,94;0,25;10,39;4,210;4;388,00;14,40;7;;2,20
2024-08-18;GCAMP002;Search | Curso Investimentos | Genérico;Search;GAG003;Renda Extra Investimentos;"renda extra investindo; como ganhar dinheiro investindo";Finanças do Zero;2391;119;32,21;0,27;13,47;5,007;4;388,00;12,05;7;;1,40
2024-08-19;GCAMP002;Search | Curso Investimentos | Genérico;Search;GAG003;Renda Extra Investimentos;"renda extra investindo; como ganhar dinheiro investindo";Finanças do Zero;3112;125;25,60;0,20;8,23;4,033;4;388,00;15,16;6;;1,60
2024-08-20;GCAMP002;Search | Curso Investimentos | Genérico;Search;GAG003;Renda Extra Investimentos;"renda extra investindo; como ganhar dinheiro investindo";Finanças do Zero;2552;119;26,05;0,22;10,21;4,667;5;485,00;18,62;6;;1,40
2024-08-21;GCAMP002;Search | Curso Investimentos | Genérico;Search;GAG003;Renda Extra Investimentos;"renda extra investindo; como ganhar dinheiro investindo";Finanças do Zero;2561;122;31,04;0,25;12,12;4,776;6;582,00;18,75;6;;1,90
2024-08-22;GCAMP002;Search | Curso Investimentos | Genérico;Search;GAG003;Renda Extra Investimentos;"renda extra investindo; como ganhar dinheiro investindo";Finanças do Zero;2123;88;25,46;0,29;11,99;4,156;4;388,00;15,24;10;;1,30
2024-08-23;GCAMP002;Search | Curso Investimentos | Genérico;Search;GAG003;Renda Extra Investimentos;"renda extra investindo; como ganhar dinheiro investindo";Finanças do Zero;2744;125;29,88;0,24;10,89;4,562;6;582,00;19,48;9;;1,70
2024-08-24;GCAMP002;Search | Curso Investimentos | Genérico;Search;GAG003;Renda Extra Investimentos;"renda extra investindo; como ganhar dinheiro investindo";Finanças do Zero;3430;141;31,09;0,22;9,06;4,139;6;582,00;18,72;8;;2,20
2024-08-25;GCAMP002;Search | Curso Investimentos | Genérico;Search;GAG003;Renda Extra Investimentos;"renda extra investindo; como ganhar dinheiro investindo";Finanças do Zero;3931;190;28,64;0,15;7,29;4,858;7;679,00;23,71;10;;2,10
2024-08-26;GCAMP002;Search | Curso Investimentos | Genérico;Search;GAG003;Renda Extra Investimentos;"renda extra investindo; como ganhar dinheiro investindo";Finanças do Zero;1958;83;28,35;0,34;14,48;4,273;3;291,00;10,26;10;;1,40
2024-08-27;GCAMP002;Search | Curso Investimentos | Genérico;Search;GAG003;Renda Extra Investimentos;"renda extra investindo; como ganhar dinheiro investindo";Finanças do Zero;1963;89;23,47;0,26;11,96;4,574;4;388,00;16,53;9;;2,00
2024-08-28;GCAMP002;Search | Curso Investimentos | Genérico;Search;GAG003;Renda Extra Investimentos;"renda extra investindo; como ganhar dinheiro investindo";Finanças do Zero;2481;102;22,17;0,22;8,93;4,140;3;291,00;13,13;8;;1,90
2024-08-29;GCAMP002;Search | Curso Investimentos | Genérico;Search;GAG003;Renda Extra Investimentos;"renda extra investindo; como ganhar dinheiro investindo";Finanças do Zero;1726;84;24,79;0,30;14,36;4,896;3;291,00;11,74;9;;1,30
2024-08-30;GCAMP002;Search | Curso Investimentos | Genérico;Search;GAG003;Renda Extra Investimentos;"renda extra investindo; como ganhar dinheiro investindo";Finanças do Zero;2525;113;27,44;0,24;10,87;4,493;6;582,00;21,21;10;;1,90
2024-08-31;GCAMP002;Search | Curso Investimentos | Genérico;Search;GAG003;Renda Extra Investimentos;"renda extra investindo; como ganhar dinheiro investindo";Finanças do Zero;1584;78;27,55;0,35;17,39;4,956;4;388,00;14,08;9;;1,60
2024-09-01;GCAMP002;Search | Curso Investimentos | Genérico;Search;GAG003;Renda Extra Investimentos;"renda extra investindo; como ganhar dinheiro investindo";Finanças do Zero;1857;88;27,68;0,31;14,90;4,773;4;388,00;14,02;6;;1,50
2024-09-02;GCAMP002;Search | Curso Investimentos | Genérico;Search;GAG003;Renda Extra Investimentos;"renda extra investindo; como ganhar dinheiro investindo";Finanças do Zero;2119;86;26,57;0,31;12,54;4,080;3;291,00;10,95;10;;1,80
2024-09-03;GCAMP002;Search | Curso Investimentos | Genérico;Search;GAG003;Renda Extra Investimentos;"renda extra investindo; como ganhar dinheiro investindo";Finanças do Zero;2423;118;27,28;0,23;11,26;4,911;6;582,00;21,33;8;;1,90
2024-09-04;GCAMP002;Search | Curso Investimentos | Genérico;Search;GAG003;Renda Extra Investimentos;"renda extra investindo; como ganhar dinheiro investindo";Finanças do Zero;3312;134;28,65;0,21;8,65;4,062;5;485,00;16,93;9;;1,60
2024-09-05;GCAMP002;Search | Curso Investimentos | Genérico;Search;GAG003;Renda Extra Investimentos;"renda extra investindo; como ganhar dinheiro investindo";Finanças do Zero;2101;101;26,58;0,26;12,65;4,831;5;485,00;18,25;10;;1,80
2024-09-06;GCAMP002;Search | Curso Investimentos | Genérico;Search;GAG003;Renda Extra Investimentos;"renda extra investindo; como ganhar dinheiro investindo";Finanças do Zero;2576;120;34,14;0,28;13,25;4,667;5;485,00;14,21;6;;2,00
2024-09-07;GCAMP002;Search | Curso Investimentos | Genérico;Search;GAG003;Renda Extra Investimentos;"renda extra investindo; como ganhar dinheiro investindo";Finanças do Zero;2423;120;35,20;0,29;14,53;4,960;4;388,00;11,02;9;;1,80
2024-09-08;GCAMP002;Search | Curso Investimentos | Genérico;Search;GAG003;Renda Extra Investimentos;"renda extra investindo; como ganhar dinheiro investindo";Finanças do Zero;2296;92;28,29;0,31;12,32;4,041;3;291,00;10,29;9;;1,80
2024-09-09;GCAMP002;Search | Curso Investimentos | Genérico;Search;GAG003;Renda Extra Investimentos;"renda extra investindo; como ganhar dinheiro investindo";Finanças do Zero;2093;99;26,60;0,27;12,71;4,771;4;388,00;14,59;10;;1,80
2024-09-10;GCAMP002;Search | Curso Investimentos | Genérico;Search;GAG003;Renda Extra Investimentos;"renda extra investindo; como ganhar dinheiro investindo";Finanças do Zero;1798;82;26,05;0,32;14,49;4,590;3;291,00;11,17;6;;1,50
2024-09-11;GCAMP002;Search | Curso Investimentos | Genérico;Search;GAG003;Renda Extra Investimentos;"renda extra investindo; como ganhar dinheiro investindo";Finanças do Zero;2449;103;28,35;0,28;11,58;4,229;5;485,00;17,11;8;;1,70
2024-09-12;GCAMP002;Search | Curso Investimentos | Genérico;Search;GAG003;Renda Extra Investimentos;"renda extra investindo; como ganhar dinheiro investindo";Finanças do Zero;3425;157;27,10;0,17;7,91;4,584;7;679,00;25,06;8;;1,40
2024-09-13;GCAMP002;Search | Curso Investimentos | Genérico;Search;GAG003;Renda Extra Investimentos;"renda extra investindo; como ganhar dinheiro investindo";Finanças do Zero;2463;105;32,10;0,31;13,03;4,302;4;388,00;12,09;9;;2,20
2024-09-14;GCAMP002;Search | Curso Investimentos | Genérico;Search;GAG003;Renda Extra Investimentos;"renda extra investindo; como ganhar dinheiro investindo";Finanças do Zero;3223;146;29,62;0,20;9,19;4,538;6;582,00;19,65;7;;2,30
2024-09-15;GCAMP002;Search | Curso Investimentos | Genérico;Search;GAG003;Renda Extra Investimentos;"renda extra investindo; como ganhar dinheiro investindo";Finanças do Zero;3894;173;33,00;0,19;8,47;4,461;8;776,00;23,52;9;;2,10
2024-09-16;GCAMP002;Search | Curso Investimentos | Genérico;Search;GAG003;Renda Extra Investimentos;"renda extra investindo; como ganhar dinheiro investindo";Finanças do Zero;3231;141;32,09;0,23;9,93;4,368;7;679,00;21,16;8;;1,80
2024-09-17;GCAMP002;Search | Curso Investimentos | Genérico;Search;GAG003;Renda Extra Investimentos;"renda extra investindo; como ganhar dinheiro investindo";Finanças do Zero;2254;94;28,89;0,31;12,82;4,193;3;291,00;10,07;10;;1,60
2024-09-18;GCAMP002;Search | Curso Investimentos | Genérico;Search;GAG003;Renda Extra Investimentos;"renda extra investindo; como ganhar dinheiro investindo";Finanças do Zero;2892;138;32,34;0,23;11,18;4,772;5;485,00;15,00;6;;1,90
2024-09-19;GCAMP002;Search | Curso Investimentos | Genérico;Search;GAG003;Renda Extra Investimentos;"renda extra investindo; como ganhar dinheiro investindo";Finanças do Zero;3705;152;31,68;0,21;8,55;4,127;8;776,00;24,49;6;;2,10
2024-09-20;GCAMP002;Search | Curso Investimentos | Genérico;Search;GAG003;Renda Extra Investimentos;"renda extra investindo; como ganhar dinheiro investindo";Finanças do Zero;2275;95;29,11;0,31;12,79;4,201;4;388,00;13,33;9;;1,50
2024-09-21;GCAMP002;Search | Curso Investimentos | Genérico;Search;GAG003;Renda Extra Investimentos;"renda extra investindo; como ganhar dinheiro investindo";Finanças do Zero;2939;119;28,51;0,24;9,70;4,062;4;388,00;13,61;8;;1,60
2024-09-22;GCAMP002;Search | Curso Investimentos | Genérico;Search;GAG003;Renda Extra Investimentos;"renda extra investindo; como ganhar dinheiro investindo";Finanças do Zero;3044;150;35,95;0,24;11,81;4,929;7;679,00;18,89;6;;1,50
2024-09-23;GCAMP002;Search | Curso Investimentos | Genérico;Search;GAG003;Renda Extra Investimentos;"renda extra investindo; como ganhar dinheiro investindo";Finanças do Zero;2658;111;22,60;0,20;8,50;4,203;5;485,00;21,46;10;;1,40
2024-09-24;GCAMP002;Search | Curso Investimentos | Genérico;Search;GAG003;Renda Extra Investimentos;"renda extra investindo; como ganhar dinheiro investindo";Finanças do Zero;2081;96;26,20;0,27;12,59;4,621;4;388,00;14,81;10;;2,30
2024-09-25;GCAMP002;Search | Curso Investimentos | Genérico;Search;GAG003;Renda Extra Investimentos;"renda extra investindo; como ganhar dinheiro investindo";Finanças do Zero;1901;85;28,07;0,33;14,77;4,504;4;388,00;13,82;6;;1,50
2024-09-26;GCAMP002;Search | Curso Investimentos | Genérico;Search;GAG003;Renda Extra Investimentos;"renda extra investindo; como ganhar dinheiro investindo";Finanças do Zero;2837;125;31,96;0,26;11,26;4,411;5;485,00;15,18;10;;1,60
2024-09-27;GCAMP002;Search | Curso Investimentos | Genérico;Search;GAG003;Renda Extra Investimentos;"renda extra investindo; como ganhar dinheiro investindo";Finanças do Zero;2435;106;27,41;0,26;11,26;4,378;4;388,00;14,16;10;;1,40
2024-09-28;GCAMP002;Search | Curso Investimentos | Genérico;Search;GAG003;Renda Extra Investimentos;"renda extra investindo; como ganhar dinheiro investindo";Finanças do Zero;1824;80;27,02;0,34;14,81;4,435;4;388,00;14,36;8;;1,70
2024-09-29;GCAMP002;Search | Curso Investimentos | Genérico;Search;GAG003;Renda Extra Investimentos;"renda extra investindo; como ganhar dinheiro investindo";Finanças do Zero;3263;131;31,15;0,24;9,55;4,044;4;388,00;12,46;10;;1,60
2024-09-30;GCAMP002;Search | Curso Investimentos | Genérico;Search;GAG003;Renda Extra Investimentos;"renda extra investindo; como ganhar dinheiro investindo";Finanças do Zero;2294;114;22,54;0,20;9,82;5,005;5;485,00;21,52;7;;2,30
2024-10-01;GCAMP002;Search | Curso Investimentos | Genérico;Search;GAG003;Renda Extra Investimentos;"renda extra investindo; como ganhar dinheiro investindo";Finanças do Zero;2539;114;31,53;0,28;12,42;4,517;5;485,00;15,38;9;;1,60
2024-10-02;GCAMP002;Search | Curso Investimentos | Genérico;Search;GAG003;Renda Extra Investimentos;"renda extra investindo; como ganhar dinheiro investindo";Finanças do Zero;1768;74;27,32;0,37;15,45;4,219;3;291,00;10,65;6;;1,50
2024-10-03;GCAMP002;Search | Curso Investimentos | Genérico;Search;GAG003;Renda Extra Investimentos;"renda extra investindo; como ganhar dinheiro investindo";Finanças do Zero;2716;118;23,67;0,20;8,72;4,379;5;485,00;20,49;7;;2,30
2024-10-04;GCAMP002;Search | Curso Investimentos | Genérico;Search;GAG003;Renda Extra Investimentos;"renda extra investindo; como ganhar dinheiro investindo";Finanças do Zero;2756;118;27,97;0,24;10,15;4,304;5;485,00;17,34;10;;1,90
2024-10-05;GCAMP002;Search | Curso Investimentos | Genérico;Search;GAG003;Renda Extra Investimentos;"renda extra investindo; como ganhar dinheiro investindo";Finanças do Zero;3794;165;27,99;0,17;7,38;4,369;7;679,00;24,26;6;;2,10
2024-10-06;GCAMP002;Search | Curso Investimentos | Genérico;Search;GAG003;Renda Extra Investimentos;"renda extra investindo; como ganhar dinheiro investindo";Finanças do Zero;1599;70;24,77;0,35;15,49;4,421;3;291,00;11,75;9;;2,10
2024-10-07;GCAMP002;Search | Curso Investimentos | Genérico;Search;GAG003;Renda Extra Investimentos;"renda extra investindo; como ganhar dinheiro investindo";Finanças do Zero;2938;128;26,10;0,20;8,88;4,381;5;485,00;18,58;6;;1,90
2024-10-08;GCAMP002;Search | Curso Investimentos | Genérico;Search;GAG003;Renda Extra Investimentos;"renda extra investindo; como ganhar dinheiro investindo";Finanças do Zero;2565;115;28,50;0,25;11,11;4,512;4;388,00;13,61;9;;2,20
2024-10-09;GCAMP002;Search | Curso Investimentos | Genérico;Search;GAG003;Renda Extra Investimentos;"renda extra investindo; como ganhar dinheiro investindo";Finanças do Zero;1804;71;24,86;0,35;13,78;3,986;3;291,00;11,71;10;;1,60
2024-10-10;GCAMP002;Search | Curso Investimentos | Genérico;Search;GAG003;Renda Extra Investimentos;"renda extra investindo; como ganhar dinheiro investindo";Finanças do Zero;3279;159;34,34;0,22;10,47;4,854;6;582,00;16,95;6;;2,20
2024-10-11;GCAMP002;Search | Curso Investimentos | Genérico;Search;GAG003;Renda Extra Investimentos;"renda extra investindo; como ganhar dinheiro investindo";Finanças do Zero;2575;123;31,30;0,25;12,15;4,796;5;485,00;15,50;8;;2,20
2024-10-12;GCAMP002;Search | Curso Investimentos | Genérico;Search;GAG003;Renda Extra Investimentos;"renda extra investindo; como ganhar dinheiro investindo";Finanças do Zero;1574;78;28,43;0,36;18,06;4,959;3;291,00;10,24;10;;1,80
2024-10-13;GCAMP002;Search | Curso Investimentos | Genérico;Search;GAG003;Renda Extra Investimentos;"renda extra investindo; como ganhar dinheiro investindo";Finanças do Zero;2113;106;28,19;0,27;13,34;5,030;5;485,00;17,20;9;;1,70
2024-10-14;GCAMP002;Search | Curso Investimentos | Genérico;Search;GAG003;Renda Extra Investimentos;"renda extra investindo; como ganhar dinheiro investindo";Finanças do Zero;2187;91;23,45;0,26;10,72;4,200;3;291,00;12,41;6;;1,50
2024-10-15;GCAMP002;Search | Curso Investimentos | Genérico;Search;GAG003;Renda Extra Investimentos;"renda extra investindo; como ganhar dinheiro investindo";Finanças do Zero;2119;102;26,25;0,26;12,39;4,835;5;485,00;18,48;10;;2,00
2024-10-16;GCAMP002;Search | Curso Investimentos | Genérico;Search;GAG003;Renda Extra Investimentos;"renda extra investindo; como ganhar dinheiro investindo";Finanças do Zero;2590;102;28,41;0,28;10,97;3,966;4;388,00;13,66;10;;1,30
2024-10-17;GCAMP002;Search | Curso Investimentos | Genérico;Search;GAG003;Renda Extra Investimentos;"renda extra investindo; como ganhar dinheiro investindo";Finanças do Zero;2124;103;31,22;0,30;14,70;4,888;3;291,00;9,32;9;;2,20
2024-10-18;GCAMP002;Search | Curso Investimentos | Genérico;Search;GAG003;Renda Extra Investimentos;"renda extra investindo; como ganhar dinheiro investindo";Finanças do Zero;2047;90;27,84;0,31;13,60;4,410;3;291,00;10,45;6;;2,20
2024-10-19;GCAMP002;Search | Curso Investimentos | Genérico;Search;GAG003;Renda Extra Investimentos;"renda extra investindo; como ganhar dinheiro investindo";Finanças do Zero;2710;128;30,98;0,24;11,43;4,729;6;582,00;18,79;6;;1,50
2024-10-20;GCAMP002;Search | Curso Investimentos | Genérico;Search;GAG003;Renda Extra Investimentos;"renda extra investindo; como ganhar dinheiro investindo";Finanças do Zero;2202;110;33,44;0,30;15,19;5,001;4;388,00;11,60;7;;1,80
2024-10-21;GCAMP002;Search | Curso Investimentos | Genérico;Search;GAG003;Renda Extra Investimentos;"renda extra investindo; como ganhar dinheiro investindo";Finanças do Zero;3337;140;26,82;0,19;8,04;4,219;7;679,00;25,32;8;;1,30
2024-10-22;GCAMP002;Search | Curso Investimentos | Genérico;Search;GAG003;Renda Extra Investimentos;"renda extra investindo; como ganhar dinheiro investindo";Finanças do Zero;4003;194;30,64;0,16;7,65;4,867;8;776,00;25,33;8;;1,50
2024-10-23;GCAMP002;Search | Curso Investimentos | Genérico;Search;GAG003;Renda Extra Investimentos;"renda extra investindo; como ganhar dinheiro investindo";Finanças do Zero;2348;107;27,58;0,26;11,75;4,567;4;388,00;14,07;7;;1,50
2024-10-24;GCAMP002;Search | Curso Investimentos | Genérico;Search;GAG003;Renda Extra Investimentos;"renda extra investindo; como ganhar dinheiro investindo";Finanças do Zero;1977;80;25,15;0,31;12,72;4,064;3;291,00;11,57;7;;1,90
2024-10-25;GCAMP002;Search | Curso Investimentos | Genérico;Search;GAG003;Renda Extra Investimentos;"renda extra investindo; como ganhar dinheiro investindo";Finanças do Zero;1747;87;26,48;0,30;15,15;5,013;3;291,00;10,99;10;;2,20
2024-10-26;GCAMP002;Search | Curso Investimentos | Genérico;Search;GAG003;Renda Extra Investimentos;"renda extra investindo; como ganhar dinheiro investindo";Finanças do Zero;2271;97;32,43;0,33;14,28;4,300;5;485,00;14,96;9;;1,80
2024-10-27;GCAMP002;Search | Curso Investimentos | Genérico;Search;GAG003;Renda Extra Investimentos;"renda extra investindo; como ganhar dinheiro investindo";Finanças do Zero;2689;114;27,68;0,24;10,29;4,272;5;485,00;17,52;10;;1,40
2024-10-28;GCAMP002;Search | Curso Investimentos | Genérico;Search;GAG003;Renda Extra Investimentos;"renda extra investindo; como ganhar dinheiro investindo";Finanças do Zero;1874;91;22,17;0,24;11,83;4,882;3;291,00;13,13;8;;1,60
2024-10-29;GCAMP002;Search | Curso Investimentos | Genérico;Search;GAG003;Renda Extra Investimentos;"renda extra investindo; como ganhar dinheiro investindo";Finanças do Zero;3339;165;28,39;0,17;8,50;4,949;6;582,00;20,50;9;;2,10
2024-10-30;GCAMP002;Search | Curso Investimentos | Genérico;Search;GAG003;Renda Extra Investimentos;"renda extra investindo; como ganhar dinheiro investindo";Finanças do Zero;3047;133;30,84;0,23;10,12;4,397;5;485,00;15,73;7;;1,70
2024-10-31;GCAMP002;Search | Curso Investimentos | Genérico;Search;GAG003;Renda Extra Investimentos;"renda extra investindo; como ganhar dinheiro investindo";Finanças do Zero;3397;163;27,86;0,17;8,20;4,819;6;582,00;20,89;10;;1,40
2024-11-01;GCAMP002;Search | Curso Investimentos | Genérico;Search;GAG003;Renda Extra Investimentos;"renda extra investindo; como ganhar dinheiro investindo";Finanças do Zero;4394;197;45,72;0,23;10,40;4,501;15;1455,00;31,82;7;;2,10
2024-11-02;GCAMP002;Search | Curso Investimentos | Genérico;Search;GAG003;Renda Extra Investimentos;"renda extra investindo; como ganhar dinheiro investindo";Finanças do Zero;5435;233;61,45;0,26;11,31;4,291;17;1649,00;26,83;6;;1,70
2024-11-03;GCAMP002;Search | Curso Investimentos | Genérico;Search;GAG003;Renda Extra Investimentos;"renda extra investindo; como ganhar dinheiro investindo";Finanças do Zero;5513;247;53,66;0,22;9,73;4,482;14;1358,00;25,31;9;;1,70
2024-11-04;GCAMP002;Search | Curso Investimentos | Genérico;Search;GAG003;Renda Extra Investimentos;"renda extra investindo; como ganhar dinheiro investindo";Finanças do Zero;4940;231;53,49;0,23;10,83;4,680;13;1261,00;23,57;9;;1,80
2024-11-05;GCAMP002;Search | Curso Investimentos | Genérico;Search;GAG003;Renda Extra Investimentos;"renda extra investindo; como ganhar dinheiro investindo";Finanças do Zero;4881;222;61,57;0,28;12,61;4,558;13;1261,00;20,48;9;;2,20
2024-11-06;GCAMP002;Search | Curso Investimentos | Genérico;Search;GAG003;Renda Extra Investimentos;"renda extra investindo; como ganhar dinheiro investindo";Finanças do Zero;7956;334;67,23;0,20;8,45;4,208;18;1746,00;25,97;10;;2,10
2024-11-07;GCAMP002;Search | Curso Investimentos | Genérico;Search;GAG003;Renda Extra Investimentos;"renda extra investindo; como ganhar dinheiro investindo";Finanças do Zero;6592;310;81,59;0,26;12,38;4,714;17;1649,00;20,21;10;;2,30
2024-11-08;GCAMP002;Search | Curso Investimentos | Genérico;Search;GAG003;Renda Extra Investimentos;"renda extra investindo; como ganhar dinheiro investindo";Finanças do Zero;7743;345;74,51;0,22;9,62;4,465;25;2425,00;32,55;6;;1,40
2024-11-09;GCAMP002;Search | Curso Investimentos | Genérico;Search;GAG003;Renda Extra Investimentos;"renda extra investindo; como ganhar dinheiro investindo";Finanças do Zero;9696;459;88,58;0,19;9,14;4,737;28;2716,00;30,66;9;;1,50
2024-11-10;GCAMP002;Search | Curso Investimentos | Genérico;Search;GAG003;Renda Extra Investimentos;"renda extra investindo; como ganhar dinheiro investindo";Finanças do Zero;9857;419;116,78;0,28;11,85;4,257;29;2813,00;24,09;10;;2,30
2024-11-11;GCAMP002;Search | Curso Investimentos | Genérico;Search;GAG003;Renda Extra Investimentos;"renda extra investindo; como ganhar dinheiro investindo";Finanças do Zero;6957;337;110,75;0,33;15,92;4,849;26;2522,00;22,77;10;;1,80
2024-11-12;GCAMP002;Search | Curso Investimentos | Genérico;Search;GAG003;Renda Extra Investimentos;"renda extra investindo; como ganhar dinheiro investindo";Finanças do Zero;10673;529;127,24;0,24;11,92;4,964;39;3783,00;29,73;8;;1,30
2024-11-13;GCAMP002;Search | Curso Investimentos | Genérico;Search;GAG003;Renda Extra Investimentos;"renda extra investindo; como ganhar dinheiro investindo";Finanças do Zero;14558;718;137,38;0,19;9,44;4,936;40;3880,00;28,24;6;;1,80
2024-11-14;GCAMP002;Search | Curso Investimentos | Genérico;Search;GAG003;Renda Extra Investimentos;"renda extra investindo; como ganhar dinheiro investindo";Finanças do Zero;10118;474;159,99;0,34;15,81;4,688;29;2813,00;17,58;10;;2,00
2024-11-15;GCAMP002;Search | Curso Investimentos | Genérico;Search;GAG003;Renda Extra Investimentos;"renda extra investindo; como ganhar dinheiro investindo";Finanças do Zero;10103;499;161,40;0,32;15,98;4,945;39;3783,00;23,44;10;;2,00
2024-11-16;GCAMP002;Search | Curso Investimentos | Genérico;Search;GAG003;Renda Extra Investimentos;"renda extra investindo; como ganhar dinheiro investindo";Finanças do Zero;14549;682;133,60;0,20;9,18;4,692;53;5141,00;38,48;10;;1,40
2024-11-17;GCAMP002;Search | Curso Investimentos | Genérico;Search;GAG003;Renda Extra Investimentos;"renda extra investindo; como ganhar dinheiro investindo";Finanças do Zero;10303;435;133,43;0,31;12,95;4,227;24;2328,00;17,45;8;;1,80
2024-11-18;GCAMP002;Search | Curso Investimentos | Genérico;Search;GAG003;Renda Extra Investimentos;"renda extra investindo; como ganhar dinheiro investindo";Finanças do Zero;15672;691;131,27;0,19;8,38;4,413;39;3783,00;28,82;7;;1,70
2024-11-19;GCAMP002;Search | Curso Investimentos | Genérico;Search;GAG003;Renda Extra Investimentos;"renda extra investindo; como ganhar dinheiro investindo";Finanças do Zero;12695;511;137,32;0,27;10,82;4,032;39;3783,00;27,55;10;;2,20
2024-11-20;GCAMP002;Search | Curso Investimentos | Genérico;Search;GAG003;Renda Extra Investimentos;"renda extra investindo; como ganhar dinheiro investindo";Finanças do Zero;8770;408;97,41;0,24;11,11;4,653;26;2522,00;25,89;7;;1,50
2024-11-21;GCAMP002;Search | Curso Investimentos | Genérico;Search;GAG003;Renda Extra Investimentos;"renda extra investindo; como ganhar dinheiro investindo";Finanças do Zero;10321;453;109,06;0,24;10,57;4,397;28;2716,00;24,90;8;;2,00
2024-11-22;GCAMP002;Search | Curso Investimentos | Genérico;Search;GAG003;Renda Extra Investimentos;"renda extra investindo; como ganhar dinheiro investindo";Finanças do Zero;6762;301;81,49;0,27;12,05;4,462;21;2037,00;25,00;8;;1,50
2024-11-23;GCAMP002;Search | Curso Investimentos | Genérico;Search;GAG003;Renda Extra Investimentos;"renda extra investindo; como ganhar dinheiro investindo";Finanças do Zero;6209;270;83,43;0,31;13,44;4,358;18;1746,00;20,93;9;;2,10
2024-11-24;GCAMP002;Search | Curso Investimentos | Genérico;Search;GAG003;Renda Extra Investimentos;"renda extra investindo; como ganhar dinheiro investindo";Finanças do Zero;6433;292;77,33;0,26;12,02;4,551;16;1552,00;20,07;8;;1,30
2024-11-25;GCAMP002;Search | Curso Investimentos | Genérico;Search;GAG003;Renda Extra Investimentos;"renda extra investindo; como ganhar dinheiro investindo";Finanças do Zero;5471;242;57,89;0,24;10,58;4,440;14;1358,00;23,46;6;;1,30
2024-11-26;GCAMP002;Search | Curso Investimentos | Genérico;Search;GAG003;Renda Extra Investimentos;"renda extra investindo; como ganhar dinheiro investindo";Finanças do Zero;6430;308;62,76;0,20;9,76;4,790;17;1649,00;26,27;9;;1,80
2024-11-27;GCAMP002;Search | Curso Investimentos | Genérico;Search;GAG003;Renda Extra Investimentos;"renda extra investindo; como ganhar dinheiro investindo";Finanças do Zero;5700;281;58,06;0,21;10,19;4,930;17;1649,00;28,40;9;;2,30
2024-11-28;GCAMP002;Search | Curso Investimentos | Genérico;Search;GAG003;Renda Extra Investimentos;"renda extra investindo; como ganhar dinheiro investindo";Finanças do Zero;4718;211;65,92;0,31;13,97;4,484;14;1358,00;20,60;8;;1,40
2024-11-29;GCAMP002;Search | Curso Investimentos | Genérico;Search;GAG003;Renda Extra Investimentos;"renda extra investindo; como ganhar dinheiro investindo";Finanças do Zero;7042;293;60,12;0,21;8,54;4,170;20;1940,00;32,27;8;;2,30
2024-11-30;GCAMP002;Search | Curso Investimentos | Genérico;Search;GAG003;Renda Extra Investimentos;"renda extra investindo; como ganhar dinheiro investindo";Finanças do Zero;6435;312;59,64;0,19;9,27;4,863;22;2134,00;35,78;7;;2,30
2024-12-01;GCAMP002;Search | Curso Investimentos | Genérico;Search;GAG003;Renda Extra Investimentos;"renda extra investindo; como ganhar dinheiro investindo";Finanças do Zero;1803;85;29,14;0,34;16,16;4,717;3;291,00;9,99;7;;1,60
2024-12-02;GCAMP002;Search | Curso Investimentos | Genérico;Search;GAG003;Renda Extra Investimentos;"renda extra investindo; como ganhar dinheiro investindo";Finanças do Zero;1881;90;29,93;0,33;15,91;4,831;4;388,00;12,96;7;;2,00
2024-12-03;GCAMP002;Search | Curso Investimentos | Genérico;Search;GAG003;Renda Extra Investimentos;"renda extra investindo; como ganhar dinheiro investindo";Finanças do Zero;2468;122;26,53;0,22;10,75;4,963;4;388,00;14,62;7;;1,60
2024-12-04;GCAMP002;Search | Curso Investimentos | Genérico;Search;GAG003;Renda Extra Investimentos;"renda extra investindo; como ganhar dinheiro investindo";Finanças do Zero;1925;80;28,82;0,36;14,97;4,177;3;291,00;10,10;9;;1,80
2024-12-05;GCAMP002;Search | Curso Investimentos | Genérico;Search;GAG003;Renda Extra Investimentos;"renda extra investindo; como ganhar dinheiro investindo";Finanças do Zero;2468;100;24,14;0,24;9,78;4,079;4;388,00;16,07;9;;1,40
2024-12-06;GCAMP002;Search | Curso Investimentos | Genérico;Search;GAG003;Renda Extra Investimentos;"renda extra investindo; como ganhar dinheiro investindo";Finanças do Zero;2829;124;30,28;0,24;10,70;4,403;5;485,00;16,02;9;;1,40
2024-12-07;GCAMP002;Search | Curso Investimentos | Genérico;Search;GAG003;Renda Extra Investimentos;"renda extra investindo; como ganhar dinheiro investindo";Finanças do Zero;4002;167;33,68;0,20;8,42;4,188;6;582,00;17,28;9;;1,80
2024-12-08;GCAMP002;Search | Curso Investimentos | Genérico;Search;GAG003;Renda Extra Investimentos;"renda extra investindo; como ganhar dinheiro investindo";Finanças do Zero;3498;155;26,39;0,17;7,54;4,433;6;582,00;22,05;7;;2,30
2024-12-09;GCAMP002;Search | Curso Investimentos | Genérico;Search;GAG003;Renda Extra Investimentos;"renda extra investindo; como ganhar dinheiro investindo";Finanças do Zero;3122;125;28,10;0,22;9,00;4,032;6;582,00;20,71;8;;2,20
2024-12-10;GCAMP002;Search | Curso Investimentos | Genérico;Search;GAG003;Renda Extra Investimentos;"renda extra investindo; como ganhar dinheiro investindo";Finanças do Zero;2401;105;25,97;0,25;10,81;4,375;5;485,00;18,68;7;;2,30
2024-12-11;GCAMP002;Search | Curso Investimentos | Genérico;Search;GAG003;Renda Extra Investimentos;"renda extra investindo; como ganhar dinheiro investindo";Finanças do Zero;1903;83;28,12;0,34;14,78;4,382;3;291,00;10,35;8;;1,30
2024-12-12;GCAMP002;Search | Curso Investimentos | Genérico;Search;GAG003;Renda Extra Investimentos;"renda extra investindo; como ganhar dinheiro investindo";Finanças do Zero;2313;98;32,41;0,33;14,01;4,238;5;485,00;14,96;9;;1,50
2024-12-13;GCAMP002;Search | Curso Investimentos | Genérico;Search;GAG003;Renda Extra Investimentos;"renda extra investindo; como ganhar dinheiro investindo";Finanças do Zero;2307;92;33,63;0,37;14,58;4,020;4;388,00;11,54;9;;1,70
2024-12-14;GCAMP002;Search | Curso Investimentos | Genérico;Search;GAG003;Renda Extra Investimentos;"renda extra investindo; como ganhar dinheiro investindo";Finanças do Zero;2393;100;36,33;0,36;15,18;4,213;4;388,00;10,68;6;;2,00
2024-12-15;GCAMP002;Search | Curso Investimentos | Genérico;Search;GAG003;Renda Extra Investimentos;"renda extra investindo; como ganhar dinheiro investindo";Finanças do Zero;2712;113;28,48;0,25;10,50;4,202;6;582,00;20,44;9;;2,20
2024-12-16;GCAMP002;Search | Curso Investimentos | Genérico;Search;GAG003;Renda Extra Investimentos;"renda extra investindo; como ganhar dinheiro investindo";Finanças do Zero;2757;135;26,74;0,20;9,70;4,921;7;679,00;25,39;6;;2,30
2024-12-17;GCAMP002;Search | Curso Investimentos | Genérico;Search;GAG003;Renda Extra Investimentos;"renda extra investindo; como ganhar dinheiro investindo";Finanças do Zero;1889;90;28,04;0,31;14,84;4,798;4;388,00;13,84;10;;1,70
2024-12-18;GCAMP002;Search | Curso Investimentos | Genérico;Search;GAG003;Renda Extra Investimentos;"renda extra investindo; como ganhar dinheiro investindo";Finanças do Zero;2783;113;25,22;0,22;9,06;4,079;4;388,00;15,38;8;;2,00
2024-12-19;GCAMP002;Search | Curso Investimentos | Genérico;Search;GAG003;Renda Extra Investimentos;"renda extra investindo; como ganhar dinheiro investindo";Finanças do Zero;2156;89;35,51;0,40;16,47;4,129;3;291,00;8,19;9;;1,80
2024-12-20;GCAMP002;Search | Curso Investimentos | Genérico;Search;GAG003;Renda Extra Investimentos;"renda extra investindo; como ganhar dinheiro investindo";Finanças do Zero;2156;103;30,26;0,29;14,03;4,794;4;388,00;12,82;10;;2,20
2024-12-21;GCAMP002;Search | Curso Investimentos | Genérico;Search;GAG003;Renda Extra Investimentos;"renda extra investindo; como ganhar dinheiro investindo";Finanças do Zero;3211;133;38,83;0,29;12,09;4,147;6;582,00;14,99;10;;1,40
2024-12-22;GCAMP002;Search | Curso Investimentos | Genérico;Search;GAG003;Renda Extra Investimentos;"renda extra investindo; como ganhar dinheiro investindo";Finanças do Zero;2155;94;28,54;0,30;13,24;4,374;4;388,00;13,59;6;;1,70
2024-12-23;GCAMP002;Search | Curso Investimentos | Genérico;Search;GAG003;Renda Extra Investimentos;"renda extra investindo; como ganhar dinheiro investindo";Finanças do Zero;3089;147;29,97;0,20;9,70;4,776;6;582,00;19,42;10;;1,50
2024-12-24;GCAMP002;Search | Curso Investimentos | Genérico;Search;GAG003;Renda Extra Investimentos;"renda extra investindo; como ganhar dinheiro investindo";Finanças do Zero;2259;91;34,96;0,38;15,48;4,032;4;388,00;11,10;7;;1,50
2024-12-25;GCAMP002;Search | Curso Investimentos | Genérico;Search;GAG003;Renda Extra Investimentos;"renda extra investindo; como ganhar dinheiro investindo";Finanças do Zero;3258;151;32,56;0,22;9,99;4,658;7;679,00;20,85;9;;1,70
2024-12-26;GCAMP002;Search | Curso Investimentos | Genérico;Search;GAG003;Renda Extra Investimentos;"renda extra investindo; como ganhar dinheiro investindo";Finanças do Zero;1791;85;25,75;0,30;14,38;4,784;4;388,00;15,07;6;;1,60
2024-12-27;GCAMP002;Search | Curso Investimentos | Genérico;Search;GAG003;Renda Extra Investimentos;"renda extra investindo; como ganhar dinheiro investindo";Finanças do Zero;3383;146;29,12;0,20;8,61;4,322;5;485,00;16,66;8;;2,20
2024-12-28;GCAMP002;Search | Curso Investimentos | Genérico;Search;GAG003;Renda Extra Investimentos;"renda extra investindo; como ganhar dinheiro investindo";Finanças do Zero;2190;88;37,66;0,43;17,20;4,062;3;291,00;7,73;10;;2,00
2024-12-29;GCAMP002;Search | Curso Investimentos | Genérico;Search;GAG003;Renda Extra Investimentos;"renda extra investindo; como ganhar dinheiro investindo";Finanças do Zero;2696;123;27,51;0,22;10,21;4,563;6;582,00;21,16;10;;1,90
2024-12-30;GCAMP002;Search | Curso Investimentos | Genérico;Search;GAG003;Renda Extra Investimentos;"renda extra investindo; como ganhar dinheiro investindo";Finanças do Zero;2369;114;30,46;0,27;12,86;4,814;5;485,00;15,92;6;;2,10
2024-12-31;GCAMP002;Search | Curso Investimentos | Genérico;Search;GAG003;Renda Extra Investimentos;"renda extra investindo; como ganhar dinheiro investindo";Finanças do Zero;2852;141;29,58;0,21;10,37;4,960;6;582,00;19,68;10;;2,20
2025-01-01;GCAMP002;Search | Curso Investimentos | Genérico;Search;GAG003;Renda Extra Investimentos;"renda extra investindo; como ganhar dinheiro investindo";Finanças do Zero;2637;129;26,75;0,21;10,14;4,902;6;582,00;21,76;10;;1,30
2025-01-02;GCAMP002;Search | Curso Investimentos | Genérico;Search;GAG003;Renda Extra Investimentos;"renda extra investindo; como ganhar dinheiro investindo";Finanças do Zero;1504;71;23,46;0,33;15,60;4,729;3;291,00;12,40;10;;2,20
2025-01-03;GCAMP002;Search | Curso Investimentos | Genérico;Search;GAG003;Renda Extra Investimentos;"renda extra investindo; como ganhar dinheiro investindo";Finanças do Zero;2432;106;29,26;0,28;12,03;4,367;4;388,00;13,26;10;;2,00
2025-01-04;GCAMP002;Search | Curso Investimentos | Genérico;Search;GAG003;Renda Extra Investimentos;"renda extra investindo; como ganhar dinheiro investindo";Finanças do Zero;3690;147;30,73;0,21;8,33;4,001;5;485,00;15,78;7;;2,30
2025-01-05;GCAMP002;Search | Curso Investimentos | Genérico;Search;GAG003;Renda Extra Investimentos;"renda extra investindo; como ganhar dinheiro investindo";Finanças do Zero;3003;132;31,65;0,24;10,54;4,411;7;679,00;21,45;6;;1,40
2025-01-06;GCAMP002;Search | Curso Investimentos | Genérico;Search;GAG003;Renda Extra Investimentos;"renda extra investindo; como ganhar dinheiro investindo";Finanças do Zero;2460;109;31,71;0,29;12,89;4,444;4;388,00;12,24;10;;1,40
2025-01-07;GCAMP002;Search | Curso Investimentos | Genérico;Search;GAG003;Renda Extra Investimentos;"renda extra investindo; como ganhar dinheiro investindo";Finanças do Zero;3045;137;28,29;0,21;9,29;4,526;6;582,00;20,57;6;;1,80
2025-01-08;GCAMP002;Search | Curso Investimentos | Genérico;Search;GAG003;Renda Extra Investimentos;"renda extra investindo; como ganhar dinheiro investindo";Finanças do Zero;3280;157;29,51;0,19;9,00;4,806;8;776,00;26,30;8;;1,90
2025-01-09;GCAMP002;Search | Curso Investimentos | Genérico;Search;GAG003;Renda Extra Investimentos;"renda extra investindo; como ganhar dinheiro investindo";Finanças do Zero;2857;117;29,62;0,25;10,37;4,121;4;388,00;13,10;8;;2,10
2025-01-10;GCAMP002;Search | Curso Investimentos | Genérico;Search;GAG003;Renda Extra Investimentos;"renda extra investindo; como ganhar dinheiro investindo";Finanças do Zero;3215;152;30,73;0,20;9,56;4,733;7;679,00;22,10;9;;1,60
2025-01-11;GCAMP002;Search | Curso Investimentos | Genérico;Search;GAG003;Renda Extra Investimentos;"renda extra investindo; como ganhar dinheiro investindo";Finanças do Zero;4125;172;32,94;0,19;7,99;4,188;7;679,00;20,61;8;;2,20
2025-01-12;GCAMP002;Search | Curso Investimentos | Genérico;Search;GAG003;Renda Extra Investimentos;"renda extra investindo; como ganhar dinheiro investindo";Finanças do Zero;3588;171;28,99;0,17;8,08;4,774;6;582,00;20,08;8;;1,60
2025-01-13;GCAMP002;Search | Curso Investimentos | Genérico;Search;GAG003;Renda Extra Investimentos;"renda extra investindo; como ganhar dinheiro investindo";Finanças do Zero;2121;105;31,98;0,30;15,08;4,967;4;388,00;12,13;7;;2,10
2025-01-14;GCAMP002;Search | Curso Investimentos | Genérico;Search;GAG003;Renda Extra Investimentos;"renda extra investindo; como ganhar dinheiro investindo";Finanças do Zero;2167;109;34,53;0,32;15,93;5,033;5;485,00;14,05;10;;2,30
2025-01-15;GCAMP002;Search | Curso Investimentos | Genérico;Search;GAG003;Renda Extra Investimentos;"renda extra investindo; como ganhar dinheiro investindo";Finanças do Zero;1719;69;26,41;0,38;15,36;4,067;3;291,00;11,02;8;;2,10
2025-01-16;GCAMP002;Search | Curso Investimentos | Genérico;Search;GAG003;Renda Extra Investimentos;"renda extra investindo; como ganhar dinheiro investindo";Finanças do Zero;2472;112;29,20;0,26;11,81;4,548;5;485,00;16,61;8;;2,20
2025-01-17;GCAMP002;Search | Curso Investimentos | Genérico;Search;GAG003;Renda Extra Investimentos;"renda extra investindo; como ganhar dinheiro investindo";Finanças do Zero;2206;88;25,21;0,29;11,43;3,999;3;291,00;11,54;8;;2,20
2025-01-18;GCAMP002;Search | Curso Investimentos | Genérico;Search;GAG003;Renda Extra Investimentos;"renda extra investindo; como ganhar dinheiro investindo";Finanças do Zero;2973;135;36,81;0,27;12,38;4,570;5;485,00;13,18;7;;1,30
2025-01-19;GCAMP002;Search | Curso Investimentos | Genérico;Search;GAG003;Renda Extra Investimentos;"renda extra investindo; como ganhar dinheiro investindo";Finanças do Zero;2783;115;34,20;0,30;12,29;4,152;5;485,00;14,18;7;;2,30
2025-01-20;GCAMP002;Search | Curso Investimentos | Genérico;Search;GAG003;Renda Extra Investimentos;"renda extra investindo; como ganhar dinheiro investindo";Finanças do Zero;1876;85;25,80;0,30;13,75;4,542;3;291,00;11,28;8;;1,50
2025-01-21;GCAMP002;Search | Curso Investimentos | Genérico;Search;GAG003;Renda Extra Investimentos;"renda extra investindo; como ganhar dinheiro investindo";Finanças do Zero;2588;119;29,07;0,24;11,23;4,616;5;485,00;16,68;8;;1,90
2025-01-22;GCAMP002;Search | Curso Investimentos | Genérico;Search;GAG003;Renda Extra Investimentos;"renda extra investindo; como ganhar dinheiro investindo";Finanças do Zero;2869;143;26,56;0,19;9,26;4,987;7;679,00;25,56;7;;2,20
2025-01-23;GCAMP002;Search | Curso Investimentos | Genérico;Search;GAG003;Renda Extra Investimentos;"renda extra investindo; como ganhar dinheiro investindo";Finanças do Zero;2873;134;22,83;0,17;7,95;4,692;5;485,00;21,24;8;;1,70
2025-01-24;GCAMP002;Search | Curso Investimentos | Genérico;Search;GAG003;Renda Extra Investimentos;"renda extra investindo; como ganhar dinheiro investindo";Finanças do Zero;2118;101;30,38;0,30;14,34;4,779;4;388,00;12,77;8;;2,00
2025-01-25;GCAMP002;Search | Curso Investimentos | Genérico;Search;GAG003;Renda Extra Investimentos;"renda extra investindo; como ganhar dinheiro investindo";Finanças do Zero;3923;167;28,48;0,17;7,26;4,264;6;582,00;20,44;7;;1,50
2025-01-26;GCAMP002;Search | Curso Investimentos | Genérico;Search;GAG003;Renda Extra Investimentos;"renda extra investindo; como ganhar dinheiro investindo";Finanças do Zero;3303;146;31,20;0,21;9,45;4,426;6;582,00;18,65;9;;2,20
2025-01-27;GCAMP002;Search | Curso Investimentos | Genérico;Search;GAG003;Renda Extra Investimentos;"renda extra investindo; como ganhar dinheiro investindo";Finanças do Zero;3344;149;31,85;0,21;9,52;4,485;6;582,00;18,27;7;;2,10
2025-01-28;GCAMP002;Search | Curso Investimentos | Genérico;Search;GAG003;Renda Extra Investimentos;"renda extra investindo; como ganhar dinheiro investindo";Finanças do Zero;2094;84;26,95;0,32;12,87;4,026;3;291,00;10,80;8;;1,50
2025-01-29;GCAMP002;Search | Curso Investimentos | Genérico;Search;GAG003;Renda Extra Investimentos;"renda extra investindo; como ganhar dinheiro investindo";Finanças do Zero;2632;126;29,89;0,24;11,36;4,816;5;485,00;16,23;9;;2,10
2025-01-30;GCAMP002;Search | Curso Investimentos | Genérico;Search;GAG003;Renda Extra Investimentos;"renda extra investindo; como ganhar dinheiro investindo";Finanças do Zero;2819;140;34,10;0,24;12,10;4,968;5;485,00;14,22;8;;1,50
2025-01-31;GCAMP002;Search | Curso Investimentos | Genérico;Search;GAG003;Renda Extra Investimentos;"renda extra investindo; como ganhar dinheiro investindo";Finanças do Zero;2406;98;29,72;0,30;12,35;4,098;4;388,00;13,06;9;;2,10
2024-02-01;GCAMP003;YouTube | Awareness | Carteira Pro;YouTube;GAG004;Interesses Finanças BR;N/A - audience;Carteira Inteligente Pro;27872;133;54,59;0,41;1,96;0,481;1;197,00;3,61;;0,30;
2024-02-02;GCAMP003;YouTube | Awareness | Carteira Pro;YouTube;GAG004;Interesses Finanças BR;N/A - audience;Carteira Inteligente Pro;27416;151;57,21;0,38;2,09;0,552;2;394,00;6,89;;0,31;
2024-02-03;GCAMP003;YouTube | Awareness | Carteira Pro;YouTube;GAG004;Interesses Finanças BR;N/A - audience;Carteira Inteligente Pro;31912;162;60,14;0,37;1,88;0,510;2;394,00;6,55;;0,28;
2024-02-04;GCAMP003;YouTube | Awareness | Carteira Pro;YouTube;GAG004;Interesses Finanças BR;N/A - audience;Carteira Inteligente Pro;43507;232;75,68;0,33;1,74;0,534;3;591,00;7,81;;0,27;
2024-02-05;GCAMP003;YouTube | Awareness | Carteira Pro;YouTube;GAG004;Interesses Finanças BR;N/A - audience;Carteira Inteligente Pro;36519;186;58,40;0,31;1,60;0,511;2;394,00;6,75;;0,28;
2024-02-06;GCAMP003;YouTube | Awareness | Carteira Pro;YouTube;GAG004;Interesses Finanças BR;N/A - audience;Carteira Inteligente Pro;32572;177;62,48;0,35;1,92;0,546;3;591,00;9,46;;0,30;
2024-02-07;GCAMP003;YouTube | Awareness | Carteira Pro;YouTube;GAG004;Interesses Finanças BR;N/A - audience;Carteira Inteligente Pro;27301;124;64,72;0,52;2,37;0,456;1;197,00;3,04;;0,31;
2024-02-08;GCAMP003;YouTube | Awareness | Carteira Pro;YouTube;GAG004;Interesses Finanças BR;N/A - audience;Carteira Inteligente Pro;32489;170;60,18;0,35;1,85;0,526;2;394,00;6,55;;0,31;
2024-02-09;GCAMP003;YouTube | Awareness | Carteira Pro;YouTube;GAG004;Interesses Finanças BR;N/A - audience;Carteira Inteligente Pro;42302;212;62,86;0,30;1,49;0,503;3;591,00;9,40;;0,30;
2024-02-10;GCAMP003;YouTube | Awareness | Carteira Pro;YouTube;GAG004;Interesses Finanças BR;N/A - audience;Carteira Inteligente Pro;36979;195;59,56;0,31;1,61;0,530;2;394,00;6,62;;0,28;
2024-02-11;GCAMP003;YouTube | Awareness | Carteira Pro;YouTube;GAG004;Interesses Finanças BR;N/A - audience;Carteira Inteligente Pro;34156;190;69,27;0,36;2,03;0,557;3;591,00;8,53;;0,25;
2024-02-12;GCAMP003;YouTube | Awareness | Carteira Pro;YouTube;GAG004;Interesses Finanças BR;N/A - audience;Carteira Inteligente Pro;31098;145;65,06;0,45;2,09;0,468;2;394,00;6,06;;0,25;
2024-02-13;GCAMP003;YouTube | Awareness | Carteira Pro;YouTube;GAG004;Interesses Finanças BR;N/A - audience;Carteira Inteligente Pro;33166;168;56,34;0,34;1,70;0,509;2;394,00;6,99;;0,28;
2024-02-14;GCAMP003;YouTube | Awareness | Carteira Pro;YouTube;GAG004;Interesses Finanças BR;N/A - audience;Carteira Inteligente Pro;35520;168;71,13;0,42;2,00;0,475;2;394,00;5,54;;0,30;
2024-02-15;GCAMP003;YouTube | Awareness | Carteira Pro;YouTube;GAG004;Interesses Finanças BR;N/A - audience;Carteira Inteligente Pro;37519;190;64,55;0,34;1,72;0,506;3;591,00;9,16;;0,30;
2024-02-16;GCAMP003;YouTube | Awareness | Carteira Pro;YouTube;GAG004;Interesses Finanças BR;N/A - audience;Carteira Inteligente Pro;31042;137;47,11;0,34;1,52;0,443;2;394,00;8,36;;0,26;
2024-02-17;GCAMP003;YouTube | Awareness | Carteira Pro;YouTube;GAG004;Interesses Finanças BR;N/A - audience;Carteira Inteligente Pro;43620;212;67,95;0,32;1,56;0,487;2;394,00;5,80;;0,27;
2024-02-18;GCAMP003;YouTube | Awareness | Carteira Pro;YouTube;GAG004;Interesses Finanças BR;N/A - audience;Carteira Inteligente Pro;30811;163;56,50;0,35;1,83;0,531;2;394,00;6,97;;0,28;
2024-02-19;GCAMP003;YouTube | Awareness | Carteira Pro;YouTube;GAG004;Interesses Finanças BR;N/A - audience;Carteira Inteligente Pro;43966;194;62,07;0,32;1,41;0,442;2;394,00;6,35;;0,26;
2024-02-20;GCAMP003;YouTube | Awareness | Carteira Pro;YouTube;GAG004;Interesses Finanças BR;N/A - audience;Carteira Inteligente Pro;36637;169;60,87;0,36;1,66;0,462;2;394,00;6,47;;0,30;
2024-02-21;GCAMP003;YouTube | Awareness | Carteira Pro;YouTube;GAG004;Interesses Finanças BR;N/A - audience;Carteira Inteligente Pro;35747;186;72,99;0,39;2,04;0,523;2;394,00;5,40;;0,29;
2024-02-22;GCAMP003;YouTube | Awareness | Carteira Pro;YouTube;GAG004;Interesses Finanças BR;N/A - audience;Carteira Inteligente Pro;26840;145;60,55;0,42;2,26;0,542;2;394,00;6,51;;0,28;
2024-02-23;GCAMP003;YouTube | Awareness | Carteira Pro;YouTube;GAG004;Interesses Finanças BR;N/A - audience;Carteira Inteligente Pro;26246;121;57,09;0,47;2,18;0,462;2;394,00;6,90;;0,26;
2024-02-24;GCAMP003;YouTube | Awareness | Carteira Pro;YouTube;GAG004;Interesses Finanças BR;N/A - audience;Carteira Inteligente Pro;40263;199;76,09;0,38;1,89;0,496;3;591,00;7,77;;0,28;
2024-02-25;GCAMP003;YouTube | Awareness | Carteira Pro;YouTube;GAG004;Interesses Finanças BR;N/A - audience;Carteira Inteligente Pro;44069;200;65,86;0,33;1,49;0,456;3;591,00;8,97;;0,28;
2024-02-26;GCAMP003;YouTube | Awareness | Carteira Pro;YouTube;GAG004;Interesses Finanças BR;N/A - audience;Carteira Inteligente Pro;25742;113;62,74;0,56;2,44;0,441;1;197,00;3,14;;0,29;
2024-02-27;GCAMP003;YouTube | Awareness | Carteira Pro;YouTube;GAG004;Interesses Finanças BR;N/A - audience;Carteira Inteligente Pro;30404;156;59,02;0,38;1,94;0,516;2;394,00;6,68;;0,28;
2024-02-28;GCAMP003;YouTube | Awareness | Carteira Pro;YouTube;GAG004;Interesses Finanças BR;N/A - audience;Carteira Inteligente Pro;38554;215;68,10;0,32;1,77;0,559;3;591,00;8,68;;0,26;
2024-02-29;GCAMP003;YouTube | Awareness | Carteira Pro;YouTube;GAG004;Interesses Finanças BR;N/A - audience;Carteira Inteligente Pro;43441;222;58,44;0,26;1,35;0,513;3;591,00;10,11;;0,28;
2024-03-01;GCAMP003;YouTube | Awareness | Carteira Pro;YouTube;GAG004;Interesses Finanças BR;N/A - audience;Carteira Inteligente Pro;103243;511;154,26;0,30;1,49;0,495;9;1773,00;11,49;;0,30;
2024-03-02;GCAMP003;YouTube | Awareness | Carteira Pro;YouTube;GAG004;Interesses Finanças BR;N/A - audience;Carteira Inteligente Pro;73457;344;150,14;0,44;2,04;0,469;6;1182,00;7,87;;0,26;
2024-03-03;GCAMP003;YouTube | Awareness | Carteira Pro;YouTube;GAG004;Interesses Finanças BR;N/A - audience;Carteira Inteligente Pro;87614;481;147,27;0,31;1,68;0,550;9;1773,00;12,04;;0,27;
2024-03-04;GCAMP003;YouTube | Awareness | Carteira Pro;YouTube;GAG004;Interesses Finanças BR;N/A - audience;Carteira Inteligente Pro;101924;508;144,25;0,28;1,42;0,499;9;1773,00;12,29;;0,31;
2024-03-05;GCAMP003;YouTube | Awareness | Carteira Pro;YouTube;GAG004;Interesses Finanças BR;N/A - audience;Carteira Inteligente Pro;109297;503;176,31;0,35;1,61;0,461;12;2364,00;13,41;;0,27;
2024-03-06;GCAMP003;YouTube | Awareness | Carteira Pro;YouTube;GAG004;Interesses Finanças BR;N/A - audience;Carteira Inteligente Pro;96866;474;176,85;0,37;1,83;0,490;12;2364,00;13,37;;0,26;
2024-03-07;GCAMP003;YouTube | Awareness | Carteira Pro;YouTube;GAG004;Interesses Finanças BR;N/A - audience;Carteira Inteligente Pro;90947;486;168,74;0,35;1,86;0,535;10;1970,00;11,67;;0,31;
2024-03-08;GCAMP003;YouTube | Awareness | Carteira Pro;YouTube;GAG004;Interesses Finanças BR;N/A - audience;Carteira Inteligente Pro;98566;547;184,24;0,34;1,87;0,555;11;2167,00;11,76;;0,27;
2024-03-09;GCAMP003;YouTube | Awareness | Carteira Pro;YouTube;GAG004;Interesses Finanças BR;N/A - audience;Carteira Inteligente Pro;125160;598;219,82;0,37;1,76;0,478;15;2955,00;13,44;;0,27;
2024-03-10;GCAMP003;YouTube | Awareness | Carteira Pro;YouTube;GAG004;Interesses Finanças BR;N/A - audience;Carteira Inteligente Pro;115937;600;261,63;0,44;2,26;0,518;11;2167,00;8,28;;0,31;
2024-03-11;GCAMP003;YouTube | Awareness | Carteira Pro;YouTube;GAG004;Interesses Finanças BR;N/A - audience;Carteira Inteligente Pro;128092;623;263,72;0,42;2,06;0,487;14;2758,00;10,46;;0,30;
2024-03-12;GCAMP003;YouTube | Awareness | Carteira Pro;YouTube;GAG004;Interesses Finanças BR;N/A - audience;Carteira Inteligente Pro;230234;1028;314,74;0,31;1,37;0,447;26;5122,00;16,27;;0,25;
2024-03-13;GCAMP003;YouTube | Awareness | Carteira Pro;YouTube;GAG004;Interesses Finanças BR;N/A - audience;Carteira Inteligente Pro;185458;1014;271,07;0,27;1,46;0,547;26;5122,00;18,90;;0,29;
2024-03-14;GCAMP003;YouTube | Awareness | Carteira Pro;YouTube;GAG004;Interesses Finanças BR;N/A - audience;Carteira Inteligente Pro;248795;1275;334,33;0,26;1,34;0,513;24;4728,00;14,14;;0,31;
2024-03-15;GCAMP003;YouTube | Awareness | Carteira Pro;YouTube;GAG004;Interesses Finanças BR;N/A - audience;Carteira Inteligente Pro;232282;1183;364,46;0,31;1,57;0,510;25;4925,00;13,51;;0,28;
2024-03-16;GCAMP003;YouTube | Awareness | Carteira Pro;YouTube;GAG004;Interesses Finanças BR;N/A - audience;Carteira Inteligente Pro;148849;759;310,66;0,41;2,09;0,510;16;3152,00;10,15;;0,31;
2024-03-17;GCAMP003;YouTube | Awareness | Carteira Pro;YouTube;GAG004;Interesses Finanças BR;N/A - audience;Carteira Inteligente Pro;216470;1151;363,42;0,32;1,68;0,532;24;4728,00;13,01;;0,29;
2024-03-18;GCAMP003;YouTube | Awareness | Carteira Pro;YouTube;GAG004;Interesses Finanças BR;N/A - audience;Carteira Inteligente Pro;176743;788;250,19;0,32;1,42;0,446;15;2955,00;11,81;;0,30;
2024-03-19;GCAMP003;YouTube | Awareness | Carteira Pro;YouTube;GAG004;Interesses Finanças BR;N/A - audience;Carteira Inteligente Pro;125563;629;275,55;0,44;2,19;0,501;15;2955,00;10,72;;0,28;
2024-03-20;GCAMP003;YouTube | Awareness | Carteira Pro;YouTube;GAG004;Interesses Finanças BR;N/A - audience;Carteira Inteligente Pro;116653;631;219,50;0,35;1,88;0,541;13;2561,00;11,67;;0,28;
2024-03-21;GCAMP003;YouTube | Awareness | Carteira Pro;YouTube;GAG004;Interesses Finanças BR;N/A - audience;Carteira Inteligente Pro;166294;836;220,20;0,26;1,32;0,503;19;3743,00;17,00;;0,27;
2024-03-22;GCAMP003;YouTube | Awareness | Carteira Pro;YouTube;GAG004;Interesses Finanças BR;N/A - audience;Carteira Inteligente Pro;107679;484;213,97;0,44;1,99;0,450;13;2561,00;11,97;;0,27;
2024-03-23;GCAMP003;YouTube | Awareness | Carteira Pro;YouTube;GAG004;Interesses Finanças BR;N/A - audience;Carteira Inteligente Pro;79072;382;207,08;0,54;2,62;0,484;9;1773,00;8,56;;0,27;
2024-03-24;GCAMP003;YouTube | Awareness | Carteira Pro;YouTube;GAG004;Interesses Finanças BR;N/A - audience;Carteira Inteligente Pro;77797;383;150,52;0,39;1,93;0,492;9;1773,00;11,78;;0,30;
2024-03-25;GCAMP003;YouTube | Awareness | Carteira Pro;YouTube;GAG004;Interesses Finanças BR;N/A - audience;Carteira Inteligente Pro;97916;539;172,05;0,32;1,76;0,551;11;2167,00;12,60;;0,26;
2024-03-26;GCAMP003;YouTube | Awareness | Carteira Pro;YouTube;GAG004;Interesses Finanças BR;N/A - audience;Carteira Inteligente Pro;90547;439;177,65;0,40;1,96;0,485;9;1773,00;9,98;;0,31;
2024-03-27;GCAMP003;YouTube | Awareness | Carteira Pro;YouTube;GAG004;Interesses Finanças BR;N/A - audience;Carteira Inteligente Pro;80374;393;154,07;0,39;1,92;0,489;10;1970,00;12,79;;0,28;
2024-03-28;GCAMP003;YouTube | Awareness | Carteira Pro;YouTube;GAG004;Interesses Finanças BR;N/A - audience;Carteira Inteligente Pro;78351;387;124,44;0,32;1,59;0,495;8;1576,00;12,66;;0,25;
2024-03-29;GCAMP003;YouTube | Awareness | Carteira Pro;YouTube;GAG004;Interesses Finanças BR;N/A - audience;Carteira Inteligente Pro;92590;512;126,44;0,25;1,37;0,554;9;1773,00;14,02;;0,28;
2024-03-30;GCAMP003;YouTube | Awareness | Carteira Pro;YouTube;GAG004;Interesses Finanças BR;N/A - audience;Carteira Inteligente Pro;78753;375;163,69;0,44;2,08;0,477;7;1379,00;8,42;;0,25;
2024-03-31;GCAMP003;YouTube | Awareness | Carteira Pro;YouTube;GAG004;Interesses Finanças BR;N/A - audience;Carteira Inteligente Pro;80985;387;122,55;0,32;1,51;0,478;6;1182,00;9,65;;0,31;
2024-04-01;GCAMP003;YouTube | Awareness | Carteira Pro;YouTube;GAG004;Interesses Finanças BR;N/A - audience;Carteira Inteligente Pro;37115;189;67,20;0,36;1,81;0,511;2;394,00;5,86;;0,28;
2024-04-02;GCAMP003;YouTube | Awareness | Carteira Pro;YouTube;GAG004;Interesses Finanças BR;N/A - audience;Carteira Inteligente Pro;25954;138;56,20;0,41;2,17;0,533;2;394,00;7,01;;0,26;
2024-04-03;GCAMP003;YouTube | Awareness | Carteira Pro;YouTube;GAG004;Interesses Finanças BR;N/A - audience;Carteira Inteligente Pro;34512;165;66,37;0,40;1,92;0,480;2;394,00;5,94;;0,30;
2024-04-04;GCAMP003;YouTube | Awareness | Carteira Pro;YouTube;GAG004;Interesses Finanças BR;N/A - audience;Carteira Inteligente Pro;37144;173;67,57;0,39;1,82;0,467;2;394,00;5,83;;0,30;
2024-04-05;GCAMP003;YouTube | Awareness | Carteira Pro;YouTube;GAG004;Interesses Finanças BR;N/A - audience;Carteira Inteligente Pro;39126;215;52,21;0,24;1,33;0,550;2;394,00;7,55;;0,31;
2024-04-06;GCAMP003;YouTube | Awareness | Carteira Pro;YouTube;GAG004;Interesses Finanças BR;N/A - audience;Carteira Inteligente Pro;29632;137;71,51;0,52;2,41;0,465;2;394,00;5,51;;0,27;
2024-04-07;GCAMP003;YouTube | Awareness | Carteira Pro;YouTube;GAG004;Interesses Finanças BR;N/A - audience;Carteira Inteligente Pro;29670;151;57,28;0,38;1,93;0,512;2;394,00;6,88;;0,25;
2024-04-08;GCAMP003;YouTube | Awareness | Carteira Pro;YouTube;GAG004;Interesses Finanças BR;N/A - audience;Carteira Inteligente Pro;34040;169;67,43;0,40;1,98;0,497;2;394,00;5,84;;0,26;
2024-04-09;GCAMP003;YouTube | Awareness | Carteira Pro;YouTube;GAG004;Interesses Finanças BR;N/A - audience;Carteira Inteligente Pro;28713;141;61,86;0,44;2,15;0,494;2;394,00;6,37;;0,25;
2024-04-10;GCAMP003;YouTube | Awareness | Carteira Pro;YouTube;GAG004;Interesses Finanças BR;N/A - audience;Carteira Inteligente Pro;37066;168;63,13;0,38;1,70;0,454;2;394,00;6,24;;0,27;
2024-04-11;GCAMP003;YouTube | Awareness | Carteira Pro;YouTube;GAG004;Interesses Finanças BR;N/A - audience;Carteira Inteligente Pro;31842;147;67,90;0,46;2,13;0,465;2;394,00;5,80;;0,27;
2024-04-12;GCAMP003;YouTube | Awareness | Carteira Pro;YouTube;GAG004;Interesses Finanças BR;N/A - audience;Carteira Inteligente Pro;31688;165;58,81;0,36;1,86;0,522;2;394,00;6,70;;0,27;
2024-04-13;GCAMP003;YouTube | Awareness | Carteira Pro;YouTube;GAG004;Interesses Finanças BR;N/A - audience;Carteira Inteligente Pro;27632;139;68,52;0,49;2,48;0,504;1;197,00;2,88;;0,30;
2024-04-14;GCAMP003;YouTube | Awareness | Carteira Pro;YouTube;GAG004;Interesses Finanças BR;N/A - audience;Carteira Inteligente Pro;39622;185;70,70;0,38;1,78;0,469;2;394,00;5,57;;0,28;
2024-04-15;GCAMP003;YouTube | Awareness | Carteira Pro;YouTube;GAG004;Interesses Finanças BR;N/A - audience;Carteira Inteligente Pro;31385;162;55,26;0,34;1,76;0,517;2;394,00;7,13;;0,27;
2024-04-16;GCAMP003;YouTube | Awareness | Carteira Pro;YouTube;GAG004;Interesses Finanças BR;N/A - audience;Carteira Inteligente Pro;34240;153;66,37;0,43;1,94;0,449;2;394,00;5,94;;0,31;
2024-04-17;GCAMP003;YouTube | Awareness | Carteira Pro;YouTube;GAG004;Interesses Finanças BR;N/A - audience;Carteira Inteligente Pro;42306;205;67,05;0,33;1,58;0,485;3;591,00;8,81;;0,30;
2024-04-18;GCAMP003;YouTube | Awareness | Carteira Pro;YouTube;GAG004;Interesses Finanças BR;N/A - audience;Carteira Inteligente Pro;38390;170;61,52;0,36;1,60;0,445;2;394,00;6,40;;0,27;
2024-04-19;GCAMP003;YouTube | Awareness | Carteira Pro;YouTube;GAG004;Interesses Finanças BR;N/A - audience;Carteira Inteligente Pro;28042;138;52,99;0,38;1,89;0,493;2;394,00;7,44;;0,27;
2024-04-20;GCAMP003;YouTube | Awareness | Carteira Pro;YouTube;GAG004;Interesses Finanças BR;N/A - audience;Carteira Inteligente Pro;37748;178;71,73;0,40;1,90;0,473;2;394,00;5,49;;0,26;
2024-04-21;GCAMP003;YouTube | Awareness | Carteira Pro;YouTube;GAG004;Interesses Finanças BR;N/A - audience;Carteira Inteligente Pro;42188;192;72,42;0,38;1,72;0,456;2;394,00;5,44;;0,31;
2024-04-22;GCAMP003;YouTube | Awareness | Carteira Pro;YouTube;GAG004;Interesses Finanças BR;N/A - audience;Carteira Inteligente Pro;37435;175;53,51;0,31;1,43;0,468;2;394,00;7,36;;0,30;
2024-04-23;GCAMP003;YouTube | Awareness | Carteira Pro;YouTube;GAG004;Interesses Finanças BR;N/A - audience;Carteira Inteligente Pro;39076;214;61,07;0,29;1,56;0,549;3;591,00;9,68;;0,28;
2024-04-24;GCAMP003;YouTube | Awareness | Carteira Pro;YouTube;GAG004;Interesses Finanças BR;N/A - audience;Carteira Inteligente Pro;28587;149;70,75;0,47;2,47;0,524;2;394,00;5,57;;0,28;
2024-04-25;GCAMP003;YouTube | Awareness | Carteira Pro;YouTube;GAG004;Interesses Finanças BR;N/A - audience;Carteira Inteligente Pro;37789;187;64,97;0,35;1,72;0,496;2;394,00;6,06;;0,30;
2024-04-26;GCAMP003;YouTube | Awareness | Carteira Pro;YouTube;GAG004;Interesses Finanças BR;N/A - audience;Carteira Inteligente Pro;45539;251;62,05;0,25;1,36;0,553;3;591,00;9,52;;0,28;
2024-04-27;GCAMP003;YouTube | Awareness | Carteira Pro;YouTube;GAG004;Interesses Finanças BR;N/A - audience;Carteira Inteligente Pro;37697;177;62,45;0,35;1,66;0,470;2;394,00;6,31;;0,25;
2024-04-28;GCAMP003;YouTube | Awareness | Carteira Pro;YouTube;GAG004;Interesses Finanças BR;N/A - audience;Carteira Inteligente Pro;38786;208;74,99;0,36;1,93;0,537;3;591,00;7,88;;0,30;
2024-04-29;GCAMP003;YouTube | Awareness | Carteira Pro;YouTube;GAG004;Interesses Finanças BR;N/A - audience;Carteira Inteligente Pro;37743;211;68,11;0,32;1,80;0,560;3;591,00;8,68;;0,26;
2024-04-30;GCAMP003;YouTube | Awareness | Carteira Pro;YouTube;GAG004;Interesses Finanças BR;N/A - audience;Carteira Inteligente Pro;45132;238;67,13;0,28;1,49;0,528;3;591,00;8,80;;0,29;
2024-05-01;GCAMP003;YouTube | Awareness | Carteira Pro;YouTube;GAG004;Interesses Finanças BR;N/A - audience;Carteira Inteligente Pro;27612;127;61,42;0,48;2,22;0,462;1;197,00;3,21;;0,26;
2024-05-02;GCAMP003;YouTube | Awareness | Carteira Pro;YouTube;GAG004;Interesses Finanças BR;N/A - audience;Carteira Inteligente Pro;30839;136;64,78;0,48;2,10;0,442;2;394,00;6,08;;0,30;
2024-05-03;GCAMP003;YouTube | Awareness | Carteira Pro;YouTube;GAG004;Interesses Finanças BR;N/A - audience;Carteira Inteligente Pro;26601;127;62,82;0,49;2,36;0,478;2;394,00;6,27;;0,31;
2024-05-04;GCAMP003;YouTube | Awareness | Carteira Pro;YouTube;GAG004;Interesses Finanças BR;N/A - audience;Carteira Inteligente Pro;38501;198;77,33;0,39;2,01;0,517;3;591,00;7,64;;0,29;
2024-05-05;GCAMP003;YouTube | Awareness | Carteira Pro;YouTube;GAG004;Interesses Finanças BR;N/A - audience;Carteira Inteligente Pro;44006;245;77,77;0,32;1,77;0,558;3;591,00;7,60;;0,28;
2024-05-06;GCAMP003;YouTube | Awareness | Carteira Pro;YouTube;GAG004;Interesses Finanças BR;N/A - audience;Carteira Inteligente Pro;43370;232;63,75;0,27;1,47;0,537;3;591,00;9,27;;0,27;
2024-05-07;GCAMP003;YouTube | Awareness | Carteira Pro;YouTube;GAG004;Interesses Finanças BR;N/A - audience;Carteira Inteligente Pro;28741;156;71,51;0,46;2,49;0,544;1;197,00;2,75;;0,28;
2024-05-08;GCAMP003;YouTube | Awareness | Carteira Pro;YouTube;GAG004;Interesses Finanças BR;N/A - audience;Carteira Inteligente Pro;24063;111;58,52;0,53;2,43;0,463;1;197,00;3,37;;0,28;
2024-05-09;GCAMP003;YouTube | Awareness | Carteira Pro;YouTube;GAG004;Interesses Finanças BR;N/A - audience;Carteira Inteligente Pro;22301;108;52,68;0,49;2,36;0,487;1;197,00;3,74;;0,25;
2024-05-10;GCAMP003;YouTube | Awareness | Carteira Pro;YouTube;GAG004;Interesses Finanças BR;N/A - audience;Carteira Inteligente Pro;41733;230;64,61;0,28;1,55;0,552;3;591,00;9,15;;0,30;
2024-05-11;GCAMP003;YouTube | Awareness | Carteira Pro;YouTube;GAG004;Interesses Finanças BR;N/A - audience;Carteira Inteligente Pro;35498;187;67,65;0,36;1,91;0,527;2;394,00;5,82;;0,28;
2024-05-12;GCAMP003;YouTube | Awareness | Carteira Pro;YouTube;GAG004;Interesses Finanças BR;N/A - audience;Carteira Inteligente Pro;30054;157;69,72;0,44;2,32;0,523;2;394,00;5,65;;0,28;
2024-05-13;GCAMP003;YouTube | Awareness | Carteira Pro;YouTube;GAG004;Interesses Finanças BR;N/A - audience;Carteira Inteligente Pro;26264;137;63,19;0,46;2,41;0,522;2;394,00;6,24;;0,28;
2024-05-14;GCAMP003;YouTube | Awareness | Carteira Pro;YouTube;GAG004;Interesses Finanças BR;N/A - audience;Carteira Inteligente Pro;34933;172;64,22;0,37;1,84;0,493;2;394,00;6,14;;0,27;
2024-05-15;GCAMP003;YouTube | Awareness | Carteira Pro;YouTube;GAG004;Interesses Finanças BR;N/A - audience;Carteira Inteligente Pro;41518;201;67,80;0,34;1,63;0,485;3;591,00;8,72;;0,28;
2024-05-16;GCAMP003;YouTube | Awareness | Carteira Pro;YouTube;GAG004;Interesses Finanças BR;N/A - audience;Carteira Inteligente Pro;42438;201;63,23;0,31;1,49;0,475;2;394,00;6,23;;0,30;
2024-05-17;GCAMP003;YouTube | Awareness | Carteira Pro;YouTube;GAG004;Interesses Finanças BR;N/A - audience;Carteira Inteligente Pro;42988;223;62,52;0,28;1,45;0,519;2;394,00;6,30;;0,25;
2024-05-18;GCAMP003;YouTube | Awareness | Carteira Pro;YouTube;GAG004;Interesses Finanças BR;N/A - audience;Carteira Inteligente Pro;45374;235;69,89;0,30;1,54;0,518;3;591,00;8,46;;0,25;
2024-05-19;GCAMP003;YouTube | Awareness | Carteira Pro;YouTube;GAG004;Interesses Finanças BR;N/A - audience;Carteira Inteligente Pro;33097;163;64,82;0,40;1,96;0,494;2;394,00;6,08;;0,27;
2024-05-20;GCAMP003;YouTube | Awareness | Carteira Pro;YouTube;GAG004;Interesses Finanças BR;N/A - audience;Carteira Inteligente Pro;30061;151;55,54;0,37;1,85;0,503;2;394,00;7,09;;0,25;
2024-05-21;GCAMP003;YouTube | Awareness | Carteira Pro;YouTube;GAG004;Interesses Finanças BR;N/A - audience;Carteira Inteligente Pro;32503;171;65,71;0,38;2,02;0,528;2;394,00;6,00;;0,26;
2024-05-22;GCAMP003;YouTube | Awareness | Carteira Pro;YouTube;GAG004;Interesses Finanças BR;N/A - audience;Carteira Inteligente Pro;25785;126;63,94;0,51;2,48;0,491;1;197,00;3,08;;0,27;
2024-05-23;GCAMP003;YouTube | Awareness | Carteira Pro;YouTube;GAG004;Interesses Finanças BR;N/A - audience;Carteira Inteligente Pro;30766;143;57,56;0,40;1,87;0,468;2;394,00;6,85;;0,28;
2024-05-24;GCAMP003;YouTube | Awareness | Carteira Pro;YouTube;GAG004;Interesses Finanças BR;N/A - audience;Carteira Inteligente Pro;23928;129;62,46;0,48;2,61;0,540;1;197,00;3,15;;0,31;
2024-05-25;GCAMP003;YouTube | Awareness | Carteira Pro;YouTube;GAG004;Interesses Finanças BR;N/A - audience;Carteira Inteligente Pro;31765;140;76,13;0,54;2,40;0,443;2;394,00;5,18;;0,29;
2024-05-26;GCAMP003;YouTube | Awareness | Carteira Pro;YouTube;GAG004;Interesses Finanças BR;N/A - audience;Carteira Inteligente Pro;40189;191;71,33;0,37;1,77;0,477;2;394,00;5,52;;0,27;
2024-05-27;GCAMP003;YouTube | Awareness | Carteira Pro;YouTube;GAG004;Interesses Finanças BR;N/A - audience;Carteira Inteligente Pro;47316;261;72,27;0,28;1,53;0,553;3;591,00;8,18;;0,29;
2024-05-28;GCAMP003;YouTube | Awareness | Carteira Pro;YouTube;GAG004;Interesses Finanças BR;N/A - audience;Carteira Inteligente Pro;25800;117;53,66;0,46;2,08;0,457;1;197,00;3,67;;0,30;
2024-05-29;GCAMP003;YouTube | Awareness | Carteira Pro;YouTube;GAG004;Interesses Finanças BR;N/A - audience;Carteira Inteligente Pro;26319;138;64,59;0,47;2,45;0,528;1;197,00;3,05;;0,30;
2024-05-30;GCAMP003;YouTube | Awareness | Carteira Pro;YouTube;GAG004;Interesses Finanças BR;N/A - audience;Carteira Inteligente Pro;32676;154;61,59;0,40;1,88;0,473;2;394,00;6,40;;0,29;
2024-05-31;GCAMP003;YouTube | Awareness | Carteira Pro;YouTube;GAG004;Interesses Finanças BR;N/A - audience;Carteira Inteligente Pro;32201;165;70,14;0,43;2,18;0,513;2;394,00;5,62;;0,26;
2024-06-01;GCAMP003;YouTube | Awareness | Carteira Pro;YouTube;GAG004;Interesses Finanças BR;N/A - audience;Carteira Inteligente Pro;45977;203;68,27;0,34;1,48;0,442;3;591,00;8,66;;0,29;
2024-06-02;GCAMP003;YouTube | Awareness | Carteira Pro;YouTube;GAG004;Interesses Finanças BR;N/A - audience;Carteira Inteligente Pro;45308;226;70,03;0,31;1,55;0,499;3;591,00;8,44;;0,27;
2024-06-03;GCAMP003;YouTube | Awareness | Carteira Pro;YouTube;GAG004;Interesses Finanças BR;N/A - audience;Carteira Inteligente Pro;36044;160;67,73;0,42;1,88;0,446;2;394,00;5,82;;0,26;
2024-06-04;GCAMP003;YouTube | Awareness | Carteira Pro;YouTube;GAG004;Interesses Finanças BR;N/A - audience;Carteira Inteligente Pro;26246;145;69,48;0,48;2,65;0,556;2;394,00;5,67;;0,31;
2024-06-05;GCAMP003;YouTube | Awareness | Carteira Pro;YouTube;GAG004;Interesses Finanças BR;N/A - audience;Carteira Inteligente Pro;32942;154;72,00;0,47;2,19;0,468;2;394,00;5,47;;0,29;
2024-06-06;GCAMP003;YouTube | Awareness | Carteira Pro;YouTube;GAG004;Interesses Finanças BR;N/A - audience;Carteira Inteligente Pro;36255;163;62,40;0,38;1,72;0,452;2;394,00;6,31;;0,27;
2024-06-07;GCAMP003;YouTube | Awareness | Carteira Pro;YouTube;GAG004;Interesses Finanças BR;N/A - audience;Carteira Inteligente Pro;34014;155;68,58;0,44;2,02;0,459;2;394,00;5,75;;0,26;
2024-06-08;GCAMP003;YouTube | Awareness | Carteira Pro;YouTube;GAG004;Interesses Finanças BR;N/A - audience;Carteira Inteligente Pro;36638;195;62,78;0,32;1,71;0,532;3;591,00;9,41;;0,31;
2024-06-09;GCAMP003;YouTube | Awareness | Carteira Pro;YouTube;GAG004;Interesses Finanças BR;N/A - audience;Carteira Inteligente Pro;39285;200;64,43;0,32;1,64;0,510;2;394,00;6,12;;0,25;
2024-06-10;GCAMP003;YouTube | Awareness | Carteira Pro;YouTube;GAG004;Interesses Finanças BR;N/A - audience;Carteira Inteligente Pro;32422;173;51,69;0,30;1,59;0,534;3;591,00;11,43;;0,29;
2024-06-11;GCAMP003;YouTube | Awareness | Carteira Pro;YouTube;GAG004;Interesses Finanças BR;N/A - audience;Carteira Inteligente Pro;28700;158;50,96;0,32;1,78;0,552;2;394,00;7,73;;0,27;
2024-06-12;GCAMP003;YouTube | Awareness | Carteira Pro;YouTube;GAG004;Interesses Finanças BR;N/A - audience;Carteira Inteligente Pro;32288;171;69,49;0,41;2,15;0,532;2;394,00;5,67;;0,27;
2024-06-13;GCAMP003;YouTube | Awareness | Carteira Pro;YouTube;GAG004;Interesses Finanças BR;N/A - audience;Carteira Inteligente Pro;29863;138;64,97;0,47;2,18;0,462;2;394,00;6,06;;0,29;
2024-06-14;GCAMP003;YouTube | Awareness | Carteira Pro;YouTube;GAG004;Interesses Finanças BR;N/A - audience;Carteira Inteligente Pro;38413;205;67,24;0,33;1,75;0,535;2;394,00;5,86;;0,31;
2024-06-15;GCAMP003;YouTube | Awareness | Carteira Pro;YouTube;GAG004;Interesses Finanças BR;N/A - audience;Carteira Inteligente Pro;42600;228;59,78;0,26;1,40;0,536;3;591,00;9,89;;0,29;
2024-06-16;GCAMP003;YouTube | Awareness | Carteira Pro;YouTube;GAG004;Interesses Finanças BR;N/A - audience;Carteira Inteligente Pro;29314;146;68,15;0,47;2,32;0,498;1;197,00;2,89;;0,26;
2024-06-17;GCAMP003;YouTube | Awareness | Carteira Pro;YouTube;GAG004;Interesses Finanças BR;N/A - audience;Carteira Inteligente Pro;27651;134;61,63;0,46;2,23;0,487;1;197,00;3,20;;0,31;
2024-06-18;GCAMP003;YouTube | Awareness | Carteira Pro;YouTube;GAG004;Interesses Finanças BR;N/A - audience;Carteira Inteligente Pro;36219;194;64,84;0,33;1,79;0,536;3;591,00;9,11;;0,27;
2024-06-19;GCAMP003;YouTube | Awareness | Carteira Pro;YouTube;GAG004;Interesses Finanças BR;N/A - audience;Carteira Inteligente Pro;35627;190;59,03;0,31;1,66;0,536;2;394,00;6,67;;0,27;
2024-06-20;GCAMP003;YouTube | Awareness | Carteira Pro;YouTube;GAG004;Interesses Finanças BR;N/A - audience;Carteira Inteligente Pro;28857;129;55,90;0,43;1,94;0,450;2;394,00;7,05;;0,28;
2024-06-21;GCAMP003;YouTube | Awareness | Carteira Pro;YouTube;GAG004;Interesses Finanças BR;N/A - audience;Carteira Inteligente Pro;25060;138;63,37;0,46;2,53;0,553;1;197,00;3,11;;0,25;
2024-06-22;GCAMP003;YouTube | Awareness | Carteira Pro;YouTube;GAG004;Interesses Finanças BR;N/A - audience;Carteira Inteligente Pro;35018;159;68,64;0,43;1,96;0,456;2;394,00;5,74;;0,26;
2024-06-23;GCAMP003;YouTube | Awareness | Carteira Pro;YouTube;GAG004;Interesses Finanças BR;N/A - audience;Carteira Inteligente Pro;27337;138;71,96;0,52;2,63;0,505;2;394,00;5,48;;0,27;
2024-06-24;GCAMP003;YouTube | Awareness | Carteira Pro;YouTube;GAG004;Interesses Finanças BR;N/A - audience;Carteira Inteligente Pro;49157;242;68,87;0,28;1,40;0,493;3;591,00;8,58;;0,26;
2024-06-25;GCAMP003;YouTube | Awareness | Carteira Pro;YouTube;GAG004;Interesses Finanças BR;N/A - audience;Carteira Inteligente Pro;34064;175;60,49;0,35;1,78;0,514;3;591,00;9,77;;0,30;
2024-06-26;GCAMP003;YouTube | Awareness | Carteira Pro;YouTube;GAG004;Interesses Finanças BR;N/A - audience;Carteira Inteligente Pro;28636;134;54,80;0,41;1,91;0,470;1;197,00;3,59;;0,28;
2024-06-27;GCAMP003;YouTube | Awareness | Carteira Pro;YouTube;GAG004;Interesses Finanças BR;N/A - audience;Carteira Inteligente Pro;35141;191;67,19;0,35;1,91;0,546;2;394,00;5,86;;0,28;
2024-06-28;GCAMP003;YouTube | Awareness | Carteira Pro;YouTube;GAG004;Interesses Finanças BR;N/A - audience;Carteira Inteligente Pro;32457;157;64,37;0,41;1,98;0,486;2;394,00;6,12;;0,28;
2024-06-29;GCAMP003;YouTube | Awareness | Carteira Pro;YouTube;GAG004;Interesses Finanças BR;N/A - audience;Carteira Inteligente Pro;44887;213;68,21;0,32;1,52;0,475;2;394,00;5,78;;0,25;
2024-06-30;GCAMP003;YouTube | Awareness | Carteira Pro;YouTube;GAG004;Interesses Finanças BR;N/A - audience;Carteira Inteligente Pro;37747;173;74,60;0,43;1,98;0,459;2;394,00;5,28;;0,31;
2024-07-01;GCAMP003;YouTube | Awareness | Carteira Pro;YouTube;GAG004;Interesses Finanças BR;N/A - audience;Carteira Inteligente Pro;68384;379;117,15;0,31;1,71;0,556;9;1773,00;15,13;;0,26;
2024-07-02;GCAMP003;YouTube | Awareness | Carteira Pro;YouTube;GAG004;Interesses Finanças BR;N/A - audience;Carteira Inteligente Pro;99552;463;132,90;0,29;1,34;0,465;9;1773,00;13,34;;0,27;
2024-07-03;GCAMP003;YouTube | Awareness | Carteira Pro;YouTube;GAG004;Interesses Finanças BR;N/A - audience;Carteira Inteligente Pro;89468;405;155,04;0,38;1,73;0,453;7;1379,00;8,89;;0,26;
2024-07-04;GCAMP003;YouTube | Awareness | Carteira Pro;YouTube;GAG004;Interesses Finanças BR;N/A - audience;Carteira Inteligente Pro;64203;299;123,54;0,41;1,92;0,467;7;1379,00;11,16;;0,30;
2024-07-05;GCAMP003;YouTube | Awareness | Carteira Pro;YouTube;GAG004;Interesses Finanças BR;N/A - audience;Carteira Inteligente Pro;99292;438;161,03;0,37;1,62;0,442;8;1576,00;9,79;;0,30;
2024-07-06;GCAMP003;YouTube | Awareness | Carteira Pro;YouTube;GAG004;Interesses Finanças BR;N/A - audience;Carteira Inteligente Pro;83550;454;171,11;0,38;2,05;0,544;9;1773,00;10,36;;0,28;
2024-07-07;GCAMP003;YouTube | Awareness | Carteira Pro;YouTube;GAG004;Interesses Finanças BR;N/A - audience;Carteira Inteligente Pro;136557;660;181,34;0,27;1,33;0,484;12;2364,00;13,04;;0,27;
2024-07-08;GCAMP003;YouTube | Awareness | Carteira Pro;YouTube;GAG004;Interesses Finanças BR;N/A - audience;Carteira Inteligente Pro;152902;772;203,44;0,26;1,33;0,505;17;3349,00;16,46;;0,26;
2024-07-09;GCAMP003;YouTube | Awareness | Carteira Pro;YouTube;GAG004;Interesses Finanças BR;N/A - audience;Carteira Inteligente Pro;109303;483;199,67;0,41;1,83;0,443;10;1970,00;9,87;;0,28;
2024-07-10;GCAMP003;YouTube | Awareness | Carteira Pro;YouTube;GAG004;Interesses Finanças BR;N/A - audience;Carteira Inteligente Pro;124816;558;266,29;0,48;2,13;0,447;14;2758,00;10,36;;0,27;
2024-07-11;GCAMP003;YouTube | Awareness | Carteira Pro;YouTube;GAG004;Interesses Finanças BR;N/A - audience;Carteira Inteligente Pro;127467;692;307,72;0,44;2,41;0,544;16;3152,00;10,24;;0,26;
2024-07-12;GCAMP003;YouTube | Awareness | Carteira Pro;YouTube;GAG004;Interesses Finanças BR;N/A - audience;Carteira Inteligente Pro;204370;1090;367,15;0,34;1,80;0,534;21;4137,00;11,27;;0,31;
2024-07-13;GCAMP003;YouTube | Awareness | Carteira Pro;YouTube;GAG004;Interesses Finanças BR;N/A - audience;Carteira Inteligente Pro;202627;1080;297,14;0,28;1,47;0,533;28;5516,00;18,56;;0,26;
2024-07-14;GCAMP003;YouTube | Awareness | Carteira Pro;YouTube;GAG004;Interesses Finanças BR;N/A - audience;Carteira Inteligente Pro;127565;693;315,78;0,46;2,48;0,544;18;3546,00;11,23;;0,28;
2024-07-15;GCAMP003;YouTube | Awareness | Carteira Pro;YouTube;GAG004;Interesses Finanças BR;N/A - audience;Carteira Inteligente Pro;186195;1016;306,24;0,30;1,64;0,546;23;4531,00;14,80;;0,29;
2024-07-16;GCAMP003;YouTube | Awareness | Carteira Pro;YouTube;GAG004;Interesses Finanças BR;N/A - audience;Carteira Inteligente Pro;170303;857;330,63;0,39;1,94;0,504;18;3546,00;10,72;;0,31;
2024-07-17;GCAMP003;YouTube | Awareness | Carteira Pro;YouTube;GAG004;Interesses Finanças BR;N/A - audience;Carteira Inteligente Pro;176327;893;314,98;0,35;1,79;0,507;23;4531,00;14,39;;0,25;
2024-07-18;GCAMP003;YouTube | Awareness | Carteira Pro;YouTube;GAG004;Interesses Finanças BR;N/A - audience;Carteira Inteligente Pro;180355;835;266,31;0,32;1,48;0,464;22;4334,00;16,27;;0,25;
2024-07-19;GCAMP003;YouTube | Awareness | Carteira Pro;YouTube;GAG004;Interesses Finanças BR;N/A - audience;Carteira Inteligente Pro;106111;545;267,70;0,49;2,52;0,514;14;2758,00;10,30;;0,25;
2024-07-20;GCAMP003;YouTube | Awareness | Carteira Pro;YouTube;GAG004;Interesses Finanças BR;N/A - audience;Carteira Inteligente Pro;155499;757;219,47;0,29;1,41;0,487;13;2561,00;11,67;;0,25;
2024-07-21;GCAMP003;YouTube | Awareness | Carteira Pro;YouTube;GAG004;Interesses Finanças BR;N/A - audience;Carteira Inteligente Pro;118995;564;227,14;0,40;1,91;0,474;14;2758,00;12,14;;0,28;
2024-07-22;GCAMP003;YouTube | Awareness | Carteira Pro;YouTube;GAG004;Interesses Finanças BR;N/A - audience;Carteira Inteligente Pro;117069;539;194,08;0,36;1,66;0,461;11;2167,00;11,17;;0,28;
2024-07-23;GCAMP003;YouTube | Awareness | Carteira Pro;YouTube;GAG004;Interesses Finanças BR;N/A - audience;Carteira Inteligente Pro;127833;682;190,18;0,28;1,49;0,534;13;2561,00;13,47;;0,28;
2024-07-24;GCAMP003;YouTube | Awareness | Carteira Pro;YouTube;GAG004;Interesses Finanças BR;N/A - audience;Carteira Inteligente Pro;117971;524;169,83;0,32;1,44;0,444;12;2364,00;13,92;;0,29;
2024-07-25;GCAMP003;YouTube | Awareness | Carteira Pro;YouTube;GAG004;Interesses Finanças BR;N/A - audience;Carteira Inteligente Pro;120518;601;175,51;0,29;1,46;0,499;12;2364,00;13,47;;0,29;
2024-07-26;GCAMP003;YouTube | Awareness | Carteira Pro;YouTube;GAG004;Interesses Finanças BR;N/A - audience;Carteira Inteligente Pro;74454;381;148,18;0,39;1,99;0,512;7;1379,00;9,31;;0,28;
2024-07-27;GCAMP003;YouTube | Awareness | Carteira Pro;YouTube;GAG004;Interesses Finanças BR;N/A - audience;Carteira Inteligente Pro;88268;492;156,53;0,32;1,77;0,558;9;1773,00;11,33;;0,27;
2024-07-28;GCAMP003;YouTube | Awareness | Carteira Pro;YouTube;GAG004;Interesses Finanças BR;N/A - audience;Carteira Inteligente Pro;78687;379;158,32;0,42;2,01;0,482;9;1773,00;11,20;;0,29;
2024-07-29;GCAMP003;YouTube | Awareness | Carteira Pro;YouTube;GAG004;Interesses Finanças BR;N/A - audience;Carteira Inteligente Pro;87887;443;124,46;0,28;1,42;0,505;8;1576,00;12,66;;0,30;
2024-07-30;GCAMP003;YouTube | Awareness | Carteira Pro;YouTube;GAG004;Interesses Finanças BR;N/A - audience;Carteira Inteligente Pro;100974;450;131,54;0,29;1,30;0,447;9;1773,00;13,48;;0,26;
2024-07-31;GCAMP003;YouTube | Awareness | Carteira Pro;YouTube;GAG004;Interesses Finanças BR;N/A - audience;Carteira Inteligente Pro;54333;262;140,23;0,54;2,58;0,484;5;985,00;7,02;;0,27;
2024-08-01;GCAMP003;YouTube | Awareness | Carteira Pro;YouTube;GAG004;Interesses Finanças BR;N/A - audience;Carteira Inteligente Pro;27970;145;62,02;0,43;2,22;0,521;1;197,00;3,18;;0,25;
2024-08-02;GCAMP003;YouTube | Awareness | Carteira Pro;YouTube;GAG004;Interesses Finanças BR;N/A - audience;Carteira Inteligente Pro;27691;142;54,62;0,38;1,97;0,514;2;394,00;7,21;;0,26;
2024-08-03;GCAMP003;YouTube | Awareness | Carteira Pro;YouTube;GAG004;Interesses Finanças BR;N/A - audience;Carteira Inteligente Pro;42867;239;71,45;0,30;1,67;0,558;3;591,00;8,27;;0,29;
2024-08-04;GCAMP003;YouTube | Awareness | Carteira Pro;YouTube;GAG004;Interesses Finanças BR;N/A - audience;Carteira Inteligente Pro;49331;224;65,06;0,29;1,32;0,456;3;591,00;9,08;;0,26;
2024-08-05;GCAMP003;YouTube | Awareness | Carteira Pro;YouTube;GAG004;Interesses Finanças BR;N/A - audience;Carteira Inteligente Pro;22706;114;54,49;0,48;2,40;0,506;1;197,00;3,62;;0,25;
2024-08-06;GCAMP003;YouTube | Awareness | Carteira Pro;YouTube;GAG004;Interesses Finanças BR;N/A - audience;Carteira Inteligente Pro;32261;164;56,30;0,34;1,75;0,510;2;394,00;7,00;;0,26;
2024-08-07;GCAMP003;YouTube | Awareness | Carteira Pro;YouTube;GAG004;Interesses Finanças BR;N/A - audience;Carteira Inteligente Pro;28278;143;55,70;0,39;1,97;0,509;1;197,00;3,54;;0,31;
2024-08-08;GCAMP003;YouTube | Awareness | Carteira Pro;YouTube;GAG004;Interesses Finanças BR;N/A - audience;Carteira Inteligente Pro;39993;191;61,49;0,32;1,54;0,480;3;591,00;9,61;;0,26;
2024-08-09;GCAMP003;YouTube | Awareness | Carteira Pro;YouTube;GAG004;Interesses Finanças BR;N/A - audience;Carteira Inteligente Pro;45314;219;61,19;0,28;1,35;0,484;3;591,00;9,66;;0,28;
2024-08-10;GCAMP003;YouTube | Awareness | Carteira Pro;YouTube;GAG004;Interesses Finanças BR;N/A - audience;Carteira Inteligente Pro;31241;172;63,71;0,37;2,04;0,553;2;394,00;6,18;;0,31;
2024-08-11;GCAMP003;YouTube | Awareness | Carteira Pro;YouTube;GAG004;Interesses Finanças BR;N/A - audience;Carteira Inteligente Pro;45181;204;70,62;0,35;1,56;0,452;2;394,00;5,58;;0,28;
2024-08-12;GCAMP003;YouTube | Awareness | Carteira Pro;YouTube;GAG004;Interesses Finanças BR;N/A - audience;Carteira Inteligente Pro;38447;186;59,41;0,32;1,55;0,484;2;394,00;6,63;;0,25;
2024-08-13;GCAMP003;YouTube | Awareness | Carteira Pro;YouTube;GAG004;Interesses Finanças BR;N/A - audience;Carteira Inteligente Pro;25549;127;57,67;0,45;2,26;0,500;1;197,00;3,42;;0,28;
2024-08-14;GCAMP003;YouTube | Awareness | Carteira Pro;YouTube;GAG004;Interesses Finanças BR;N/A - audience;Carteira Inteligente Pro;50208;250;73,05;0,29;1,45;0,499;4;788,00;10,79;;0,26;
2024-08-15;GCAMP003;YouTube | Awareness | Carteira Pro;YouTube;GAG004;Interesses Finanças BR;N/A - audience;Carteira Inteligente Pro;35817;196;75,19;0,38;2,10;0,550;3;591,00;7,86;;0,31;
2024-08-16;GCAMP003;YouTube | Awareness | Carteira Pro;YouTube;GAG004;Interesses Finanças BR;N/A - audience;Carteira Inteligente Pro;40110;211;72,70;0,34;1,81;0,527;2;394,00;5,42;;0,31;
2024-08-17;GCAMP003;YouTube | Awareness | Carteira Pro;YouTube;GAG004;Interesses Finanças BR;N/A - audience;Carteira Inteligente Pro;42654;200;72,47;0,36;1,70;0,471;2;394,00;5,44;;0,27;
2024-08-18;GCAMP003;YouTube | Awareness | Carteira Pro;YouTube;GAG004;Interesses Finanças BR;N/A - audience;Carteira Inteligente Pro;36869;175;75,67;0,43;2,05;0,477;2;394,00;5,21;;0,31;
2024-08-19;GCAMP003;YouTube | Awareness | Carteira Pro;YouTube;GAG004;Interesses Finanças BR;N/A - audience;Carteira Inteligente Pro;42416;210;78,15;0,37;1,84;0,496;3;591,00;7,56;;0,25;
2024-08-20;GCAMP003;YouTube | Awareness | Carteira Pro;YouTube;GAG004;Interesses Finanças BR;N/A - audience;Carteira Inteligente Pro;28009;143;68,28;0,48;2,44;0,512;2;394,00;5,77;;0,29;
2024-08-21;GCAMP003;YouTube | Awareness | Carteira Pro;YouTube;GAG004;Interesses Finanças BR;N/A - audience;Carteira Inteligente Pro;38560;178;58,26;0,33;1,51;0,463;2;394,00;6,76;;0,31;
2024-08-22;GCAMP003;YouTube | Awareness | Carteira Pro;YouTube;GAG004;Interesses Finanças BR;N/A - audience;Carteira Inteligente Pro;35281;159;52,31;0,33;1,48;0,451;2;394,00;7,53;;0,29;
2024-08-23;GCAMP003;YouTube | Awareness | Carteira Pro;YouTube;GAG004;Interesses Finanças BR;N/A - audience;Carteira Inteligente Pro;22806;106;54,25;0,51;2,38;0,466;1;197,00;3,63;;0,31;
2024-08-24;GCAMP003;YouTube | Awareness | Carteira Pro;YouTube;GAG004;Interesses Finanças BR;N/A - audience;Carteira Inteligente Pro;43678;193;69,66;0,36;1,59;0,444;2;394,00;5,66;;0,29;
2024-08-25;GCAMP003;YouTube | Awareness | Carteira Pro;YouTube;GAG004;Interesses Finanças BR;N/A - audience;Carteira Inteligente Pro;42660;189;70,65;0,37;1,66;0,444;3;591,00;8,37;;0,30;
2024-08-26;GCAMP003;YouTube | Awareness | Carteira Pro;YouTube;GAG004;Interesses Finanças BR;N/A - audience;Carteira Inteligente Pro;46136;210;70,40;0,34;1,53;0,456;2;394,00;5,60;;0,31;
2024-08-27;GCAMP003;YouTube | Awareness | Carteira Pro;YouTube;GAG004;Interesses Finanças BR;N/A - audience;Carteira Inteligente Pro;38104;180;58,59;0,33;1,54;0,475;3;591,00;10,09;;0,26;
2024-08-28;GCAMP003;YouTube | Awareness | Carteira Pro;YouTube;GAG004;Interesses Finanças BR;N/A - audience;Carteira Inteligente Pro;34874;183;75,23;0,41;2,16;0,525;3;591,00;7,86;;0,26;
2024-08-29;GCAMP003;YouTube | Awareness | Carteira Pro;YouTube;GAG004;Interesses Finanças BR;N/A - audience;Carteira Inteligente Pro;34443;167;72,11;0,43;2,09;0,487;2;394,00;5,46;;0,30;
2024-08-30;GCAMP003;YouTube | Awareness | Carteira Pro;YouTube;GAG004;Interesses Finanças BR;N/A - audience;Carteira Inteligente Pro;30352;157;65,51;0,42;2,16;0,517;2;394,00;6,01;;0,26;
2024-08-31;GCAMP003;YouTube | Awareness | Carteira Pro;YouTube;GAG004;Interesses Finanças BR;N/A - audience;Carteira Inteligente Pro;30125;142;57,67;0,41;1,91;0,471;2;394,00;6,83;;0,31;
2024-09-01;GCAMP003;YouTube | Awareness | Carteira Pro;YouTube;GAG004;Interesses Finanças BR;N/A - audience;Carteira Inteligente Pro;38796;186;68,35;0,37;1,76;0,481;2;394,00;5,76;;0,29;
2024-09-02;GCAMP003;YouTube | Awareness | Carteira Pro;YouTube;GAG004;Interesses Finanças BR;N/A - audience;Carteira Inteligente Pro;31047;155;63,40;0,41;2,04;0,499;2;394,00;6,21;;0,30;
2024-09-03;GCAMP003;YouTube | Awareness | Carteira Pro;YouTube;GAG004;Interesses Finanças BR;N/A - audience;Carteira Inteligente Pro;45015;212;66,42;0,31;1,48;0,472;2;394,00;5,93;;0,25;
2024-09-04;GCAMP003;YouTube | Awareness | Carteira Pro;YouTube;GAG004;Interesses Finanças BR;N/A - audience;Carteira Inteligente Pro;37138;194;59,12;0,30;1,59;0,523;3;591,00;10,00;;0,31;
2024-09-05;GCAMP003;YouTube | Awareness | Carteira Pro;YouTube;GAG004;Interesses Finanças BR;N/A - audience;Carteira Inteligente Pro;29201;150;63,50;0,42;2,17;0,517;2;394,00;6,20;;0,29;
2024-09-06;GCAMP003;YouTube | Awareness | Carteira Pro;YouTube;GAG004;Interesses Finanças BR;N/A - audience;Carteira Inteligente Pro;28381;145;73,50;0,51;2,59;0,512;2;394,00;5,36;;0,28;
2024-09-07;GCAMP003;YouTube | Awareness | Carteira Pro;YouTube;GAG004;Interesses Finanças BR;N/A - audience;Carteira Inteligente Pro;43030;227;66,31;0,29;1,54;0,530;3;591,00;8,91;;0,30;
2024-09-08;GCAMP003;YouTube | Awareness | Carteira Pro;YouTube;GAG004;Interesses Finanças BR;N/A - audience;Carteira Inteligente Pro;24942;129;70,35;0,55;2,82;0,521;2;394,00;5,60;;0,29;
2024-09-09;GCAMP003;YouTube | Awareness | Carteira Pro;YouTube;GAG004;Interesses Finanças BR;N/A - audience;Carteira Inteligente Pro;40381;190;61,72;0,32;1,53;0,472;3;591,00;9,58;;0,30;
2024-09-10;GCAMP003;YouTube | Awareness | Carteira Pro;YouTube;GAG004;Interesses Finanças BR;N/A - audience;Carteira Inteligente Pro;38276;196;63,93;0,33;1,67;0,512;3;591,00;9,24;;0,28;
2024-09-11;GCAMP003;YouTube | Awareness | Carteira Pro;YouTube;GAG004;Interesses Finanças BR;N/A - audience;Carteira Inteligente Pro;40329;189;66,63;0,35;1,65;0,469;3;591,00;8,87;;0,28;
2024-09-12;GCAMP003;YouTube | Awareness | Carteira Pro;YouTube;GAG004;Interesses Finanças BR;N/A - audience;Carteira Inteligente Pro;33350;178;67,13;0,38;2,01;0,535;2;394,00;5,87;;0,31;
2024-09-13;GCAMP003;YouTube | Awareness | Carteira Pro;YouTube;GAG004;Interesses Finanças BR;N/A - audience;Carteira Inteligente Pro;29250;148;59,43;0,40;2,03;0,509;2;394,00;6,63;;0,30;
2024-09-14;GCAMP003;YouTube | Awareness | Carteira Pro;YouTube;GAG004;Interesses Finanças BR;N/A - audience;Carteira Inteligente Pro;38455;205;77,86;0,38;2,02;0,535;2;394,00;5,06;;0,27;
2024-09-15;GCAMP003;YouTube | Awareness | Carteira Pro;YouTube;GAG004;Interesses Finanças BR;N/A - audience;Carteira Inteligente Pro;32096;151;84,74;0,56;2,64;0,472;2;394,00;4,65;;0,28;
2024-09-16;GCAMP003;YouTube | Awareness | Carteira Pro;YouTube;GAG004;Interesses Finanças BR;N/A - audience;Carteira Inteligente Pro;32561;166;70,74;0,43;2,17;0,513;2;394,00;5,57;;0,28;
2024-09-17;GCAMP003;YouTube | Awareness | Carteira Pro;YouTube;GAG004;Interesses Finanças BR;N/A - audience;Carteira Inteligente Pro;28159;133;73,59;0,55;2,61;0,472;2;394,00;5,35;;0,31;
2024-09-18;GCAMP003;YouTube | Awareness | Carteira Pro;YouTube;GAG004;Interesses Finanças BR;N/A - audience;Carteira Inteligente Pro;45170;238;68,68;0,29;1,52;0,529;4;788,00;11,47;;0,29;
2024-09-19;GCAMP003;YouTube | Awareness | Carteira Pro;YouTube;GAG004;Interesses Finanças BR;N/A - audience;Carteira Inteligente Pro;39314;203;64,77;0,32;1,65;0,519;3;591,00;9,12;;0,25;
2024-09-20;GCAMP003;YouTube | Awareness | Carteira Pro;YouTube;GAG004;Interesses Finanças BR;N/A - audience;Carteira Inteligente Pro;44687;221;61,49;0,28;1,38;0,495;3;591,00;9,61;;0,30;
2024-09-21;GCAMP003;YouTube | Awareness | Carteira Pro;YouTube;GAG004;Interesses Finanças BR;N/A - audience;Carteira Inteligente Pro;39730;186;60,07;0,32;1,51;0,469;2;394,00;6,56;;0,28;
2024-09-22;GCAMP003;YouTube | Awareness | Carteira Pro;YouTube;GAG004;Interesses Finanças BR;N/A - audience;Carteira Inteligente Pro;27893;150;66,88;0,45;2,40;0,540;2;394,00;5,89;;0,30;
2024-09-23;GCAMP003;YouTube | Awareness | Carteira Pro;YouTube;GAG004;Interesses Finanças BR;N/A - audience;Carteira Inteligente Pro;35928;188;72,33;0,38;2,01;0,524;2;394,00;5,45;;0,26;
2024-09-24;GCAMP003;YouTube | Awareness | Carteira Pro;YouTube;GAG004;Interesses Finanças BR;N/A - audience;Carteira Inteligente Pro;40892;189;65,85;0,35;1,61;0,463;3;591,00;8,97;;0,26;
2024-09-25;GCAMP003;YouTube | Awareness | Carteira Pro;YouTube;GAG004;Interesses Finanças BR;N/A - audience;Carteira Inteligente Pro;34590;156;72,43;0,46;2,09;0,452;2;394,00;5,44;;0,25;
2024-09-26;GCAMP003;YouTube | Awareness | Carteira Pro;YouTube;GAG004;Interesses Finanças BR;N/A - audience;Carteira Inteligente Pro;26171;143;58,79;0,41;2,25;0,548;2;394,00;6,70;;0,28;
2024-09-27;GCAMP003;YouTube | Awareness | Carteira Pro;YouTube;GAG004;Interesses Finanças BR;N/A - audience;Carteira Inteligente Pro;34528;166;66,19;0,40;1,92;0,481;2;394,00;5,95;;0,31;
2024-09-28;GCAMP003;YouTube | Awareness | Carteira Pro;YouTube;GAG004;Interesses Finanças BR;N/A - audience;Carteira Inteligente Pro;49002;228;72,47;0,32;1,48;0,467;3;591,00;8,16;;0,31;
2024-09-29;GCAMP003;YouTube | Awareness | Carteira Pro;YouTube;GAG004;Interesses Finanças BR;N/A - audience;Carteira Inteligente Pro;43850;237;82,79;0,35;1,89;0,542;3;591,00;7,14;;0,29;
2024-09-30;GCAMP003;YouTube | Awareness | Carteira Pro;YouTube;GAG004;Interesses Finanças BR;N/A - audience;Carteira Inteligente Pro;41845;217;68,12;0,31;1,63;0,521;2;394,00;5,78;;0,29;
2024-10-01;GCAMP003;YouTube | Awareness | Carteira Pro;YouTube;GAG004;Interesses Finanças BR;N/A - audience;Carteira Inteligente Pro;32668;147;73,81;0,50;2,26;0,452;2;394,00;5,34;;0,25;
2024-10-02;GCAMP003;YouTube | Awareness | Carteira Pro;YouTube;GAG004;Interesses Finanças BR;N/A - audience;Carteira Inteligente Pro;27908;126;74,92;0,59;2,68;0,452;1;197,00;2,63;;0,29;
2024-10-03;GCAMP003;YouTube | Awareness | Carteira Pro;YouTube;GAG004;Interesses Finanças BR;N/A - audience;Carteira Inteligente Pro;23499;113;63,77;0,56;2,71;0,485;1;197,00;3,09;;0,30;
2024-10-04;GCAMP003;YouTube | Awareness | Carteira Pro;YouTube;GAG004;Interesses Finanças BR;N/A - audience;Carteira Inteligente Pro;41736;225;70,59;0,31;1,69;0,540;3;591,00;8,37;;0,30;
2024-10-05;GCAMP003;YouTube | Awareness | Carteira Pro;YouTube;GAG004;Interesses Finanças BR;N/A - audience;Carteira Inteligente Pro;31732;146;73,89;0,51;2,33;0,462;2;394,00;5,33;;0,28;
2024-10-06;GCAMP003;YouTube | Awareness | Carteira Pro;YouTube;GAG004;Interesses Finanças BR;N/A - audience;Carteira Inteligente Pro;42120;220;84,77;0,39;2,01;0,524;2;394,00;4,65;;0,30;
2024-10-07;GCAMP003;YouTube | Awareness | Carteira Pro;YouTube;GAG004;Interesses Finanças BR;N/A - audience;Carteira Inteligente Pro;38046;205;64,68;0,32;1,70;0,540;3;591,00;9,14;;0,31;
2024-10-08;GCAMP003;YouTube | Awareness | Carteira Pro;YouTube;GAG004;Interesses Finanças BR;N/A - audience;Carteira Inteligente Pro;41945;210;74,50;0,35;1,78;0,502;2;394,00;5,29;;0,26;
2024-10-09;GCAMP003;YouTube | Awareness | Carteira Pro;YouTube;GAG004;Interesses Finanças BR;N/A - audience;Carteira Inteligente Pro;43817;221;68,59;0,31;1,57;0,506;3;591,00;8,62;;0,28;
2024-10-10;GCAMP003;YouTube | Awareness | Carteira Pro;YouTube;GAG004;Interesses Finanças BR;N/A - audience;Carteira Inteligente Pro;41318;185;62,57;0,34;1,51;0,448;2;394,00;6,30;;0,31;
2024-10-11;GCAMP003;YouTube | Awareness | Carteira Pro;YouTube;GAG004;Interesses Finanças BR;N/A - audience;Carteira Inteligente Pro;37504;189;77,73;0,41;2,07;0,505;3;591,00;7,60;;0,28;
2024-10-12;GCAMP003;YouTube | Awareness | Carteira Pro;YouTube;GAG004;Interesses Finanças BR;N/A - audience;Carteira Inteligente Pro;45254;222;72,51;0,33;1,60;0,493;2;394,00;5,43;;0,26;
2024-10-13;GCAMP003;YouTube | Awareness | Carteira Pro;YouTube;GAG004;Interesses Finanças BR;N/A - audience;Carteira Inteligente Pro;28566;134;65,15;0,49;2,28;0,470;1;197,00;3,02;;0,30;
2024-10-14;GCAMP003;YouTube | Awareness | Carteira Pro;YouTube;GAG004;Interesses Finanças BR;N/A - audience;Carteira Inteligente Pro;28521;155;56,72;0,37;1,99;0,546;2;394,00;6,95;;0,26;
2024-10-15;GCAMP003;YouTube | Awareness | Carteira Pro;YouTube;GAG004;Interesses Finanças BR;N/A - audience;Carteira Inteligente Pro;38674;176;60,28;0,34;1,56;0,456;2;394,00;6,54;;0,29;
2024-10-16;GCAMP003;YouTube | Awareness | Carteira Pro;YouTube;GAG004;Interesses Finanças BR;N/A - audience;Carteira Inteligente Pro;39270;198;64,51;0,33;1,64;0,507;3;591,00;9,16;;0,26;
2024-10-17;GCAMP003;YouTube | Awareness | Carteira Pro;YouTube;GAG004;Interesses Finanças BR;N/A - audience;Carteira Inteligente Pro;34603;182;75,77;0,42;2,19;0,527;2;394,00;5,20;;0,29;
2024-10-18;GCAMP003;YouTube | Awareness | Carteira Pro;YouTube;GAG004;Interesses Finanças BR;N/A - audience;Carteira Inteligente Pro;29441;146;65,68;0,45;2,23;0,498;2;394,00;6,00;;0,31;
2024-10-19;GCAMP003;YouTube | Awareness | Carteira Pro;YouTube;GAG004;Interesses Finanças BR;N/A - audience;Carteira Inteligente Pro;33942;183;80,40;0,44;2,37;0,542;2;394,00;4,90;;0,25;
2024-10-20;GCAMP003;YouTube | Awareness | Carteira Pro;YouTube;GAG004;Interesses Finanças BR;N/A - audience;Carteira Inteligente Pro;39689;217;70,44;0,32;1,77;0,547;3;591,00;8,39;;0,29;
2024-10-21;GCAMP003;YouTube | Awareness | Carteira Pro;YouTube;GAG004;Interesses Finanças BR;N/A - audience;Carteira Inteligente Pro;37897;192;69,89;0,36;1,84;0,509;3;591,00;8,46;;0,29;
2024-10-22;GCAMP003;YouTube | Awareness | Carteira Pro;YouTube;GAG004;Interesses Finanças BR;N/A - audience;Carteira Inteligente Pro;53564;257;70,19;0,27;1,31;0,480;4;788,00;11,23;;0,28;
2024-10-23;GCAMP003;YouTube | Awareness | Carteira Pro;YouTube;GAG004;Interesses Finanças BR;N/A - audience;Carteira Inteligente Pro;43506;194;70,64;0,36;1,62;0,447;3;591,00;8,37;;0,31;
2024-10-24;GCAMP003;YouTube | Awareness | Carteira Pro;YouTube;GAG004;Interesses Finanças BR;N/A - audience;Carteira Inteligente Pro;40424;208;55,16;0,27;1,36;0,516;3;591,00;10,71;;0,30;
2024-10-25;GCAMP003;YouTube | Awareness | Carteira Pro;YouTube;GAG004;Interesses Finanças BR;N/A - audience;Carteira Inteligente Pro;49789;236;75,40;0,32;1,51;0,474;3;591,00;7,84;;0,25;
2024-10-26;GCAMP003;YouTube | Awareness | Carteira Pro;YouTube;GAG004;Interesses Finanças BR;N/A - audience;Carteira Inteligente Pro;26788;126;75,29;0,60;2,81;0,472;1;197,00;2,62;;0,27;
2024-10-27;GCAMP003;YouTube | Awareness | Carteira Pro;YouTube;GAG004;Interesses Finanças BR;N/A - audience;Carteira Inteligente Pro;47806;231;80,17;0,35;1,68;0,483;3;591,00;7,37;;0,30;
2024-10-28;GCAMP003;YouTube | Awareness | Carteira Pro;YouTube;GAG004;Interesses Finanças BR;N/A - audience;Carteira Inteligente Pro;49247;252;71,44;0,28;1,45;0,513;4;788,00;11,03;;0,27;
2024-10-29;GCAMP003;YouTube | Awareness | Carteira Pro;YouTube;GAG004;Interesses Finanças BR;N/A - audience;Carteira Inteligente Pro;40619;185;79,47;0,43;1,96;0,456;3;591,00;7,44;;0,31;
2024-10-30;GCAMP003;YouTube | Awareness | Carteira Pro;YouTube;GAG004;Interesses Finanças BR;N/A - audience;Carteira Inteligente Pro;28128;142;73,96;0,52;2,63;0,506;2;394,00;5,33;;0,30;
2024-10-31;GCAMP003;YouTube | Awareness | Carteira Pro;YouTube;GAG004;Interesses Finanças BR;N/A - audience;Carteira Inteligente Pro;42549;234;64,77;0,28;1,52;0,550;3;591,00;9,12;;0,30;
2024-11-01;GCAMP003;YouTube | Awareness | Carteira Pro;YouTube;GAG004;Interesses Finanças BR;N/A - audience;Carteira Inteligente Pro;96119;515;160,52;0,31;1,67;0,536;10;1970,00;12,27;;0,27;
2024-11-02;GCAMP003;YouTube | Awareness | Carteira Pro;YouTube;GAG004;Interesses Finanças BR;N/A - audience;Carteira Inteligente Pro;91003;481;139,97;0,29;1,54;0,529;12;2364,00;16,89;;0,30;
2024-11-03;GCAMP003;YouTube | Awareness | Carteira Pro;YouTube;GAG004;Interesses Finanças BR;N/A - audience;Carteira Inteligente Pro;63793;354;133,17;0,38;2,09;0,556;9;1773,00;13,31;;0,29;
2024-11-04;GCAMP003;YouTube | Awareness | Carteira Pro;YouTube;GAG004;Interesses Finanças BR;N/A - audience;Carteira Inteligente Pro;125073;688;170,66;0,25;1,36;0,551;14;2758,00;16,16;;0,30;
2024-11-05;GCAMP003;YouTube | Awareness | Carteira Pro;YouTube;GAG004;Interesses Finanças BR;N/A - audience;Carteira Inteligente Pro;78933;358;146,59;0,41;1,86;0,454;8;1576,00;10,75;;0,27;
2024-11-06;GCAMP003;YouTube | Awareness | Carteira Pro;YouTube;GAG004;Interesses Finanças BR;N/A - audience;Carteira Inteligente Pro;97055;541;162,29;0,30;1,67;0,558;14;2758,00;16,99;;0,30;
2024-11-07;GCAMP003;YouTube | Awareness | Carteira Pro;YouTube;GAG004;Interesses Finanças BR;N/A - audience;Carteira Inteligente Pro;107259;552;150,06;0,27;1,40;0,515;13;2561,00;17,07;;0,25;
2024-11-08;GCAMP003;YouTube | Awareness | Carteira Pro;YouTube;GAG004;Interesses Finanças BR;N/A - audience;Carteira Inteligente Pro;94241;522;178,88;0,34;1,90;0,554;11;2167,00;12,11;;0,25;
2024-11-09;GCAMP003;YouTube | Awareness | Carteira Pro;YouTube;GAG004;Interesses Finanças BR;N/A - audience;Carteira Inteligente Pro;79766;353;214,08;0,61;2,68;0,443;7;1379,00;6,44;;0,27;
2024-11-10;GCAMP003;YouTube | Awareness | Carteira Pro;YouTube;GAG004;Interesses Finanças BR;N/A - audience;Carteira Inteligente Pro;143176;680;288,69;0,42;2,02;0,475;17;3349,00;11,60;;0,27;
2024-11-11;GCAMP003;YouTube | Awareness | Carteira Pro;YouTube;GAG004;Interesses Finanças BR;N/A - audience;Carteira Inteligente Pro;120962;612;273,32;0,45;2,26;0,506;15;2955,00;10,81;;0,27;
2024-11-12;GCAMP003;YouTube | Awareness | Carteira Pro;YouTube;GAG004;Interesses Finanças BR;N/A - audience;Carteira Inteligente Pro;129362;719;273,28;0,38;2,11;0,556;17;3349,00;12,25;;0,29;
2024-11-13;GCAMP003;YouTube | Awareness | Carteira Pro;YouTube;GAG004;Interesses Finanças BR;N/A - audience;Carteira Inteligente Pro;142264;655;364,14;0,56;2,56;0,460;16;3152,00;8,66;;0,27;
2024-11-14;GCAMP003;YouTube | Awareness | Carteira Pro;YouTube;GAG004;Interesses Finanças BR;N/A - audience;Carteira Inteligente Pro;160702;837;291,27;0,35;1,81;0,521;17;3349,00;11,50;;0,25;
2024-11-15;GCAMP003;YouTube | Awareness | Carteira Pro;YouTube;GAG004;Interesses Finanças BR;N/A - audience;Carteira Inteligente Pro;137348;747;341,34;0,46;2,49;0,544;13;2561,00;7,50;;0,28;
2024-11-16;GCAMP003;YouTube | Awareness | Carteira Pro;YouTube;GAG004;Interesses Finanças BR;N/A - audience;Carteira Inteligente Pro;146603;812;291,41;0,36;1,99;0,554;20;3940,00;13,52;;0,29;
2024-11-17;GCAMP003;YouTube | Awareness | Carteira Pro;YouTube;GAG004;Interesses Finanças BR;N/A - audience;Carteira Inteligente Pro;148913;800;315,51;0,39;2,12;0,538;19;3743,00;11,86;;0,31;
2024-11-18;GCAMP003;YouTube | Awareness | Carteira Pro;YouTube;GAG004;Interesses Finanças BR;N/A - audience;Carteira Inteligente Pro;133141;679;309,69;0,46;2,33;0,510;12;2364,00;7,63;;0,27;
2024-11-19;GCAMP003;YouTube | Awareness | Carteira Pro;YouTube;GAG004;Interesses Finanças BR;N/A - audience;Carteira Inteligente Pro;132052;726;290,13;0,40;2,20;0,550;16;3152,00;10,86;;0,27;
2024-11-20;GCAMP003;YouTube | Awareness | Carteira Pro;YouTube;GAG004;Interesses Finanças BR;N/A - audience;Carteira Inteligente Pro;162960;865;251,90;0,29;1,55;0,531;17;3349,00;13,29;;0,31;
2024-11-21;GCAMP003;YouTube | Awareness | Carteira Pro;YouTube;GAG004;Interesses Finanças BR;N/A - audience;Carteira Inteligente Pro;115051;515;207,88;0,40;1,81;0,448;12;2364,00;11,37;;0,26;
2024-11-22;GCAMP003;YouTube | Awareness | Carteira Pro;YouTube;GAG004;Interesses Finanças BR;N/A - audience;Carteira Inteligente Pro;98621;514;192,74;0,37;1,95;0,522;11;2167,00;11,24;;0,29;
2024-11-23;GCAMP003;YouTube | Awareness | Carteira Pro;YouTube;GAG004;Interesses Finanças BR;N/A - audience;Carteira Inteligente Pro;91691;485;192,81;0,40;2,10;0,530;11;2167,00;11,24;;0,29;
2024-11-24;GCAMP003;YouTube | Awareness | Carteira Pro;YouTube;GAG004;Interesses Finanças BR;N/A - audience;Carteira Inteligente Pro;116965;642;164,49;0,26;1,41;0,549;13;2561,00;15,57;;0,31;
2024-11-25;GCAMP003;YouTube | Awareness | Carteira Pro;YouTube;GAG004;Interesses Finanças BR;N/A - audience;Carteira Inteligente Pro;76598;406;163,36;0,40;2,13;0,531;10;1970,00;12,06;;0,26;
2024-11-26;GCAMP003;YouTube | Awareness | Carteira Pro;YouTube;GAG004;Interesses Finanças BR;N/A - audience;Carteira Inteligente Pro;98883;469;176,15;0,38;1,78;0,475;11;2167,00;12,30;;0,28;
2024-11-27;GCAMP003;YouTube | Awareness | Carteira Pro;YouTube;GAG004;Interesses Finanças BR;N/A - audience;Carteira Inteligente Pro;92246;458;131,61;0,29;1,43;0,497;11;2167,00;16,47;;0,28;
2024-11-28;GCAMP003;YouTube | Awareness | Carteira Pro;YouTube;GAG004;Interesses Finanças BR;N/A - audience;Carteira Inteligente Pro;96942;450;149,94;0,33;1,55;0,465;9;1773,00;11,82;;0,27;
2024-11-29;GCAMP003;YouTube | Awareness | Carteira Pro;YouTube;GAG004;Interesses Finanças BR;N/A - audience;Carteira Inteligente Pro;48758;246;113,17;0,46;2,32;0,505;4;788,00;6,96;;0,28;
2024-11-30;GCAMP003;YouTube | Awareness | Carteira Pro;YouTube;GAG004;Interesses Finanças BR;N/A - audience;Carteira Inteligente Pro;75728;372;138,65;0,37;1,83;0,492;8;1576,00;11,37;;0,25;
2024-12-01;GCAMP003;YouTube | Awareness | Carteira Pro;YouTube;GAG004;Interesses Finanças BR;N/A - audience;Carteira Inteligente Pro;46010;251;71,63;0,29;1,56;0,547;4;788,00;11,00;;0,26;
2024-12-02;GCAMP003;YouTube | Awareness | Carteira Pro;YouTube;GAG004;Interesses Finanças BR;N/A - audience;Carteira Inteligente Pro;38881;191;76,42;0,40;1,97;0,494;2;394,00;5,16;;0,31;
2024-12-03;GCAMP003;YouTube | Awareness | Carteira Pro;YouTube;GAG004;Interesses Finanças BR;N/A - audience;Carteira Inteligente Pro;38164;207;58,32;0,28;1,53;0,543;2;394,00;6,76;;0,29;
2024-12-04;GCAMP003;YouTube | Awareness | Carteira Pro;YouTube;GAG004;Interesses Finanças BR;N/A - audience;Carteira Inteligente Pro;42390;227;78,92;0,35;1,86;0,536;3;591,00;7,49;;0,30;
2024-12-05;GCAMP003;YouTube | Awareness | Carteira Pro;YouTube;GAG004;Interesses Finanças BR;N/A - audience;Carteira Inteligente Pro;26659;126;66,72;0,53;2,50;0,473;2;394,00;5,91;;0,31;
2024-12-06;GCAMP003;YouTube | Awareness | Carteira Pro;YouTube;GAG004;Interesses Finanças BR;N/A - audience;Carteira Inteligente Pro;35876;177;83,62;0,47;2,33;0,494;3;591,00;7,07;;0,25;
2024-12-07;GCAMP003;YouTube | Awareness | Carteira Pro;YouTube;GAG004;Interesses Finanças BR;N/A - audience;Carteira Inteligente Pro;62551;327;81,61;0,25;1,30;0,524;5;985,00;12,07;;0,26;
2024-12-08;GCAMP003;YouTube | Awareness | Carteira Pro;YouTube;GAG004;Interesses Finanças BR;N/A - audience;Carteira Inteligente Pro;45486;237;78,46;0,33;1,72;0,523;3;591,00;7,53;;0,30;
2024-12-09;GCAMP003;YouTube | Awareness | Carteira Pro;YouTube;GAG004;Interesses Finanças BR;N/A - audience;Carteira Inteligente Pro;33527;167;69,70;0,42;2,08;0,499;2;394,00;5,65;;0,30;
2024-12-10;GCAMP003;YouTube | Awareness | Carteira Pro;YouTube;GAG004;Interesses Finanças BR;N/A - audience;Carteira Inteligente Pro;31373;163;64,76;0,40;2,06;0,520;2;394,00;6,08;;0,31;
2024-12-11;GCAMP003;YouTube | Awareness | Carteira Pro;YouTube;GAG004;Interesses Finanças BR;N/A - audience;Carteira Inteligente Pro;35906;187;80,00;0,43;2,23;0,523;2;394,00;4,92;;0,31;
2024-12-12;GCAMP003;YouTube | Awareness | Carteira Pro;YouTube;GAG004;Interesses Finanças BR;N/A - audience;Carteira Inteligente Pro;50803;281;70,71;0,25;1,39;0,554;4;788,00;11,14;;0,26;
2024-12-13;GCAMP003;YouTube | Awareness | Carteira Pro;YouTube;GAG004;Interesses Finanças BR;N/A - audience;Carteira Inteligente Pro;41448;217;81,11;0,37;1,96;0,525;3;591,00;7,29;;0,28;
2024-12-14;GCAMP003;YouTube | Awareness | Carteira Pro;YouTube;GAG004;Interesses Finanças BR;N/A - audience;Carteira Inteligente Pro;52472;290;80,09;0,28;1,53;0,554;5;985,00;12,30;;0,30;
2024-12-15;GCAMP003;YouTube | Awareness | Carteira Pro;YouTube;GAG004;Interesses Finanças BR;N/A - audience;Carteira Inteligente Pro;52995;260;80,60;0,31;1,52;0,491;3;591,00;7,33;;0,31;
2024-12-16;GCAMP003;YouTube | Awareness | Carteira Pro;YouTube;GAG004;Interesses Finanças BR;N/A - audience;Carteira Inteligente Pro;44559;206;73,52;0,36;1,65;0,462;3;591,00;8,04;;0,27;
2024-12-17;GCAMP003;YouTube | Awareness | Carteira Pro;YouTube;GAG004;Interesses Finanças BR;N/A - audience;Carteira Inteligente Pro;43956;244;74,76;0,31;1,70;0,555;3;591,00;7,91;;0,29;
2024-12-18;GCAMP003;YouTube | Awareness | Carteira Pro;YouTube;GAG004;Interesses Finanças BR;N/A - audience;Carteira Inteligente Pro;43358;211;55,62;0,26;1,28;0,488;2;394,00;7,08;;0,28;
2024-12-19;GCAMP003;YouTube | Awareness | Carteira Pro;YouTube;GAG004;Interesses Finanças BR;N/A - audience;Carteira Inteligente Pro;40831;186;74,98;0,40;1,84;0,457;2;394,00;5,25;;0,27;
2024-12-20;GCAMP003;YouTube | Awareness | Carteira Pro;YouTube;GAG004;Interesses Finanças BR;N/A - audience;Carteira Inteligente Pro;43281;239;75,87;0,32;1,75;0,553;3;591,00;7,79;;0,30;
2024-12-21;GCAMP003;YouTube | Awareness | Carteira Pro;YouTube;GAG004;Interesses Finanças BR;N/A - audience;Carteira Inteligente Pro;48904;225;70,47;0,31;1,44;0,461;3;591,00;8,39;;0,25;
2024-12-22;GCAMP003;YouTube | Awareness | Carteira Pro;YouTube;GAG004;Interesses Finanças BR;N/A - audience;Carteira Inteligente Pro;36231;186;68,16;0,37;1,88;0,515;2;394,00;5,78;;0,29;
2024-12-23;GCAMP003;YouTube | Awareness | Carteira Pro;YouTube;GAG004;Interesses Finanças BR;N/A - audience;Carteira Inteligente Pro;23842;129;58,25;0,45;2,44;0,542;2;394,00;6,76;;0,25;
2024-12-24;GCAMP003;YouTube | Awareness | Carteira Pro;YouTube;GAG004;Interesses Finanças BR;N/A - audience;Carteira Inteligente Pro;38560;177;71,68;0,40;1,86;0,461;2;394,00;5,50;;0,29;
2024-12-25;GCAMP003;YouTube | Awareness | Carteira Pro;YouTube;GAG004;Interesses Finanças BR;N/A - audience;Carteira Inteligente Pro;33575;169;66,07;0,39;1,97;0,506;2;394,00;5,96;;0,28;
2024-12-26;GCAMP003;YouTube | Awareness | Carteira Pro;YouTube;GAG004;Interesses Finanças BR;N/A - audience;Carteira Inteligente Pro;35257;182;61,36;0,34;1,74;0,517;3;591,00;9,63;;0,28;
2024-12-27;GCAMP003;YouTube | Awareness | Carteira Pro;YouTube;GAG004;Interesses Finanças BR;N/A - audience;Carteira Inteligente Pro;34491;174;65,91;0,38;1,91;0,505;3;591,00;8,97;;0,31;
2024-12-28;GCAMP003;YouTube | Awareness | Carteira Pro;YouTube;GAG004;Interesses Finanças BR;N/A - audience;Carteira Inteligente Pro;49325;222;64,41;0,29;1,31;0,452;2;394,00;6,12;;0,30;
2024-12-29;GCAMP003;YouTube | Awareness | Carteira Pro;YouTube;GAG004;Interesses Finanças BR;N/A - audience;Carteira Inteligente Pro;51095;284;91,53;0,32;1,79;0,558;4;788,00;8,61;;0,27;
2024-12-30;GCAMP003;YouTube | Awareness | Carteira Pro;YouTube;GAG004;Interesses Finanças BR;N/A - audience;Carteira Inteligente Pro;36650;168;69,08;0,41;1,88;0,459;2;394,00;5,70;;0,30;
2024-12-31;GCAMP003;YouTube | Awareness | Carteira Pro;YouTube;GAG004;Interesses Finanças BR;N/A - audience;Carteira Inteligente Pro;32200;175;72,91;0,42;2,26;0,546;3;591,00;8,11;;0,27;
2025-01-01;GCAMP003;YouTube | Awareness | Carteira Pro;YouTube;GAG004;Interesses Finanças BR;N/A - audience;Carteira Inteligente Pro;34340;170;63,86;0,38;1,86;0,497;2;394,00;6,17;;0,28;
2025-01-02;GCAMP003;YouTube | Awareness | Carteira Pro;YouTube;GAG004;Interesses Finanças BR;N/A - audience;Carteira Inteligente Pro;29117;156;78,70;0,50;2,70;0,538;2;394,00;5,01;;0,28;
2025-01-03;GCAMP003;YouTube | Awareness | Carteira Pro;YouTube;GAG004;Interesses Finanças BR;N/A - audience;Carteira Inteligente Pro;45537;231;68,61;0,30;1,51;0,509;3;591,00;8,61;;0,27;
2025-01-04;GCAMP003;YouTube | Awareness | Carteira Pro;YouTube;GAG004;Interesses Finanças BR;N/A - audience;Carteira Inteligente Pro;39419;193;87,57;0,45;2,22;0,491;2;394,00;4,50;;0,30;
2025-01-05;GCAMP003;YouTube | Awareness | Carteira Pro;YouTube;GAG004;Interesses Finanças BR;N/A - audience;Carteira Inteligente Pro;41777;209;83,40;0,40;2,00;0,501;2;394,00;4,72;;0,31;
2025-01-06;GCAMP003;YouTube | Awareness | Carteira Pro;YouTube;GAG004;Interesses Finanças BR;N/A - audience;Carteira Inteligente Pro;46112;251;77,70;0,31;1,68;0,546;4;788,00;10,14;;0,28;
2025-01-07;GCAMP003;YouTube | Awareness | Carteira Pro;YouTube;GAG004;Interesses Finanças BR;N/A - audience;Carteira Inteligente Pro;44658;205;75,95;0,37;1,70;0,461;2;394,00;5,19;;0,26;
2025-01-08;GCAMP003;YouTube | Awareness | Carteira Pro;YouTube;GAG004;Interesses Finanças BR;N/A - audience;Carteira Inteligente Pro;35554;172;71,64;0,42;2,02;0,486;2;394,00;5,50;;0,25;
2025-01-09;GCAMP003;YouTube | Awareness | Carteira Pro;YouTube;GAG004;Interesses Finanças BR;N/A - audience;Carteira Inteligente Pro;47971;245;73,84;0,30;1,54;0,512;4;788,00;10,67;;0,27;
2025-01-10;GCAMP003;YouTube | Awareness | Carteira Pro;YouTube;GAG004;Interesses Finanças BR;N/A - audience;Carteira Inteligente Pro;36477;174;60,24;0,35;1,65;0,478;2;394,00;6,54;;0,25;
2025-01-11;GCAMP003;YouTube | Awareness | Carteira Pro;YouTube;GAG004;Interesses Finanças BR;N/A - audience;Carteira Inteligente Pro;24811;135;67,35;0,50;2,71;0,547;1;197,00;2,93;;0,25;
2025-01-12;GCAMP003;YouTube | Awareness | Carteira Pro;YouTube;GAG004;Interesses Finanças BR;N/A - audience;Carteira Inteligente Pro;47404;247;77,82;0,32;1,64;0,523;4;788,00;10,13;;0,26;
2025-01-13;GCAMP003;YouTube | Awareness | Carteira Pro;YouTube;GAG004;Interesses Finanças BR;N/A - audience;Carteira Inteligente Pro;34154;175;63,11;0,36;1,85;0,514;2;394,00;6,24;;0,25;
2025-01-14;GCAMP003;YouTube | Awareness | Carteira Pro;YouTube;GAG004;Interesses Finanças BR;N/A - audience;Carteira Inteligente Pro;39946;207;63,25;0,31;1,58;0,519;2;394,00;6,23;;0,27;
2025-01-15;GCAMP003;YouTube | Awareness | Carteira Pro;YouTube;GAG004;Interesses Finanças BR;N/A - audience;Carteira Inteligente Pro;37381;207;60,06;0,29;1,61;0,555;2;394,00;6,56;;0,25;
2025-01-16;GCAMP003;YouTube | Awareness | Carteira Pro;YouTube;GAG004;Interesses Finanças BR;N/A - audience;Carteira Inteligente Pro;33990;176;61,71;0,35;1,82;0,520;2;394,00;6,38;;0,25;
2025-01-17;GCAMP003;YouTube | Awareness | Carteira Pro;YouTube;GAG004;Interesses Finanças BR;N/A - audience;Carteira Inteligente Pro;43604;233;86,74;0,37;1,99;0,536;2;394,00;4,54;;0,31;
2025-01-18;GCAMP003;YouTube | Awareness | Carteira Pro;YouTube;GAG004;Interesses Finanças BR;N/A - audience;Carteira Inteligente Pro;55101;306;75,13;0,25;1,36;0,557;4;788,00;10,49;;0,30;
2025-01-19;GCAMP003;YouTube | Awareness | Carteira Pro;YouTube;GAG004;Interesses Finanças BR;N/A - audience;Carteira Inteligente Pro;40225;217;83,42;0,38;2,07;0,541;2;394,00;4,72;;0,31;
2025-01-20;GCAMP003;YouTube | Awareness | Carteira Pro;YouTube;GAG004;Interesses Finanças BR;N/A - audience;Carteira Inteligente Pro;27496;148;74,00;0,50;2,69;0,539;2;394,00;5,32;;0,26;
2025-01-21;GCAMP003;YouTube | Awareness | Carteira Pro;YouTube;GAG004;Interesses Finanças BR;N/A - audience;Carteira Inteligente Pro;54275;255;84,83;0,33;1,56;0,471;3;591,00;6,97;;0,26;
2025-01-22;GCAMP003;YouTube | Awareness | Carteira Pro;YouTube;GAG004;Interesses Finanças BR;N/A - audience;Carteira Inteligente Pro;34170;167;66,32;0,40;1,94;0,491;2;394,00;5,94;;0,29;
2025-01-23;GCAMP003;YouTube | Awareness | Carteira Pro;YouTube;GAG004;Interesses Finanças BR;N/A - audience;Carteira Inteligente Pro;49661;238;79,90;0,34;1,61;0,481;4;788,00;9,86;;0,30;
2025-01-24;GCAMP003;YouTube | Awareness | Carteira Pro;YouTube;GAG004;Interesses Finanças BR;N/A - audience;Carteira Inteligente Pro;42900;190;67,23;0,35;1,57;0,444;3;591,00;8,79;;0,27;
2025-01-25;GCAMP003;YouTube | Awareness | Carteira Pro;YouTube;GAG004;Interesses Finanças BR;N/A - audience;Carteira Inteligente Pro;32116;144;62,76;0,44;1,95;0,448;2;394,00;6,28;;0,29;
2025-01-26;GCAMP003;YouTube | Awareness | Carteira Pro;YouTube;GAG004;Interesses Finanças BR;N/A - audience;Carteira Inteligente Pro;62541;305;91,18;0,30;1,46;0,489;3;591,00;6,48;;0,27;
2025-01-27;GCAMP003;YouTube | Awareness | Carteira Pro;YouTube;GAG004;Interesses Finanças BR;N/A - audience;Carteira Inteligente Pro;50043;236;82,25;0,35;1,64;0,473;3;591,00;7,19;;0,31;
2025-01-28;GCAMP003;YouTube | Awareness | Carteira Pro;YouTube;GAG004;Interesses Finanças BR;N/A - audience;Carteira Inteligente Pro;40788;192;71,74;0,37;1,76;0,471;3;591,00;8,24;;0,27;
2025-01-29;GCAMP003;YouTube | Awareness | Carteira Pro;YouTube;GAG004;Interesses Finanças BR;N/A - audience;Carteira Inteligente Pro;36478;167;63,77;0,38;1,75;0,460;2;394,00;6,18;;0,30;
2025-01-30;GCAMP003;YouTube | Awareness | Carteira Pro;YouTube;GAG004;Interesses Finanças BR;N/A - audience;Carteira Inteligente Pro;46848;245;66,61;0,27;1,42;0,523;3;591,00;8,87;;0,29;
2025-01-31;GCAMP003;YouTube | Awareness | Carteira Pro;YouTube;GAG004;Interesses Finanças BR;N/A - audience;Carteira Inteligente Pro;49924;263;64,06;0,24;1,28;0,529;4;788,00;12,30;;0,25;
2024-02-01;GCAMP004;Display | Retargeting | Conversão;Display;GAG005;Visitantes Site 14d;N/A - remarketing;Ambos;29207;79;20,27;0,26;0,69;0,271;1;97,00;4,79;;;
2024-02-02;GCAMP004;Display | Retargeting | Conversão;Display;GAG005;Visitantes Site 14d;N/A - remarketing;Ambos;34506;112;26,71;0,24;0,77;0,326;1;97,00;3,63;;;
2024-02-03;GCAMP004;Display | Retargeting | Conversão;Display;GAG005;Visitantes Site 14d;N/A - remarketing;Ambos;34344;114;29,35;0,26;0,85;0,333;1;197,00;6,71;;;
2024-02-04;GCAMP004;Display | Retargeting | Conversão;Display;GAG005;Visitantes Site 14d;N/A - remarketing;Ambos;27939;88;25,54;0,29;0,91;0,318;1;97,00;3,80;;;
2024-02-05;GCAMP004;Display | Retargeting | Conversão;Display;GAG005;Visitantes Site 14d;N/A - remarketing;Ambos;31289;94;23,70;0,25;0,76;0,302;1;97,00;4,09;;;
2024-02-06;GCAMP004;Display | Retargeting | Conversão;Display;GAG005;Visitantes Site 14d;N/A - remarketing;Ambos;28736;89;23,24;0,26;0,81;0,312;1;97,00;4,17;;;
2024-02-07;GCAMP004;Display | Retargeting | Conversão;Display;GAG005;Visitantes Site 14d;N/A - remarketing;Ambos;24561;82;21,78;0,27;0,89;0,336;1;97,00;4,45;;;
2024-02-08;GCAMP004;Display | Retargeting | Conversão;Display;GAG005;Visitantes Site 14d;N/A - remarketing;Ambos;29256;83;26,66;0,32;0,91;0,285;1;197,00;7,39;;;
2024-02-09;GCAMP004;Display | Retargeting | Conversão;Display;GAG005;Visitantes Site 14d;N/A - remarketing;Ambos;31588;98;24,81;0,25;0,79;0,311;1;197,00;7,94;;;
2024-02-10;GCAMP004;Display | Retargeting | Conversão;Display;GAG005;Visitantes Site 14d;N/A - remarketing;Ambos;26806;83;23,96;0,29;0,89;0,312;1;197,00;8,22;;;
2024-02-11;GCAMP004;Display | Retargeting | Conversão;Display;GAG005;Visitantes Site 14d;N/A - remarketing;Ambos;36797;105;24,35;0,23;0,66;0,287;1;97,00;3,98;;;
2024-02-12;GCAMP004;Display | Retargeting | Conversão;Display;GAG005;Visitantes Site 14d;N/A - remarketing;Ambos;19611;51;25,01;0,49;1,28;0,265;0;0,00;0,00;;;
2024-02-13;GCAMP004;Display | Retargeting | Conversão;Display;GAG005;Visitantes Site 14d;N/A - remarketing;Ambos;24654;80;23,40;0,29;0,95;0,327;1;197,00;8,42;;;
2024-02-14;GCAMP004;Display | Retargeting | Conversão;Display;GAG005;Visitantes Site 14d;N/A - remarketing;Ambos;22215;64;25,06;0,39;1,13;0,290;0;0,00;0,00;;;
2024-02-15;GCAMP004;Display | Retargeting | Conversão;Display;GAG005;Visitantes Site 14d;N/A - remarketing;Ambos;27898;82;25,09;0,31;0,90;0,295;1;97,00;3,87;;;
2024-02-16;GCAMP004;Display | Retargeting | Conversão;Display;GAG005;Visitantes Site 14d;N/A - remarketing;Ambos;26291;75;29,13;0,39;1,11;0,286;1;97,00;3,33;;;
2024-02-17;GCAMP004;Display | Retargeting | Conversão;Display;GAG005;Visitantes Site 14d;N/A - remarketing;Ambos;33906;98;30,13;0,31;0,89;0,290;1;197,00;6,54;;;
2024-02-18;GCAMP004;Display | Retargeting | Conversão;Display;GAG005;Visitantes Site 14d;N/A - remarketing;Ambos;30817;102;28,06;0,28;0,91;0,333;1;97,00;3,46;;;
2024-02-19;GCAMP004;Display | Retargeting | Conversão;Display;GAG005;Visitantes Site 14d;N/A - remarketing;Ambos;31555;98;24,38;0,25;0,77;0,313;1;197,00;8,08;;;
2024-02-20;GCAMP004;Display | Retargeting | Conversão;Display;GAG005;Visitantes Site 14d;N/A - remarketing;Ambos;35468;113;27,43;0,24;0,77;0,320;1;97,00;3,54;;;
2024-02-21;GCAMP004;Display | Retargeting | Conversão;Display;GAG005;Visitantes Site 14d;N/A - remarketing;Ambos;26325;83;24,15;0,29;0,92;0,318;1;97,00;4,02;;;
2024-02-22;GCAMP004;Display | Retargeting | Conversão;Display;GAG005;Visitantes Site 14d;N/A - remarketing;Ambos;35119;106;22,43;0,21;0,64;0,303;1;97,00;4,32;;;
2024-02-23;GCAMP004;Display | Retargeting | Conversão;Display;GAG005;Visitantes Site 14d;N/A - remarketing;Ambos;40676;112;23,85;0,21;0,59;0,276;1;97,00;4,07;;;
2024-02-24;GCAMP004;Display | Retargeting | Conversão;Display;GAG005;Visitantes Site 14d;N/A - remarketing;Ambos;25288;72;26,25;0,36;1,04;0,288;1;97,00;3,70;;;
2024-02-25;GCAMP004;Display | Retargeting | Conversão;Display;GAG005;Visitantes Site 14d;N/A - remarketing;Ambos;30949;98;25,89;0,26;0,84;0,318;1;197,00;7,61;;;
2024-02-26;GCAMP004;Display | Retargeting | Conversão;Display;GAG005;Visitantes Site 14d;N/A - remarketing;Ambos;40681;119;29,70;0,25;0,73;0,293;1;97,00;3,27;;;
2024-02-27;GCAMP004;Display | Retargeting | Conversão;Display;GAG005;Visitantes Site 14d;N/A - remarketing;Ambos;26744;77;22,73;0,30;0,85;0,291;1;97,00;4,27;;;
2024-02-28;GCAMP004;Display | Retargeting | Conversão;Display;GAG005;Visitantes Site 14d;N/A - remarketing;Ambos;25898;75;27,60;0,37;1,07;0,290;1;97,00;3,51;;;
2024-02-29;GCAMP004;Display | Retargeting | Conversão;Display;GAG005;Visitantes Site 14d;N/A - remarketing;Ambos;24674;75;26,84;0,36;1,09;0,304;1;197,00;7,34;;;
2024-03-01;GCAMP004;Display | Retargeting | Conversão;Display;GAG005;Visitantes Site 14d;N/A - remarketing;Ambos;86114;239;68,03;0,28;0,79;0,278;6;582,00;8,56;;;
2024-03-02;GCAMP004;Display | Retargeting | Conversão;Display;GAG005;Visitantes Site 14d;N/A - remarketing;Ambos;79266;227;61,29;0,27;0,77;0,287;4;388,00;6,33;;;
2024-03-03;GCAMP004;Display | Retargeting | Conversão;Display;GAG005;Visitantes Site 14d;N/A - remarketing;Ambos;91898;257;57,33;0,22;0,62;0,281;4;788,00;13,74;;;
2024-03-04;GCAMP004;Display | Retargeting | Conversão;Display;GAG005;Visitantes Site 14d;N/A - remarketing;Ambos;68791;213;54,63;0,26;0,79;0,311;5;985,00;18,03;;;
2024-03-05;GCAMP004;Display | Retargeting | Conversão;Display;GAG005;Visitantes Site 14d;N/A - remarketing;Ambos;78495;255;67,89;0,27;0,86;0,325;5;485,00;7,14;;;
2024-03-06;GCAMP004;Display | Retargeting | Conversão;Display;GAG005;Visitantes Site 14d;N/A - remarketing;Ambos;78269;209;73,00;0,35;0,93;0,268;4;388,00;5,32;;;
2024-03-07;GCAMP004;Display | Retargeting | Conversão;Display;GAG005;Visitantes Site 14d;N/A - remarketing;Ambos;71595;222;70,95;0,32;0,99;0,311;4;788,00;11,11;;;
2024-03-08;GCAMP004;Display | Retargeting | Conversão;Display;GAG005;Visitantes Site 14d;N/A - remarketing;Ambos;99976;264;93,42;0,35;0,93;0,264;4;388,00;4,15;;;
2024-03-09;GCAMP004;Display | Retargeting | Conversão;Display;GAG005;Visitantes Site 14d;N/A - remarketing;Ambos;94729;313;99,92;0,32;1,05;0,331;7;1379,00;13,80;;;
2024-03-10;GCAMP004;Display | Retargeting | Conversão;Display;GAG005;Visitantes Site 14d;N/A - remarketing;Ambos;150061;396;99,14;0,25;0,66;0,264;8;776,00;7,83;;;
2024-03-11;GCAMP004;Display | Retargeting | Conversão;Display;GAG005;Visitantes Site 14d;N/A - remarketing;Ambos;129291;414;110,19;0,27;0,85;0,320;8;776,00;7,04;;;
2024-03-12;GCAMP004;Display | Retargeting | Conversão;Display;GAG005;Visitantes Site 14d;N/A - remarketing;Ambos;110818;335;102,77;0,31;0,93;0,303;8;776,00;7,55;;;
2024-03-13;GCAMP004;Display | Retargeting | Conversão;Display;GAG005;Visitantes Site 14d;N/A - remarketing;Ambos;115471;311;127,71;0,41;1,11;0,270;7;1379,00;10,80;;;
2024-03-14;GCAMP004;Display | Retargeting | Conversão;Display;GAG005;Visitantes Site 14d;N/A - remarketing;Ambos;202488;639;128,66;0,20;0,64;0,316;17;1649,00;12,82;;;
2024-03-15;GCAMP004;Display | Retargeting | Conversão;Display;GAG005;Visitantes Site 14d;N/A - remarketing;Ambos;168159;446;158,90;0,36;0,94;0,266;11;1067,00;6,71;;;
2024-03-16;GCAMP004;Display | Retargeting | Conversão;Display;GAG005;Visitantes Site 14d;N/A - remarketing;Ambos;201912;533;116,53;0,22;0,58;0,264;14;2758,00;23,67;;;
2024-03-17;GCAMP004;Display | Retargeting | Conversão;Display;GAG005;Visitantes Site 14d;N/A - remarketing;Ambos;141127;431;152,33;0,35;1,08;0,306;8;776,00;5,09;;;
2024-03-18;GCAMP004;Display | Retargeting | Conversão;Display;GAG005;Visitantes Site 14d;N/A - remarketing;Ambos;145298;464;124,93;0,27;0,86;0,320;12;2364,00;18,92;;;
2024-03-19;GCAMP004;Display | Retargeting | Conversão;Display;GAG005;Visitantes Site 14d;N/A - remarketing;Ambos;142000;395;115,31;0,29;0,81;0,279;7;1379,00;11,96;;;
2024-03-20;GCAMP004;Display | Retargeting | Conversão;Display;GAG005;Visitantes Site 14d;N/A - remarketing;Ambos;81457;272;93,83;0,34;1,15;0,334;5;485,00;5,17;;;
2024-03-21;GCAMP004;Display | Retargeting | Conversão;Display;GAG005;Visitantes Site 14d;N/A - remarketing;Ambos;91472;297;87,09;0,29;0,95;0,325;5;985,00;11,31;;;
2024-03-22;GCAMP004;Display | Retargeting | Conversão;Display;GAG005;Visitantes Site 14d;N/A - remarketing;Ambos;75592;253;79,22;0,31;1,05;0,335;5;985,00;12,43;;;
2024-03-23;GCAMP004;Display | Retargeting | Conversão;Display;GAG005;Visitantes Site 14d;N/A - remarketing;Ambos;70289;200;84,39;0,42;1,20;0,285;4;388,00;4,60;;;
2024-03-24;GCAMP004;Display | Retargeting | Conversão;Display;GAG005;Visitantes Site 14d;N/A - remarketing;Ambos;68867;197;71,43;0,36;1,04;0,287;5;985,00;13,79;;;
2024-03-25;GCAMP004;Display | Retargeting | Conversão;Display;GAG005;Visitantes Site 14d;N/A - remarketing;Ambos;74599;216;68,06;0,32;0,91;0,291;5;485,00;7,13;;;
2024-03-26;GCAMP004;Display | Retargeting | Conversão;Display;GAG005;Visitantes Site 14d;N/A - remarketing;Ambos;68464;212;76,44;0,36;1,12;0,311;4;788,00;10,31;;;
2024-03-27;GCAMP004;Display | Retargeting | Conversão;Display;GAG005;Visitantes Site 14d;N/A - remarketing;Ambos;82113;256;57,95;0,23;0,71;0,313;5;985,00;17,00;;;
2024-03-28;GCAMP004;Display | Retargeting | Conversão;Display;GAG005;Visitantes Site 14d;N/A - remarketing;Ambos;68493;191;53,26;0,28;0,78;0,280;4;388,00;7,29;;;
2024-03-29;GCAMP004;Display | Retargeting | Conversão;Display;GAG005;Visitantes Site 14d;N/A - remarketing;Ambos;54134;148;45,43;0,31;0,84;0,274;3;291,00;6,41;;;
2024-03-30;GCAMP004;Display | Retargeting | Conversão;Display;GAG005;Visitantes Site 14d;N/A - remarketing;Ambos;48537;138;59,54;0,43;1,23;0,286;3;591,00;9,93;;;
2024-03-31;GCAMP004;Display | Retargeting | Conversão;Display;GAG005;Visitantes Site 14d;N/A - remarketing;Ambos;64152;171;61,20;0,36;0,95;0,267;3;291,00;4,75;;;
2024-04-01;GCAMP004;Display | Retargeting | Conversão;Display;GAG005;Visitantes Site 14d;N/A - remarketing;Ambos;30449;91;26,69;0,29;0,88;0,300;1;197,00;7,38;;;
2024-04-02;GCAMP004;Display | Retargeting | Conversão;Display;GAG005;Visitantes Site 14d;N/A - remarketing;Ambos;30114;90;25,96;0,29;0,86;0,299;1;97,00;3,74;;;
2024-04-03;GCAMP004;Display | Retargeting | Conversão;Display;GAG005;Visitantes Site 14d;N/A - remarketing;Ambos;30180;89;21,57;0,24;0,71;0,297;1;97,00;4,50;;;
2024-04-04;GCAMP004;Display | Retargeting | Conversão;Display;GAG005;Visitantes Site 14d;N/A - remarketing;Ambos;29036;86;22,13;0,26;0,76;0,298;1;197,00;8,90;;;
2024-04-05;GCAMP004;Display | Retargeting | Conversão;Display;GAG005;Visitantes Site 14d;N/A - remarketing;Ambos;18897;58;25,19;0,43;1,33;0,309;0;0,00;0,00;;;
2024-04-06;GCAMP004;Display | Retargeting | Conversão;Display;GAG005;Visitantes Site 14d;N/A - remarketing;Ambos;33382;111;28,24;0,25;0,85;0,335;1;97,00;3,43;;;
2024-04-07;GCAMP004;Display | Retargeting | Conversão;Display;GAG005;Visitantes Site 14d;N/A - remarketing;Ambos;37148;98;30,00;0,31;0,81;0,265;1;197,00;6,57;;;
2024-04-08;GCAMP004;Display | Retargeting | Conversão;Display;GAG005;Visitantes Site 14d;N/A - remarketing;Ambos;35361;94;30,66;0,33;0,87;0,269;1;97,00;3,16;;;
2024-04-09;GCAMP004;Display | Retargeting | Conversão;Display;GAG005;Visitantes Site 14d;N/A - remarketing;Ambos;33482;101;23,21;0,23;0,69;0,303;1;97,00;4,18;;;
2024-04-10;GCAMP004;Display | Retargeting | Conversão;Display;GAG005;Visitantes Site 14d;N/A - remarketing;Ambos;35393;108;23,19;0,21;0,66;0,307;1;197,00;8,50;;;
2024-04-11;GCAMP004;Display | Retargeting | Conversão;Display;GAG005;Visitantes Site 14d;N/A - remarketing;Ambos;29795;79;25,77;0,33;0,87;0,267;1;97,00;3,76;;;
2024-04-12;GCAMP004;Display | Retargeting | Conversão;Display;GAG005;Visitantes Site 14d;N/A - remarketing;Ambos;36713;116;24,94;0,22;0,68;0,316;1;197,00;7,90;;;
2024-04-13;GCAMP004;Display | Retargeting | Conversão;Display;GAG005;Visitantes Site 14d;N/A - remarketing;Ambos;25660;85;31,41;0,37;1,22;0,332;1;97,00;3,09;;;
2024-04-14;GCAMP004;Display | Retargeting | Conversão;Display;GAG005;Visitantes Site 14d;N/A - remarketing;Ambos;36461;106;27,89;0,26;0,76;0,291;1;97,00;3,48;;;
2024-04-15;GCAMP004;Display | Retargeting | Conversão;Display;GAG005;Visitantes Site 14d;N/A - remarketing;Ambos;21664;67;25,08;0,37;1,16;0,312;0;0,00;0,00;;;
2024-04-16;GCAMP004;Display | Retargeting | Conversão;Display;GAG005;Visitantes Site 14d;N/A - remarketing;Ambos;26580;87;27,97;0,32;1,05;0,330;1;197,00;7,04;;;
2024-04-17;GCAMP004;Display | Retargeting | Conversão;Display;GAG005;Visitantes Site 14d;N/A - remarketing;Ambos;19631;59;26,01;0,44;1,32;0,304;0;0,00;0,00;;;
2024-04-18;GCAMP004;Display | Retargeting | Conversão;Display;GAG005;Visitantes Site 14d;N/A - remarketing;Ambos;34033;112;26,60;0,24;0,78;0,330;1;197,00;7,41;;;
2024-04-19;GCAMP004;Display | Retargeting | Conversão;Display;GAG005;Visitantes Site 14d;N/A - remarketing;Ambos;38666;102;30,42;0,30;0,79;0,266;1;197,00;6,48;;;
2024-04-20;GCAMP004;Display | Retargeting | Conversão;Display;GAG005;Visitantes Site 14d;N/A - remarketing;Ambos;37384;115;27,82;0,24;0,74;0,309;1;197,00;7,08;;;
2024-04-21;GCAMP004;Display | Retargeting | Conversão;Display;GAG005;Visitantes Site 14d;N/A - remarketing;Ambos;41036;122;29,31;0,24;0,71;0,298;2;394,00;13,44;;;
2024-04-22;GCAMP004;Display | Retargeting | Conversão;Display;GAG005;Visitantes Site 14d;N/A - remarketing;Ambos;34806;98;23,76;0,24;0,68;0,282;1;97,00;4,08;;;
2024-04-23;GCAMP004;Display | Retargeting | Conversão;Display;GAG005;Visitantes Site 14d;N/A - remarketing;Ambos;29539;91;26,15;0,29;0,89;0,311;1;97,00;3,71;;;
2024-04-24;GCAMP004;Display | Retargeting | Conversão;Display;GAG005;Visitantes Site 14d;N/A - remarketing;Ambos;20519;67;22,97;0,34;1,12;0,330;1;197,00;8,58;;;
2024-04-25;GCAMP004;Display | Retargeting | Conversão;Display;GAG005;Visitantes Site 14d;N/A - remarketing;Ambos;17796;52;23,03;0,44;1,29;0,296;0;0,00;0,00;;;
2024-04-26;GCAMP004;Display | Retargeting | Conversão;Display;GAG005;Visitantes Site 14d;N/A - remarketing;Ambos;28664;89;25,30;0,28;0,88;0,312;1;97,00;3,83;;;
2024-04-27;GCAMP004;Display | Retargeting | Conversão;Display;GAG005;Visitantes Site 14d;N/A - remarketing;Ambos;30565;83;26,00;0,31;0,85;0,275;1;197,00;7,58;;;
2024-04-28;GCAMP004;Display | Retargeting | Conversão;Display;GAG005;Visitantes Site 14d;N/A - remarketing;Ambos;34975;93;27,77;0,30;0,79;0,268;1;197,00;7,09;;;
2024-04-29;GCAMP004;Display | Retargeting | Conversão;Display;GAG005;Visitantes Site 14d;N/A - remarketing;Ambos;24915;66;24,44;0,37;0,98;0,266;1;97,00;3,97;;;
2024-04-30;GCAMP004;Display | Retargeting | Conversão;Display;GAG005;Visitantes Site 14d;N/A - remarketing;Ambos;23158;76;24,40;0,32;1,05;0,331;1;97,00;3,98;;;
2024-05-01;GCAMP004;Display | Retargeting | Conversão;Display;GAG005;Visitantes Site 14d;N/A - remarketing;Ambos;38561;124;30,36;0,24;0,79;0,324;1;197,00;6,49;;;
2024-05-02;GCAMP004;Display | Retargeting | Conversão;Display;GAG005;Visitantes Site 14d;N/A - remarketing;Ambos;27356;80;23,86;0,30;0,87;0,294;1;197,00;8,26;;;
2024-05-03;GCAMP004;Display | Retargeting | Conversão;Display;GAG005;Visitantes Site 14d;N/A - remarketing;Ambos;38057;110;27,72;0,25;0,73;0,290;1;97,00;3,50;;;
2024-05-04;GCAMP004;Display | Retargeting | Conversão;Display;GAG005;Visitantes Site 14d;N/A - remarketing;Ambos;29620;97;30,59;0,32;1,03;0,331;1;97,00;3,17;;;
2024-05-05;GCAMP004;Display | Retargeting | Conversão;Display;GAG005;Visitantes Site 14d;N/A - remarketing;Ambos;32937;87;27,44;0,32;0,83;0,264;1;97,00;3,53;;;
2024-05-06;GCAMP004;Display | Retargeting | Conversão;Display;GAG005;Visitantes Site 14d;N/A - remarketing;Ambos;28587;93;24,71;0,27;0,86;0,326;1;197,00;7,97;;;
2024-05-07;GCAMP004;Display | Retargeting | Conversão;Display;GAG005;Visitantes Site 14d;N/A - remarketing;Ambos;25510;84;21,12;0,25;0,83;0,329;1;97,00;4,59;;;
2024-05-08;GCAMP004;Display | Retargeting | Conversão;Display;GAG005;Visitantes Site 14d;N/A - remarketing;Ambos;28014;91;24,51;0,27;0,87;0,327;1;97,00;3,96;;;
2024-05-09;GCAMP004;Display | Retargeting | Conversão;Display;GAG005;Visitantes Site 14d;N/A - remarketing;Ambos;22011;71;25,21;0,36;1,15;0,327;0;0,00;0,00;;;
2024-05-10;GCAMP004;Display | Retargeting | Conversão;Display;GAG005;Visitantes Site 14d;N/A - remarketing;Ambos;40066;110;29,68;0,27;0,74;0,275;1;197,00;6,64;;;
2024-05-11;GCAMP004;Display | Retargeting | Conversão;Display;GAG005;Visitantes Site 14d;N/A - remarketing;Ambos;33168;103;26,99;0,26;0,81;0,313;1;197,00;7,30;;;
2024-05-12;GCAMP004;Display | Retargeting | Conversão;Display;GAG005;Visitantes Site 14d;N/A - remarketing;Ambos;36946;118;27,85;0,24;0,75;0,320;1;197,00;7,07;;;
2024-05-13;GCAMP004;Display | Retargeting | Conversão;Display;GAG005;Visitantes Site 14d;N/A - remarketing;Ambos;33175;108;22,57;0,21;0,68;0,328;1;197,00;8,73;;;
2024-05-14;GCAMP004;Display | Retargeting | Conversão;Display;GAG005;Visitantes Site 14d;N/A - remarketing;Ambos;21284;63;25,79;0,41;1,21;0,300;1;97,00;3,76;;;
2024-05-15;GCAMP004;Display | Retargeting | Conversão;Display;GAG005;Visitantes Site 14d;N/A - remarketing;Ambos;31422;92;24,90;0,27;0,79;0,293;1;197,00;7,91;;;
2024-05-16;GCAMP004;Display | Retargeting | Conversão;Display;GAG005;Visitantes Site 14d;N/A - remarketing;Ambos;26831;81;27,35;0,34;1,02;0,305;1;197,00;7,20;;;
2024-05-17;GCAMP004;Display | Retargeting | Conversão;Display;GAG005;Visitantes Site 14d;N/A - remarketing;Ambos;27469;79;25,86;0,33;0,94;0,290;1;197,00;7,62;;;
2024-05-18;GCAMP004;Display | Retargeting | Conversão;Display;GAG005;Visitantes Site 14d;N/A - remarketing;Ambos;35604;96;32,15;0,33;0,90;0,270;1;197,00;6,13;;;
2024-05-19;GCAMP004;Display | Retargeting | Conversão;Display;GAG005;Visitantes Site 14d;N/A - remarketing;Ambos;39451;127;33,04;0,26;0,84;0,324;1;197,00;5,96;;;
2024-05-20;GCAMP004;Display | Retargeting | Conversão;Display;GAG005;Visitantes Site 14d;N/A - remarketing;Ambos;33611;100;24,04;0,24;0,72;0,300;1;97,00;4,03;;;
2024-05-21;GCAMP004;Display | Retargeting | Conversão;Display;GAG005;Visitantes Site 14d;N/A - remarketing;Ambos;31791;104;21,48;0,21;0,68;0,327;1;97,00;4,52;;;
2024-05-22;GCAMP004;Display | Retargeting | Conversão;Display;GAG005;Visitantes Site 14d;N/A - remarketing;Ambos;25200;73;30,71;0,42;1,22;0,293;1;97,00;3,16;;;
2024-05-23;GCAMP004;Display | Retargeting | Conversão;Display;GAG005;Visitantes Site 14d;N/A - remarketing;Ambos;31023;84;31,86;0,38;1,03;0,274;1;197,00;6,18;;;
2024-05-24;GCAMP004;Display | Retargeting | Conversão;Display;GAG005;Visitantes Site 14d;N/A - remarketing;Ambos;31156;99;27,67;0,28;0,89;0,320;1;197,00;7,12;;;
2024-05-25;GCAMP004;Display | Retargeting | Conversão;Display;GAG005;Visitantes Site 14d;N/A - remarketing;Ambos;30446;100;27,66;0,28;0,91;0,330;1;197,00;7,12;;;
2024-05-26;GCAMP004;Display | Retargeting | Conversão;Display;GAG005;Visitantes Site 14d;N/A - remarketing;Ambos;29389;96;34,68;0,36;1,18;0,329;1;197,00;5,68;;;
2024-05-27;GCAMP004;Display | Retargeting | Conversão;Display;GAG005;Visitantes Site 14d;N/A - remarketing;Ambos;39403;126;29,41;0,23;0,75;0,321;2;194,00;6,60;;;
2024-05-28;GCAMP004;Display | Retargeting | Conversão;Display;GAG005;Visitantes Site 14d;N/A - remarketing;Ambos;27742;73;26,82;0,37;0,97;0,265;1;97,00;3,62;;;
2024-05-29;GCAMP004;Display | Retargeting | Conversão;Display;GAG005;Visitantes Site 14d;N/A - remarketing;Ambos;27766;79;25,81;0,33;0,93;0,285;1;97,00;3,76;;;
2024-05-30;GCAMP004;Display | Retargeting | Conversão;Display;GAG005;Visitantes Site 14d;N/A - remarketing;Ambos;25159;71;24,20;0,34;0,96;0,283;1;197,00;8,14;;;
2024-05-31;GCAMP004;Display | Retargeting | Conversão;Display;GAG005;Visitantes Site 14d;N/A - remarketing;Ambos;26990;90;22,50;0,25;0,83;0,334;1;97,00;4,31;;;
2024-06-01;GCAMP004;Display | Retargeting | Conversão;Display;GAG005;Visitantes Site 14d;N/A - remarketing;Ambos;29554;91;27,44;0,30;0,93;0,310;1;97,00;3,53;;;
2024-06-02;GCAMP004;Display | Retargeting | Conversão;Display;GAG005;Visitantes Site 14d;N/A - remarketing;Ambos;39558;111;26,59;0,24;0,67;0,283;1;197,00;7,41;;;
2024-06-03;GCAMP004;Display | Retargeting | Conversão;Display;GAG005;Visitantes Site 14d;N/A - remarketing;Ambos;20623;65;24,24;0,37;1,18;0,319;1;197,00;8,13;;;
2024-06-04;GCAMP004;Display | Retargeting | Conversão;Display;GAG005;Visitantes Site 14d;N/A - remarketing;Ambos;34879;104;20,95;0,20;0,60;0,301;1;97,00;4,63;;;
2024-06-05;GCAMP004;Display | Retargeting | Conversão;Display;GAG005;Visitantes Site 14d;N/A - remarketing;Ambos;31909;98;22,59;0,23;0,71;0,308;1;197,00;8,72;;;
2024-06-06;GCAMP004;Display | Retargeting | Conversão;Display;GAG005;Visitantes Site 14d;N/A - remarketing;Ambos;39679;129;27,52;0,21;0,69;0,326;2;194,00;7,05;;;
2024-06-07;GCAMP004;Display | Retargeting | Conversão;Display;GAG005;Visitantes Site 14d;N/A - remarketing;Ambos;35337;106;26,62;0,25;0,75;0,302;1;97,00;3,64;;;
2024-06-08;GCAMP004;Display | Retargeting | Conversão;Display;GAG005;Visitantes Site 14d;N/A - remarketing;Ambos;25075;83;27,00;0,33;1,08;0,334;1;197,00;7,30;;;
2024-06-09;GCAMP004;Display | Retargeting | Conversão;Display;GAG005;Visitantes Site 14d;N/A - remarketing;Ambos;46046;128;30,76;0,24;0,67;0,280;2;194,00;6,31;;;
2024-06-10;GCAMP004;Display | Retargeting | Conversão;Display;GAG005;Visitantes Site 14d;N/A - remarketing;Ambos;24810;65;25,60;0,39;1,03;0,266;1;97,00;3,79;;;
2024-06-11;GCAMP004;Display | Retargeting | Conversão;Display;GAG005;Visitantes Site 14d;N/A - remarketing;Ambos;38680;108;27,01;0,25;0,70;0,280;1;197,00;7,29;;;
2024-06-12;GCAMP004;Display | Retargeting | Conversão;Display;GAG005;Visitantes Site 14d;N/A - remarketing;Ambos;42884;119;27,37;0,23;0,64;0,279;1;97,00;3,54;;;
2024-06-13;GCAMP004;Display | Retargeting | Conversão;Display;GAG005;Visitantes Site 14d;N/A - remarketing;Ambos;33946;95;29,35;0,31;0,86;0,282;1;97,00;3,30;;;
2024-06-14;GCAMP004;Display | Retargeting | Conversão;Display;GAG005;Visitantes Site 14d;N/A - remarketing;Ambos;37796;117;24,01;0,21;0,64;0,312;2;194,00;8,08;;;
2024-06-15;GCAMP004;Display | Retargeting | Conversão;Display;GAG005;Visitantes Site 14d;N/A - remarketing;Ambos;40031;111;30,46;0,27;0,76;0,278;1;197,00;6,47;;;
2024-06-16;GCAMP004;Display | Retargeting | Conversão;Display;GAG005;Visitantes Site 14d;N/A - remarketing;Ambos;30275;97;28,49;0,29;0,94;0,322;1;197,00;6,91;;;
2024-06-17;GCAMP004;Display | Retargeting | Conversão;Display;GAG005;Visitantes Site 14d;N/A - remarketing;Ambos;34691;104;25,57;0,25;0,74;0,302;1;97,00;3,79;;;
2024-06-18;GCAMP004;Display | Retargeting | Conversão;Display;GAG005;Visitantes Site 14d;N/A - remarketing;Ambos;31480;90;25,25;0,28;0,80;0,287;1;197,00;7,80;;;
2024-06-19;GCAMP004;Display | Retargeting | Conversão;Display;GAG005;Visitantes Site 14d;N/A - remarketing;Ambos;34859;112;32,69;0,29;0,94;0,324;1;197,00;6,03;;;
2024-06-20;GCAMP004;Display | Retargeting | Conversão;Display;GAG005;Visitantes Site 14d;N/A - remarketing;Ambos;33366;93;30,54;0,33;0,92;0,279;1;97,00;3,18;;;
2024-06-21;GCAMP004;Display | Retargeting | Conversão;Display;GAG005;Visitantes Site 14d;N/A - remarketing;Ambos;31106;100;22,80;0,23;0,73;0,323;1;97,00;4,25;;;
2024-06-22;GCAMP004;Display | Retargeting | Conversão;Display;GAG005;Visitantes Site 14d;N/A - remarketing;Ambos;29649;88;28,96;0,33;0,98;0,297;1;97,00;3,35;;;
2024-06-23;GCAMP004;Display | Retargeting | Conversão;Display;GAG005;Visitantes Site 14d;N/A - remarketing;Ambos;45482;125;31,48;0,25;0,69;0,276;1;197,00;6,26;;;
2024-06-24;GCAMP004;Display | Retargeting | Conversão;Display;GAG005;Visitantes Site 14d;N/A - remarketing;Ambos;41462;132;31,59;0,24;0,76;0,318;1;97,00;3,07;;;
2024-06-25;GCAMP004;Display | Retargeting | Conversão;Display;GAG005;Visitantes Site 14d;N/A - remarketing;Ambos;35205;98;27,99;0,29;0,80;0,280;1;197,00;7,04;;;
2024-06-26;GCAMP004;Display | Retargeting | Conversão;Display;GAG005;Visitantes Site 14d;N/A - remarketing;Ambos;26589;87;26,83;0,31;1,01;0,329;1;197,00;7,34;;;
2024-06-27;GCAMP004;Display | Retargeting | Conversão;Display;GAG005;Visitantes Site 14d;N/A - remarketing;Ambos;29533;87;30,13;0,35;1,02;0,298;1;97,00;3,22;;;
2024-06-28;GCAMP004;Display | Retargeting | Conversão;Display;GAG005;Visitantes Site 14d;N/A - remarketing;Ambos;40272;125;29,79;0,24;0,74;0,313;2;194,00;6,51;;;
2024-06-29;GCAMP004;Display | Retargeting | Conversão;Display;GAG005;Visitantes Site 14d;N/A - remarketing;Ambos;33869;97;25,61;0,26;0,76;0,287;1;197,00;7,69;;;
2024-06-30;GCAMP004;Display | Retargeting | Conversão;Display;GAG005;Visitantes Site 14d;N/A - remarketing;Ambos;28168;85;24,44;0,29;0,87;0,303;1;197,00;8,06;;;
2024-07-01;GCAMP004;Display | Retargeting | Conversão;Display;GAG005;Visitantes Site 14d;N/A - remarketing;Ambos;70001;200;56,23;0,28;0,80;0,286;4;788,00;14,01;;;
2024-07-02;GCAMP004;Display | Retargeting | Conversão;Display;GAG005;Visitantes Site 14d;N/A - remarketing;Ambos;86322;262;64,48;0,25;0,75;0,305;5;985,00;15,28;;;
2024-07-03;GCAMP004;Display | Retargeting | Conversão;Display;GAG005;Visitantes Site 14d;N/A - remarketing;Ambos;50242;142;61,14;0,43;1,22;0,284;3;291,00;4,76;;;
2024-07-04;GCAMP004;Display | Retargeting | Conversão;Display;GAG005;Visitantes Site 14d;N/A - remarketing;Ambos;76726;249;65,54;0,26;0,85;0,325;6;1182,00;18,03;;;
2024-07-05;GCAMP004;Display | Retargeting | Conversão;Display;GAG005;Visitantes Site 14d;N/A - remarketing;Ambos;52834;151;60,37;0,40;1,14;0,287;3;591,00;9,79;;;
2024-07-06;GCAMP004;Display | Retargeting | Conversão;Display;GAG005;Visitantes Site 14d;N/A - remarketing;Ambos;98712;327;57,95;0,18;0,59;0,332;7;1379,00;23,80;;;
2024-07-07;GCAMP004;Display | Retargeting | Conversão;Display;GAG005;Visitantes Site 14d;N/A - remarketing;Ambos;55755;151;67,24;0,45;1,21;0,272;3;591,00;8,79;;;
2024-07-08;GCAMP004;Display | Retargeting | Conversão;Display;GAG005;Visitantes Site 14d;N/A - remarketing;Ambos;125029;402;89,14;0,22;0,71;0,322;9;873,00;9,79;;;
2024-07-09;GCAMP004;Display | Retargeting | Conversão;Display;GAG005;Visitantes Site 14d;N/A - remarketing;Ambos;123279;349;100,07;0,29;0,81;0,283;6;582,00;5,82;;;
2024-07-10;GCAMP004;Display | Retargeting | Conversão;Display;GAG005;Visitantes Site 14d;N/A - remarketing;Ambos;89143;257;89,76;0,35;1,01;0,289;5;985,00;10,97;;;
2024-07-11;GCAMP004;Display | Retargeting | Conversão;Display;GAG005;Visitantes Site 14d;N/A - remarketing;Ambos;149930;496;108,97;0,22;0,73;0,331;10;970,00;8,90;;;
2024-07-12;GCAMP004;Display | Retargeting | Conversão;Display;GAG005;Visitantes Site 14d;N/A - remarketing;Ambos;157347;525;117,55;0,22;0,75;0,334;9;873,00;7,43;;;
2024-07-13;GCAMP004;Display | Retargeting | Conversão;Display;GAG005;Visitantes Site 14d;N/A - remarketing;Ambos;117314;373;136,07;0,36;1,16;0,318;7;679,00;4,99;;;
2024-07-14;GCAMP004;Display | Retargeting | Conversão;Display;GAG005;Visitantes Site 14d;N/A - remarketing;Ambos;153185;488;129,00;0,26;0,84;0,319;10;1970,00;15,27;;;
2024-07-15;GCAMP004;Display | Retargeting | Conversão;Display;GAG005;Visitantes Site 14d;N/A - remarketing;Ambos;215641;699;157,37;0,23;0,73;0,324;14;2758,00;17,53;;;
2024-07-16;GCAMP004;Display | Retargeting | Conversão;Display;GAG005;Visitantes Site 14d;N/A - remarketing;Ambos;154960;431;138,14;0,32;0,89;0,279;8;776,00;5,62;;;
2024-07-17;GCAMP004;Display | Retargeting | Conversão;Display;GAG005;Visitantes Site 14d;N/A - remarketing;Ambos;169019;554;142,49;0,26;0,84;0,328;12;1164,00;8,17;;;
2024-07-18;GCAMP004;Display | Retargeting | Conversão;Display;GAG005;Visitantes Site 14d;N/A - remarketing;Ambos;180923;523;122,26;0,23;0,68;0,289;9;873,00;7,14;;;
2024-07-19;GCAMP004;Display | Retargeting | Conversão;Display;GAG005;Visitantes Site 14d;N/A - remarketing;Ambos;102550;286;122,45;0,43;1,19;0,280;6;1182,00;9,65;;;
2024-07-20;GCAMP004;Display | Retargeting | Conversão;Display;GAG005;Visitantes Site 14d;N/A - remarketing;Ambos;96070;299;108,86;0,36;1,13;0,311;7;1379,00;12,67;;;
2024-07-21;GCAMP004;Display | Retargeting | Conversão;Display;GAG005;Visitantes Site 14d;N/A - remarketing;Ambos;96009;294;104,64;0,36;1,09;0,307;6;582,00;5,56;;;
2024-07-22;GCAMP004;Display | Retargeting | Conversão;Display;GAG005;Visitantes Site 14d;N/A - remarketing;Ambos;112403;341;82,56;0,24;0,73;0,304;7;679,00;8,22;;;
2024-07-23;GCAMP004;Display | Retargeting | Conversão;Display;GAG005;Visitantes Site 14d;N/A - remarketing;Ambos;83328;250;74,93;0,30;0,90;0,301;6;1182,00;15,77;;;
2024-07-24;GCAMP004;Display | Retargeting | Conversão;Display;GAG005;Visitantes Site 14d;N/A - remarketing;Ambos;72759;236;72,71;0,31;1,00;0,325;6;582,00;8,00;;;
2024-07-25;GCAMP004;Display | Retargeting | Conversão;Display;GAG005;Visitantes Site 14d;N/A - remarketing;Ambos;57125;167;62,75;0,38;1,10;0,293;3;591,00;9,42;;;
2024-07-26;GCAMP004;Display | Retargeting | Conversão;Display;GAG005;Visitantes Site 14d;N/A - remarketing;Ambos;73045;219;77,11;0,35;1,06;0,300;4;388,00;5,03;;;
2024-07-27;GCAMP004;Display | Retargeting | Conversão;Display;GAG005;Visitantes Site 14d;N/A - remarketing;Ambos;73631;208;65,21;0,31;0,89;0,283;4;788,00;12,08;;;
2024-07-28;GCAMP004;Display | Retargeting | Conversão;Display;GAG005;Visitantes Site 14d;N/A - remarketing;Ambos;64801;206;56,50;0,27;0,87;0,319;4;388,00;6,87;;;
2024-07-29;GCAMP004;Display | Retargeting | Conversão;Display;GAG005;Visitantes Site 14d;N/A - remarketing;Ambos;55588;162;63,51;0,39;1,14;0,291;3;291,00;4,58;;;
2024-07-30;GCAMP004;Display | Retargeting | Conversão;Display;GAG005;Visitantes Site 14d;N/A - remarketing;Ambos;68249;189;50,30;0,27;0,74;0,277;4;788,00;15,67;;;
2024-07-31;GCAMP004;Display | Retargeting | Conversão;Display;GAG005;Visitantes Site 14d;N/A - remarketing;Ambos;82765;266;55,72;0,21;0,67;0,322;5;485,00;8,70;;;
2024-08-01;GCAMP004;Display | Retargeting | Conversão;Display;GAG005;Visitantes Site 14d;N/A - remarketing;Ambos;27930;87;24,60;0,28;0,88;0,312;1;97,00;3,94;;;
2024-08-02;GCAMP004;Display | Retargeting | Conversão;Display;GAG005;Visitantes Site 14d;N/A - remarketing;Ambos;30548;94;28,09;0,30;0,92;0,310;1;97,00;3,45;;;
2024-08-03;GCAMP004;Display | Retargeting | Conversão;Display;GAG005;Visitantes Site 14d;N/A - remarketing;Ambos;35155;102;27,31;0,27;0,78;0,290;1;97,00;3,55;;;
2024-08-04;GCAMP004;Display | Retargeting | Conversão;Display;GAG005;Visitantes Site 14d;N/A - remarketing;Ambos;31106;88;28,70;0,33;0,92;0,284;1;197,00;6,86;;;
2024-08-05;GCAMP004;Display | Retargeting | Conversão;Display;GAG005;Visitantes Site 14d;N/A - remarketing;Ambos;27050;86;30,04;0,35;1,11;0,319;1;197,00;6,56;;;
2024-08-06;GCAMP004;Display | Retargeting | Conversão;Display;GAG005;Visitantes Site 14d;N/A - remarketing;Ambos;33722;111;24,59;0,22;0,73;0,329;1;97,00;3,94;;;
2024-08-07;GCAMP004;Display | Retargeting | Conversão;Display;GAG005;Visitantes Site 14d;N/A - remarketing;Ambos;43954;135;31,88;0,24;0,73;0,309;1;97,00;3,04;;;
2024-08-08;GCAMP004;Display | Retargeting | Conversão;Display;GAG005;Visitantes Site 14d;N/A - remarketing;Ambos;31030;103;21,51;0,21;0,69;0,333;1;97,00;4,51;;;
2024-08-09;GCAMP004;Display | Retargeting | Conversão;Display;GAG005;Visitantes Site 14d;N/A - remarketing;Ambos;39334;106;32,65;0,31;0,83;0,270;1;197,00;6,03;;;
2024-08-10;GCAMP004;Display | Retargeting | Conversão;Display;GAG005;Visitantes Site 14d;N/A - remarketing;Ambos;30445;83;27,78;0,33;0,91;0,275;1;97,00;3,49;;;
2024-08-11;GCAMP004;Display | Retargeting | Conversão;Display;GAG005;Visitantes Site 14d;N/A - remarketing;Ambos;36770;122;28,21;0,23;0,77;0,334;1;197,00;6,98;;;
2024-08-12;GCAMP004;Display | Retargeting | Conversão;Display;GAG005;Visitantes Site 14d;N/A - remarketing;Ambos;28674;80;28,58;0,36;1,00;0,282;1;197,00;6,89;;;
2024-08-13;GCAMP004;Display | Retargeting | Conversão;Display;GAG005;Visitantes Site 14d;N/A - remarketing;Ambos;29544;78;25,54;0,33;0,86;0,266;0;0,00;0,00;;;
2024-08-14;GCAMP004;Display | Retargeting | Conversão;Display;GAG005;Visitantes Site 14d;N/A - remarketing;Ambos;32896;97;29,48;0,30;0,90;0,296;1;97,00;3,29;;;
2024-08-15;GCAMP004;Display | Retargeting | Conversão;Display;GAG005;Visitantes Site 14d;N/A - remarketing;Ambos;38166;118;28,82;0,24;0,75;0,310;1;97,00;3,37;;;
2024-08-16;GCAMP004;Display | Retargeting | Conversão;Display;GAG005;Visitantes Site 14d;N/A - remarketing;Ambos;36714;119;30,87;0,26;0,84;0,326;1;197,00;6,38;;;
2024-08-17;GCAMP004;Display | Retargeting | Conversão;Display;GAG005;Visitantes Site 14d;N/A - remarketing;Ambos;29088;79;29,25;0,37;1,01;0,274;1;97,00;3,32;;;
2024-08-18;GCAMP004;Display | Retargeting | Conversão;Display;GAG005;Visitantes Site 14d;N/A - remarketing;Ambos;31864;87;31,11;0,36;0,98;0,274;1;197,00;6,33;;;
2024-08-19;GCAMP004;Display | Retargeting | Conversão;Display;GAG005;Visitantes Site 14d;N/A - remarketing;Ambos;23881;74;23,89;0,32;1,00;0,313;0;0,00;0,00;;;
2024-08-20;GCAMP004;Display | Retargeting | Conversão;Display;GAG005;Visitantes Site 14d;N/A - remarketing;Ambos;29711;83;30,82;0,37;1,04;0,282;1;97,00;3,15;;;
2024-08-21;GCAMP004;Display | Retargeting | Conversão;Display;GAG005;Visitantes Site 14d;N/A - remarketing;Ambos;27390;81;25,35;0,31;0,93;0,298;1;197,00;7,77;;;
2024-08-22;GCAMP004;Display | Retargeting | Conversão;Display;GAG005;Visitantes Site 14d;N/A - remarketing;Ambos;26629;84;28,69;0,34;1,08;0,319;1;97,00;3,38;;;
2024-08-23;GCAMP004;Display | Retargeting | Conversão;Display;GAG005;Visitantes Site 14d;N/A - remarketing;Ambos;36117;95;26,56;0,28;0,74;0,265;1;97,00;3,65;;;
2024-08-24;GCAMP004;Display | Retargeting | Conversão;Display;GAG005;Visitantes Site 14d;N/A - remarketing;Ambos;25640;73;28,41;0,39;1,11;0,287;1;97,00;3,41;;;
2024-08-25;GCAMP004;Display | Retargeting | Conversão;Display;GAG005;Visitantes Site 14d;N/A - remarketing;Ambos;25334;80;28,85;0,36;1,14;0,317;1;197,00;6,83;;;
2024-08-26;GCAMP004;Display | Retargeting | Conversão;Display;GAG005;Visitantes Site 14d;N/A - remarketing;Ambos;39675;117;29,52;0,25;0,74;0,295;1;97,00;3,29;;;
2024-08-27;GCAMP004;Display | Retargeting | Conversão;Display;GAG005;Visitantes Site 14d;N/A - remarketing;Ambos;22441;73;25,32;0,35;1,13;0,326;1;97,00;3,83;;;
2024-08-28;GCAMP004;Display | Retargeting | Conversão;Display;GAG005;Visitantes Site 14d;N/A - remarketing;Ambos;31059;95;28,99;0,31;0,93;0,308;1;97,00;3,35;;;
2024-08-29;GCAMP004;Display | Retargeting | Conversão;Display;GAG005;Visitantes Site 14d;N/A - remarketing;Ambos;26924;81;29,01;0,36;1,08;0,302;1;197,00;6,79;;;
2024-08-30;GCAMP004;Display | Retargeting | Conversão;Display;GAG005;Visitantes Site 14d;N/A - remarketing;Ambos;28141;87;23,33;0,27;0,83;0,309;1;197,00;8,44;;;
2024-08-31;GCAMP004;Display | Retargeting | Conversão;Display;GAG005;Visitantes Site 14d;N/A - remarketing;Ambos;33873;98;31,88;0,33;0,94;0,290;1;97,00;3,04;;;
2024-09-01;GCAMP004;Display | Retargeting | Conversão;Display;GAG005;Visitantes Site 14d;N/A - remarketing;Ambos;43744;136;33,16;0,24;0,76;0,312;2;394,00;11,88;;;
2024-09-02;GCAMP004;Display | Retargeting | Conversão;Display;GAG005;Visitantes Site 14d;N/A - remarketing;Ambos;24495;79;30,92;0,39;1,26;0,325;1;97,00;3,14;;;
2024-09-03;GCAMP004;Display | Retargeting | Conversão;Display;GAG005;Visitantes Site 14d;N/A - remarketing;Ambos;27931;75;33,86;0,45;1,21;0,271;1;197,00;5,82;;;
2024-09-04;GCAMP004;Display | Retargeting | Conversão;Display;GAG005;Visitantes Site 14d;N/A - remarketing;Ambos;27644;86;27,53;0,32;1,00;0,314;1;97,00;3,52;;;
2024-09-05;GCAMP004;Display | Retargeting | Conversão;Display;GAG005;Visitantes Site 14d;N/A - remarketing;Ambos;28131;94;29,81;0,32;1,06;0,335;1;97,00;3,25;;;
2024-09-06;GCAMP004;Display | Retargeting | Conversão;Display;GAG005;Visitantes Site 14d;N/A - remarketing;Ambos;41755;117;27,75;0,24;0,66;0,282;2;194,00;6,99;;;
2024-09-07;GCAMP004;Display | Retargeting | Conversão;Display;GAG005;Visitantes Site 14d;N/A - remarketing;Ambos;43669;139;36,35;0,26;0,83;0,320;2;394,00;10,84;;;
2024-09-08;GCAMP004;Display | Retargeting | Conversão;Display;GAG005;Visitantes Site 14d;N/A - remarketing;Ambos;35110;101;30,20;0,30;0,86;0,290;1;197,00;6,52;;;
2024-09-09;GCAMP004;Display | Retargeting | Conversão;Display;GAG005;Visitantes Site 14d;N/A - remarketing;Ambos;23720;73;28,77;0,39;1,21;0,309;0;0,00;0,00;;;
2024-09-10;GCAMP004;Display | Retargeting | Conversão;Display;GAG005;Visitantes Site 14d;N/A - remarketing;Ambos;32563;90;23,99;0,27;0,74;0,279;1;197,00;8,21;;;
2024-09-11;GCAMP004;Display | Retargeting | Conversão;Display;GAG005;Visitantes Site 14d;N/A - remarketing;Ambos;35698;108;30,41;0,28;0,85;0,305;1;97,00;3,19;;;
2024-09-12;GCAMP004;Display | Retargeting | Conversão;Display;GAG005;Visitantes Site 14d;N/A - remarketing;Ambos;35477;103;30,00;0,29;0,85;0,291;1;97,00;3,23;;;
2024-09-13;GCAMP004;Display | Retargeting | Conversão;Display;GAG005;Visitantes Site 14d;N/A - remarketing;Ambos;25024;83;29,40;0,35;1,17;0,332;1;97,00;3,30;;;
2024-09-14;GCAMP004;Display | Retargeting | Conversão;Display;GAG005;Visitantes Site 14d;N/A - remarketing;Ambos;24276;74;34,98;0,47;1,44;0,306;1;197,00;5,63;;;
2024-09-15;GCAMP004;Display | Retargeting | Conversão;Display;GAG005;Visitantes Site 14d;N/A - remarketing;Ambos;35131;105;34,08;0,32;0,97;0,300;1;97,00;2,85;;;
2024-09-16;GCAMP004;Display | Retargeting | Conversão;Display;GAG005;Visitantes Site 14d;N/A - remarketing;Ambos;22340;65;26,02;0,40;1,16;0,291;1;197,00;7,57;;;
2024-09-17;GCAMP004;Display | Retargeting | Conversão;Display;GAG005;Visitantes Site 14d;N/A - remarketing;Ambos;27542;84;31,19;0,37;1,13;0,306;1;97,00;3,11;;;
2024-09-18;GCAMP004;Display | Retargeting | Conversão;Display;GAG005;Visitantes Site 14d;N/A - remarketing;Ambos;31608;96;28,29;0,29;0,89;0,306;1;197,00;6,96;;;
2024-09-19;GCAMP004;Display | Retargeting | Conversão;Display;GAG005;Visitantes Site 14d;N/A - remarketing;Ambos;30930;101;29,09;0,29;0,94;0,329;1;97,00;3,33;;;
2024-09-20;GCAMP004;Display | Retargeting | Conversão;Display;GAG005;Visitantes Site 14d;N/A - remarketing;Ambos;27954;78;33,82;0,43;1,21;0,282;1;197,00;5,82;;;
2024-09-21;GCAMP004;Display | Retargeting | Conversão;Display;GAG005;Visitantes Site 14d;N/A - remarketing;Ambos;40638;130;32,04;0,25;0,79;0,320;2;394,00;12,30;;;
2024-09-22;GCAMP004;Display | Retargeting | Conversão;Display;GAG005;Visitantes Site 14d;N/A - remarketing;Ambos;22604;66;29,65;0,45;1,31;0,295;1;197,00;6,64;;;
2024-09-23;GCAMP004;Display | Retargeting | Conversão;Display;GAG005;Visitantes Site 14d;N/A - remarketing;Ambos;28835;95;31,95;0,34;1,11;0,333;1;97,00;3,04;;;
2024-09-24;GCAMP004;Display | Retargeting | Conversão;Display;GAG005;Visitantes Site 14d;N/A - remarketing;Ambos;35660;100;31,56;0,32;0,88;0,281;1;97,00;3,07;;;
2024-09-25;GCAMP004;Display | Retargeting | Conversão;Display;GAG005;Visitantes Site 14d;N/A - remarketing;Ambos;44527;133;32,66;0,25;0,73;0,299;1;197,00;6,03;;;
2024-09-26;GCAMP004;Display | Retargeting | Conversão;Display;GAG005;Visitantes Site 14d;N/A - remarketing;Ambos;30697;102;22,82;0,22;0,74;0,333;1;197,00;8,63;;;
2024-09-27;GCAMP004;Display | Retargeting | Conversão;Display;GAG005;Visitantes Site 14d;N/A - remarketing;Ambos;21621;71;28,61;0,40;1,32;0,333;0;0,00;0,00;;;
2024-09-28;GCAMP004;Display | Retargeting | Conversão;Display;GAG005;Visitantes Site 14d;N/A - remarketing;Ambos;37087;106;29,78;0,28;0,80;0,286;1;97,00;3,26;;;
2024-09-29;GCAMP004;Display | Retargeting | Conversão;Display;GAG005;Visitantes Site 14d;N/A - remarketing;Ambos;23562;69;29,18;0,42;1,24;0,296;0;0,00;0,00;;;
2024-09-30;GCAMP004;Display | Retargeting | Conversão;Display;GAG005;Visitantes Site 14d;N/A - remarketing;Ambos;32919;99;27,12;0,27;0,82;0,303;1;197,00;7,26;;;
2024-10-01;GCAMP004;Display | Retargeting | Conversão;Display;GAG005;Visitantes Site 14d;N/A - remarketing;Ambos;25811;68;27,10;0,40;1,05;0,266;0;0,00;0,00;;;
2024-10-02;GCAMP004;Display | Retargeting | Conversão;Display;GAG005;Visitantes Site 14d;N/A - remarketing;Ambos;27239;82;30,94;0,38;1,14;0,304;0;0,00;0,00;;;
2024-10-03;GCAMP004;Display | Retargeting | Conversão;Display;GAG005;Visitantes Site 14d;N/A - remarketing;Ambos;33632;110;23,45;0,21;0,70;0,329;1;97,00;4,14;;;
2024-10-04;GCAMP004;Display | Retargeting | Conversão;Display;GAG005;Visitantes Site 14d;N/A - remarketing;Ambos;24505;75;27,28;0,36;1,11;0,310;1;97,00;3,56;;;
2024-10-05;GCAMP004;Display | Retargeting | Conversão;Display;GAG005;Visitantes Site 14d;N/A - remarketing;Ambos;38771;107;29,99;0,28;0,77;0,277;1;97,00;3,23;;;
2024-10-06;GCAMP004;Display | Retargeting | Conversão;Display;GAG005;Visitantes Site 14d;N/A - remarketing;Ambos;30407;100;31,48;0,31;1,04;0,330;1;97,00;3,08;;;
2024-10-07;GCAMP004;Display | Retargeting | Conversão;Display;GAG005;Visitantes Site 14d;N/A - remarketing;Ambos;28715;95;30,42;0,32;1,06;0,331;1;97,00;3,19;;;
2024-10-08;GCAMP004;Display | Retargeting | Conversão;Display;GAG005;Visitantes Site 14d;N/A - remarketing;Ambos;31780;99;25,31;0,26;0,80;0,314;1;197,00;7,78;;;
2024-10-09;GCAMP004;Display | Retargeting | Conversão;Display;GAG005;Visitantes Site 14d;N/A - remarketing;Ambos;44148;144;28,53;0,20;0,65;0,328;1;97,00;3,40;;;
2024-10-10;GCAMP004;Display | Retargeting | Conversão;Display;GAG005;Visitantes Site 14d;N/A - remarketing;Ambos;23225;64;24,68;0,39;1,06;0,277;1;97,00;3,93;;;
2024-10-11;GCAMP004;Display | Retargeting | Conversão;Display;GAG005;Visitantes Site 14d;N/A - remarketing;Ambos;34969;115;26,64;0,23;0,76;0,332;1;197,00;7,39;;;
2024-10-12;GCAMP004;Display | Retargeting | Conversão;Display;GAG005;Visitantes Site 14d;N/A - remarketing;Ambos;48482;131;29,88;0,23;0,62;0,271;1;197,00;6,59;;;
2024-10-13;GCAMP004;Display | Retargeting | Conversão;Display;GAG005;Visitantes Site 14d;N/A - remarketing;Ambos;27706;84;33,56;0,40;1,21;0,306;1;197,00;5,87;;;
2024-10-14;GCAMP004;Display | Retargeting | Conversão;Display;GAG005;Visitantes Site 14d;N/A - remarketing;Ambos;31935;103;29,98;0,29;0,94;0,325;1;197,00;6,57;;;
2024-10-15;GCAMP004;Display | Retargeting | Conversão;Display;GAG005;Visitantes Site 14d;N/A - remarketing;Ambos;26932;75;26,66;0,36;0,99;0,280;1;197,00;7,39;;;
2024-10-16;GCAMP004;Display | Retargeting | Conversão;Display;GAG005;Visitantes Site 14d;N/A - remarketing;Ambos;26869;82;30,37;0,37;1,13;0,306;0;0,00;0,00;;;
2024-10-17;GCAMP004;Display | Retargeting | Conversão;Display;GAG005;Visitantes Site 14d;N/A - remarketing;Ambos;26649;73;24,09;0,33;0,90;0,274;1;97,00;4,03;;;
2024-10-18;GCAMP004;Display | Retargeting | Conversão;Display;GAG005;Visitantes Site 14d;N/A - remarketing;Ambos;30403;82;28,67;0,35;0,94;0,273;0;0,00;0,00;;;
2024-10-19;GCAMP004;Display | Retargeting | Conversão;Display;GAG005;Visitantes Site 14d;N/A - remarketing;Ambos;29063;97;31,30;0,32;1,08;0,335;1;197,00;6,29;;;
2024-10-20;GCAMP004;Display | Retargeting | Conversão;Display;GAG005;Visitantes Site 14d;N/A - remarketing;Ambos;40925;109;29,99;0,28;0,73;0,268;1;97,00;3,23;;;
2024-10-21;GCAMP004;Display | Retargeting | Conversão;Display;GAG005;Visitantes Site 14d;N/A - remarketing;Ambos;21212;70;23,16;0,33;1,09;0,334;1;97,00;4,19;;;
2024-10-22;GCAMP004;Display | Retargeting | Conversão;Display;GAG005;Visitantes Site 14d;N/A - remarketing;Ambos;22697;73;29,11;0,40;1,28;0,325;0;0,00;0,00;;;
2024-10-23;GCAMP004;Display | Retargeting | Conversão;Display;GAG005;Visitantes Site 14d;N/A - remarketing;Ambos;38581;106;27,37;0,26;0,71;0,276;1;197,00;7,20;;;
2024-10-24;GCAMP004;Display | Retargeting | Conversão;Display;GAG005;Visitantes Site 14d;N/A - remarketing;Ambos;27009;78;27,58;0,35;1,02;0,292;1;197,00;7,14;;;
2024-10-25;GCAMP004;Display | Retargeting | Conversão;Display;GAG005;Visitantes Site 14d;N/A - remarketing;Ambos;42828;123;31,59;0,26;0,74;0,289;2;394,00;12,47;;;
2024-10-26;GCAMP004;Display | Retargeting | Conversão;Display;GAG005;Visitantes Site 14d;N/A - remarketing;Ambos;27529;72;35,63;0,49;1,29;0,264;1;197,00;5,53;;;
2024-10-27;GCAMP004;Display | Retargeting | Conversão;Display;GAG005;Visitantes Site 14d;N/A - remarketing;Ambos;21249;68;26,63;0,39;1,25;0,320;0;0,00;0,00;;;
2024-10-28;GCAMP004;Display | Retargeting | Conversão;Display;GAG005;Visitantes Site 14d;N/A - remarketing;Ambos;24311;66;33,00;0,50;1,36;0,274;1;197,00;5,97;;;
2024-10-29;GCAMP004;Display | Retargeting | Conversão;Display;GAG005;Visitantes Site 14d;N/A - remarketing;Ambos;40274;133;24,42;0,18;0,61;0,332;1;197,00;8,07;;;
2024-10-30;GCAMP004;Display | Retargeting | Conversão;Display;GAG005;Visitantes Site 14d;N/A - remarketing;Ambos;25313;77;24,16;0,31;0,95;0,304;0;0,00;0,00;;;
2024-10-31;GCAMP004;Display | Retargeting | Conversão;Display;GAG005;Visitantes Site 14d;N/A - remarketing;Ambos;39230;116;34,78;0,30;0,89;0,298;1;197,00;5,66;;;
2024-11-01;GCAMP004;Display | Retargeting | Conversão;Display;GAG005;Visitantes Site 14d;N/A - remarketing;Ambos;52598;148;50,60;0,34;0,96;0,282;2;194,00;3,83;;;
2024-11-02;GCAMP004;Display | Retargeting | Conversão;Display;GAG005;Visitantes Site 14d;N/A - remarketing;Ambos;80717;216;59,02;0,27;0,73;0,268;4;788,00;13,35;;;
2024-11-03;GCAMP004;Display | Retargeting | Conversão;Display;GAG005;Visitantes Site 14d;N/A - remarketing;Ambos;63010;175;54,64;0,31;0,87;0,278;3;591,00;10,82;;;
2024-11-04;GCAMP004;Display | Retargeting | Conversão;Display;GAG005;Visitantes Site 14d;N/A - remarketing;Ambos;56397;163;53,54;0,33;0,95;0,290;4;388,00;7,25;;;
2024-11-05;GCAMP004;Display | Retargeting | Conversão;Display;GAG005;Visitantes Site 14d;N/A - remarketing;Ambos;55369;149;67,42;0,45;1,22;0,271;4;388,00;5,75;;;
2024-11-06;GCAMP004;Display | Retargeting | Conversão;Display;GAG005;Visitantes Site 14d;N/A - remarketing;Ambos;89977;269;73,90;0,27;0,82;0,299;4;788,00;10,66;;;
2024-11-07;GCAMP004;Display | Retargeting | Conversão;Display;GAG005;Visitantes Site 14d;N/A - remarketing;Ambos;111655;322;74,08;0,23;0,66;0,289;7;679,00;9,17;;;
2024-11-08;GCAMP004;Display | Retargeting | Conversão;Display;GAG005;Visitantes Site 14d;N/A - remarketing;Ambos;97083;315;89,79;0,29;0,92;0,325;7;679,00;7,56;;;
2024-11-09;GCAMP004;Display | Retargeting | Conversão;Display;GAG005;Visitantes Site 14d;N/A - remarketing;Ambos;129301;429;77,53;0,18;0,60;0,333;9;1773,00;22,87;;;
2024-11-10;GCAMP004;Display | Retargeting | Conversão;Display;GAG005;Visitantes Site 14d;N/A - remarketing;Ambos;97383;311;114,36;0,37;1,17;0,320;6;1182,00;10,34;;;
2024-11-11;GCAMP004;Display | Retargeting | Conversão;Display;GAG005;Visitantes Site 14d;N/A - remarketing;Ambos;187786;546;119,94;0,22;0,64;0,291;13;2561,00;21,35;;;
2024-11-12;GCAMP004;Display | Retargeting | Conversão;Display;GAG005;Visitantes Site 14d;N/A - remarketing;Ambos;165211;545;101,98;0,19;0,62;0,330;13;2561,00;25,11;;;
2024-11-13;GCAMP004;Display | Retargeting | Conversão;Display;GAG005;Visitantes Site 14d;N/A - remarketing;Ambos;203937;623;113,02;0,18;0,55;0,306;13;1261,00;11,16;;;
2024-11-14;GCAMP004;Display | Retargeting | Conversão;Display;GAG005;Visitantes Site 14d;N/A - remarketing;Ambos;164587;485;130,78;0,27;0,79;0,295;11;2167,00;16,57;;;
2024-11-15;GCAMP004;Display | Retargeting | Conversão;Display;GAG005;Visitantes Site 14d;N/A - remarketing;Ambos;119915;374;134,06;0,36;1,12;0,313;9;873,00;6,51;;;
2024-11-16;GCAMP004;Display | Retargeting | Conversão;Display;GAG005;Visitantes Site 14d;N/A - remarketing;Ambos;122917;401;121,12;0,30;0,99;0,327;8;776,00;6,41;;;
2024-11-17;GCAMP004;Display | Retargeting | Conversão;Display;GAG005;Visitantes Site 14d;N/A - remarketing;Ambos;212099;645;143,57;0,22;0,68;0,305;11;2167,00;15,09;;;
2024-11-18;GCAMP004;Display | Retargeting | Conversão;Display;GAG005;Visitantes Site 14d;N/A - remarketing;Ambos;172217;550;125,06;0,23;0,73;0,320;14;2758,00;22,05;;;
2024-11-19;GCAMP004;Display | Retargeting | Conversão;Display;GAG005;Visitantes Site 14d;N/A - remarketing;Ambos;157138;515;112,47;0,22;0,72;0,328;11;1067,00;9,49;;;
2024-11-20;GCAMP004;Display | Retargeting | Conversão;Display;GAG005;Visitantes Site 14d;N/A - remarketing;Ambos;133355;362;96,53;0,27;0,72;0,272;8;1576,00;16,33;;;
2024-11-21;GCAMP004;Display | Retargeting | Conversão;Display;GAG005;Visitantes Site 14d;N/A - remarketing;Ambos;136356;417;100,69;0,24;0,74;0,306;10;1970,00;19,57;;;
2024-11-22;GCAMP004;Display | Retargeting | Conversão;Display;GAG005;Visitantes Site 14d;N/A - remarketing;Ambos;78448;232;77,77;0,34;0,99;0,297;6;1182,00;15,20;;;
2024-11-23;GCAMP004;Display | Retargeting | Conversão;Display;GAG005;Visitantes Site 14d;N/A - remarketing;Ambos;111328;350;76,86;0,22;0,69;0,315;7;679,00;8,83;;;
2024-11-24;GCAMP004;Display | Retargeting | Conversão;Display;GAG005;Visitantes Site 14d;N/A - remarketing;Ambos;75068;221;72,52;0,33;0,97;0,295;5;485,00;6,69;;;
2024-11-25;GCAMP004;Display | Retargeting | Conversão;Display;GAG005;Visitantes Site 14d;N/A - remarketing;Ambos;79628;252;58,24;0,23;0,73;0,318;5;985,00;16,91;;;
2024-11-26;GCAMP004;Display | Retargeting | Conversão;Display;GAG005;Visitantes Site 14d;N/A - remarketing;Ambos;65902;191;67,45;0,35;1,02;0,291;3;591,00;8,76;;;
2024-11-27;GCAMP004;Display | Retargeting | Conversão;Display;GAG005;Visitantes Site 14d;N/A - remarketing;Ambos;90782;271;49,50;0,18;0,55;0,299;6;582,00;11,76;;;
2024-11-28;GCAMP004;Display | Retargeting | Conversão;Display;GAG005;Visitantes Site 14d;N/A - remarketing;Ambos;84055;246;56,27;0,23;0,67;0,293;6;582,00;10,34;;;
2024-11-29;GCAMP004;Display | Retargeting | Conversão;Display;GAG005;Visitantes Site 14d;N/A - remarketing;Ambos;64253;183;55,23;0,30;0,86;0,286;4;388,00;7,03;;;
2024-11-30;GCAMP004;Display | Retargeting | Conversão;Display;GAG005;Visitantes Site 14d;N/A - remarketing;Ambos;61782;180;53,62;0,30;0,87;0,292;3;591,00;11,02;;;
2024-12-01;GCAMP004;Display | Retargeting | Conversão;Display;GAG005;Visitantes Site 14d;N/A - remarketing;Ambos;30991;83;25,41;0,31;0,82;0,270;1;97,00;3,82;;;
2024-12-02;GCAMP004;Display | Retargeting | Conversão;Display;GAG005;Visitantes Site 14d;N/A - remarketing;Ambos;26148;83;29,58;0,36;1,13;0,318;1;97,00;3,28;;;
2024-12-03;GCAMP004;Display | Retargeting | Conversão;Display;GAG005;Visitantes Site 14d;N/A - remarketing;Ambos;29972;100;28,67;0,29;0,96;0,334;1;197,00;6,87;;;
2024-12-04;GCAMP004;Display | Retargeting | Conversão;Display;GAG005;Visitantes Site 14d;N/A - remarketing;Ambos;28001;88;27,71;0,31;0,99;0,316;1;97,00;3,50;;;
2024-12-05;GCAMP004;Display | Retargeting | Conversão;Display;GAG005;Visitantes Site 14d;N/A - remarketing;Ambos;25188;71;27,36;0,39;1,09;0,285;1;97,00;3,55;;;
2024-12-06;GCAMP004;Display | Retargeting | Conversão;Display;GAG005;Visitantes Site 14d;N/A - remarketing;Ambos;28026;91;30,08;0,33;1,07;0,328;1;197,00;6,55;;;
2024-12-07;GCAMP004;Display | Retargeting | Conversão;Display;GAG005;Visitantes Site 14d;N/A - remarketing;Ambos;37921;109;31,75;0,29;0,84;0,289;1;197,00;6,20;;;
2024-12-08;GCAMP004;Display | Retargeting | Conversão;Display;GAG005;Visitantes Site 14d;N/A - remarketing;Ambos;46360;125;33,82;0,27;0,73;0,271;1;97,00;2,87;;;
2024-12-09;GCAMP004;Display | Retargeting | Conversão;Display;GAG005;Visitantes Site 14d;N/A - remarketing;Ambos;27912;74;28,40;0,38;1,02;0,265;1;197,00;6,94;;;
2024-12-10;GCAMP004;Display | Retargeting | Conversão;Display;GAG005;Visitantes Site 14d;N/A - remarketing;Ambos;22862;69;25,98;0,38;1,14;0,303;1;97,00;3,73;;;
2024-12-11;GCAMP004;Display | Retargeting | Conversão;Display;GAG005;Visitantes Site 14d;N/A - remarketing;Ambos;35479;107;25,04;0,23;0,71;0,302;1;197,00;7,87;;;
2024-12-12;GCAMP004;Display | Retargeting | Conversão;Display;GAG005;Visitantes Site 14d;N/A - remarketing;Ambos;37450;119;32,78;0,28;0,88;0,318;1;197,00;6,01;;;
2024-12-13;GCAMP004;Display | Retargeting | Conversão;Display;GAG005;Visitantes Site 14d;N/A - remarketing;Ambos;28864;79;27,65;0,35;0,96;0,276;1;197,00;7,12;;;
2024-12-14;GCAMP004;Display | Retargeting | Conversão;Display;GAG005;Visitantes Site 14d;N/A - remarketing;Ambos;41382;115;30,17;0,26;0,73;0,280;1;97,00;3,22;;;
2024-12-15;GCAMP004;Display | Retargeting | Conversão;Display;GAG005;Visitantes Site 14d;N/A - remarketing;Ambos;25204;68;29,47;0,43;1,17;0,270;0;0,00;0,00;;;
2024-12-16;GCAMP004;Display | Retargeting | Conversão;Display;GAG005;Visitantes Site 14d;N/A - remarketing;Ambos;29255;77;28,24;0,37;0,97;0,264;1;97,00;3,43;;;
2024-12-17;GCAMP004;Display | Retargeting | Conversão;Display;GAG005;Visitantes Site 14d;N/A - remarketing;Ambos;40945;114;31,15;0,27;0,76;0,281;1;197,00;6,32;;;
2024-12-18;GCAMP004;Display | Retargeting | Conversão;Display;GAG005;Visitantes Site 14d;N/A - remarketing;Ambos;30268;95;25,30;0,27;0,84;0,316;1;197,00;7,79;;;
2024-12-19;GCAMP004;Display | Retargeting | Conversão;Display;GAG005;Visitantes Site 14d;N/A - remarketing;Ambos;27546;91;28,96;0,32;1,05;0,331;1;97,00;3,35;;;
2024-12-20;GCAMP004;Display | Retargeting | Conversão;Display;GAG005;Visitantes Site 14d;N/A - remarketing;Ambos;43313;117;26,66;0,23;0,62;0,271;1;97,00;3,64;;;
2024-12-21;GCAMP004;Display | Retargeting | Conversão;Display;GAG005;Visitantes Site 14d;N/A - remarketing;Ambos;31907;96;29,16;0,30;0,91;0,303;1;97,00;3,33;;;
2024-12-22;GCAMP004;Display | Retargeting | Conversão;Display;GAG005;Visitantes Site 14d;N/A - remarketing;Ambos;23243;65;30,87;0,47;1,33;0,281;0;0,00;0,00;;;
2024-12-23;GCAMP004;Display | Retargeting | Conversão;Display;GAG005;Visitantes Site 14d;N/A - remarketing;Ambos;30169;90;29,14;0,32;0,97;0,301;1;197,00;6,76;;;
2024-12-24;GCAMP004;Display | Retargeting | Conversão;Display;GAG005;Visitantes Site 14d;N/A - remarketing;Ambos;39696;119;23,68;0,20;0,60;0,302;1;97,00;4,10;;;
2024-12-25;GCAMP004;Display | Retargeting | Conversão;Display;GAG005;Visitantes Site 14d;N/A - remarketing;Ambos;23167;62;27,21;0,44;1,17;0,269;0;0,00;0,00;;;
2024-12-26;GCAMP004;Display | Retargeting | Conversão;Display;GAG005;Visitantes Site 14d;N/A - remarketing;Ambos;29179;83;30,46;0,37;1,04;0,288;1;97,00;3,18;;;
2024-12-27;GCAMP004;Display | Retargeting | Conversão;Display;GAG005;Visitantes Site 14d;N/A - remarketing;Ambos;48572;155;32,78;0,21;0,67;0,321;2;194,00;5,92;;;
2024-12-28;GCAMP004;Display | Retargeting | Conversão;Display;GAG005;Visitantes Site 14d;N/A - remarketing;Ambos;33751;96;32,26;0,34;0,96;0,287;1;97,00;3,01;;;
2024-12-29;GCAMP004;Display | Retargeting | Conversão;Display;GAG005;Visitantes Site 14d;N/A - remarketing;Ambos;40390;119;30,62;0,26;0,76;0,296;2;394,00;12,87;;;
2024-12-30;GCAMP004;Display | Retargeting | Conversão;Display;GAG005;Visitantes Site 14d;N/A - remarketing;Ambos;31872;102;27,06;0,27;0,85;0,322;1;97,00;3,58;;;
2024-12-31;GCAMP004;Display | Retargeting | Conversão;Display;GAG005;Visitantes Site 14d;N/A - remarketing;Ambos;23547;70;23,86;0,34;1,01;0,300;1;197,00;8,26;;;
2025-01-01;GCAMP004;Display | Retargeting | Conversão;Display;GAG005;Visitantes Site 14d;N/A - remarketing;Ambos;21069;66;25,45;0,39;1,21;0,315;0;0,00;0,00;;;
2025-01-02;GCAMP004;Display | Retargeting | Conversão;Display;GAG005;Visitantes Site 14d;N/A - remarketing;Ambos;33908;111;25,17;0,23;0,74;0,328;1;97,00;3,85;;;
2025-01-03;GCAMP004;Display | Retargeting | Conversão;Display;GAG005;Visitantes Site 14d;N/A - remarketing;Ambos;27833;79;29,66;0,38;1,07;0,286;1;197,00;6,64;;;
2025-01-04;GCAMP004;Display | Retargeting | Conversão;Display;GAG005;Visitantes Site 14d;N/A - remarketing;Ambos;47151;126;35,70;0,28;0,76;0,269;2;194,00;5,43;;;
2025-01-05;GCAMP004;Display | Retargeting | Conversão;Display;GAG005;Visitantes Site 14d;N/A - remarketing;Ambos;37638;118;38,23;0,32;1,02;0,315;1;197,00;5,15;;;
2025-01-06;GCAMP004;Display | Retargeting | Conversão;Display;GAG005;Visitantes Site 14d;N/A - remarketing;Ambos;38099;116;30,70;0,26;0,81;0,305;1;197,00;6,42;;;
2025-01-07;GCAMP004;Display | Retargeting | Conversão;Display;GAG005;Visitantes Site 14d;N/A - remarketing;Ambos;36457;102;25,81;0,25;0,71;0,282;1;197,00;7,63;;;
2025-01-08;GCAMP004;Display | Retargeting | Conversão;Display;GAG005;Visitantes Site 14d;N/A - remarketing;Ambos;29298;92;34,71;0,38;1,18;0,317;1;97,00;2,79;;;
2025-01-09;GCAMP004;Display | Retargeting | Conversão;Display;GAG005;Visitantes Site 14d;N/A - remarketing;Ambos;35622;102;31,60;0,31;0,89;0,289;1;197,00;6,23;;;
2025-01-10;GCAMP004;Display | Retargeting | Conversão;Display;GAG005;Visitantes Site 14d;N/A - remarketing;Ambos;35857;103;27,67;0,27;0,77;0,288;1;97,00;3,51;;;
2025-01-11;GCAMP004;Display | Retargeting | Conversão;Display;GAG005;Visitantes Site 14d;N/A - remarketing;Ambos;35060;115;29,23;0,25;0,83;0,329;1;197,00;6,74;;;
2025-01-12;GCAMP004;Display | Retargeting | Conversão;Display;GAG005;Visitantes Site 14d;N/A - remarketing;Ambos;23967;63;27,47;0,44;1,15;0,264;1;197,00;7,17;;;
2025-01-13;GCAMP004;Display | Retargeting | Conversão;Display;GAG005;Visitantes Site 14d;N/A - remarketing;Ambos;30552;98;27,74;0,28;0,91;0,322;1;97,00;3,50;;;
2025-01-14;GCAMP004;Display | Retargeting | Conversão;Display;GAG005;Visitantes Site 14d;N/A - remarketing;Ambos;44903;149;31,54;0,21;0,70;0,333;2;194,00;6,15;;;
2025-01-15;GCAMP004;Display | Retargeting | Conversão;Display;GAG005;Visitantes Site 14d;N/A - remarketing;Ambos;25763;77;32,03;0,42;1,24;0,301;1;197,00;6,15;;;
2025-01-16;GCAMP004;Display | Retargeting | Conversão;Display;GAG005;Visitantes Site 14d;N/A - remarketing;Ambos;27347;80;29,68;0,37;1,09;0,295;1;97,00;3,27;;;
2025-01-17;GCAMP004;Display | Retargeting | Conversão;Display;GAG005;Visitantes Site 14d;N/A - remarketing;Ambos;29696;80;29,38;0,37;0,99;0,273;1;97,00;3,30;;;
2025-01-18;GCAMP004;Display | Retargeting | Conversão;Display;GAG005;Visitantes Site 14d;N/A - remarketing;Ambos;44027;116;32,89;0,28;0,75;0,264;1;97,00;2,95;;;
2025-01-19;GCAMP004;Display | Retargeting | Conversão;Display;GAG005;Visitantes Site 14d;N/A - remarketing;Ambos;28027;76;31,44;0,41;1,12;0,273;0;0,00;0,00;;;
2025-01-20;GCAMP004;Display | Retargeting | Conversão;Display;GAG005;Visitantes Site 14d;N/A - remarketing;Ambos;34894;114;27,93;0,24;0,80;0,329;2;394,00;14,11;;;
2025-01-21;GCAMP004;Display | Retargeting | Conversão;Display;GAG005;Visitantes Site 14d;N/A - remarketing;Ambos;30174;90;26,78;0,30;0,89;0,302;1;97,00;3,62;;;
2025-01-22;GCAMP004;Display | Retargeting | Conversão;Display;GAG005;Visitantes Site 14d;N/A - remarketing;Ambos;43159;134;34,41;0,26;0,80;0,312;2;394,00;11,45;;;
2025-01-23;GCAMP004;Display | Retargeting | Conversão;Display;GAG005;Visitantes Site 14d;N/A - remarketing;Ambos;41409;123;26,19;0,21;0,63;0,298;1;197,00;7,52;;;
2025-01-24;GCAMP004;Display | Retargeting | Conversão;Display;GAG005;Visitantes Site 14d;N/A - remarketing;Ambos;27983;74;26,01;0,35;0,93;0,266;1;97,00;3,73;;;
2025-01-25;GCAMP004;Display | Retargeting | Conversão;Display;GAG005;Visitantes Site 14d;N/A - remarketing;Ambos;48359;129;30,15;0,23;0,62;0,269;2;394,00;13,07;;;
2025-01-26;GCAMP004;Display | Retargeting | Conversão;Display;GAG005;Visitantes Site 14d;N/A - remarketing;Ambos;26509;75;32,55;0,43;1,23;0,285;1;197,00;6,05;;;
2025-01-27;GCAMP004;Display | Retargeting | Conversão;Display;GAG005;Visitantes Site 14d;N/A - remarketing;Ambos;23755;66;32,44;0,49;1,37;0,279;1;197,00;6,07;;;
2025-01-28;GCAMP004;Display | Retargeting | Conversão;Display;GAG005;Visitantes Site 14d;N/A - remarketing;Ambos;45043;129;33,91;0,26;0,75;0,288;1;97,00;2,86;;;
2025-01-29;GCAMP004;Display | Retargeting | Conversão;Display;GAG005;Visitantes Site 14d;N/A - remarketing;Ambos;28174;78;25,06;0,32;0,89;0,277;1;97,00;3,87;;;
2025-01-30;GCAMP004;Display | Retargeting | Conversão;Display;GAG005;Visitantes Site 14d;N/A - remarketing;Ambos;33413;111;31,98;0,29;0,96;0,333;1;97,00;3,03;;;
2025-01-31;GCAMP004;Display | Retargeting | Conversão;Display;GAG005;Visitantes Site 14d;N/A - remarketing;Ambos;43834;141;26,73;0,19;0,61;0,323;2;394,00;14,74;;;
2024-03-01;GCAMP005;Search | Lançamento | Carteira Pro;Search;GAG006;Comprar Curso Investimento;"comprar curso investimentos; melhor curso financas";Carteira Inteligente Pro;10250;476;168,59;0,35;16,45;4,651;38;7486,00;44,40;8;;1,80
2024-03-02;GCAMP005;Search | Lançamento | Carteira Pro;Search;GAG006;Comprar Curso Investimento;"comprar curso investimentos; melhor curso financas";Carteira Inteligente Pro;12399;543;191,40;0,35;15,44;4,382;42;8274,00;43,23;9;;1,90
2024-03-03;GCAMP005;Search | Lançamento | Carteira Pro;Search;GAG006;Comprar Curso Investimento;"comprar curso investimentos; melhor curso financas";Carteira Inteligente Pro;15263;704;226,47;0,32;14,84;4,616;49;9653,00;42,62;8;;1,60
2024-03-04;GCAMP005;Search | Lançamento | Carteira Pro;Search;GAG006;Comprar Curso Investimento;"comprar curso investimentos; melhor curso financas";Carteira Inteligente Pro;13027;627;208,78;0,33;16,03;4,814;48;9456,00;45,29;8;;1,60
2024-03-05;GCAMP005;Search | Lançamento | Carteira Pro;Search;GAG006;Comprar Curso Investimento;"comprar curso investimentos; melhor curso financas";Carteira Inteligente Pro;17894;716;192,91;0,27;10,78;4,004;46;9062,00;46,98;10;;1,80
2024-03-06;GCAMP005;Search | Lançamento | Carteira Pro;Search;GAG006;Comprar Curso Investimento;"comprar curso investimentos; melhor curso financas";Carteira Inteligente Pro;16545;823;243,09;0,30;14,69;4,976;63;12411,00;51,06;7;;1,70
2024-03-07;GCAMP005;Search | Lançamento | Carteira Pro;Search;GAG006;Comprar Curso Investimento;"comprar curso investimentos; melhor curso financas";Carteira Inteligente Pro;20463;984;212,32;0,22;10,38;4,811;59;11623,00;54,74;9;;1,80
2024-03-08;GCAMP005;Search | Lançamento | Carteira Pro;Search;GAG006;Comprar Curso Investimento;"comprar curso investimentos; melhor curso financas";Carteira Inteligente Pro;37482;1809;316,53;0,17;8,44;4,829;129;25413,00;80,29;7;;2,00
2024-03-09;GCAMP005;Search | Lançamento | Carteira Pro;Search;GAG006;Comprar Curso Investimento;"comprar curso investimentos; melhor curso financas";Carteira Inteligente Pro;30282;1270;249,64;0,20;8,24;4,196;83;16351,00;65,50;8;;1,60
2024-03-10;GCAMP005;Search | Lançamento | Carteira Pro;Search;GAG006;Comprar Curso Investimento;"comprar curso investimentos; melhor curso financas";Carteira Inteligente Pro;42433;1694;340,57;0,20;8,03;3,993;106;20882,00;61,31;6;;2,30
2024-03-11;GCAMP005;Search | Lançamento | Carteira Pro;Search;GAG006;Comprar Curso Investimento;"comprar curso investimentos; melhor curso financas";Carteira Inteligente Pro;37799;1865;344,65;0,18;9,12;4,934;147;28959,00;84,02;10;;1,40
2024-03-12;GCAMP005;Search | Lançamento | Carteira Pro;Search;GAG006;Comprar Curso Investimento;"comprar curso investimentos; melhor curso financas";Carteira Inteligente Pro;37872;1890;401,69;0,21;10,61;4,992;121;23837,00;59,34;9;;1,60
2024-03-13;GCAMP005;Search | Lançamento | Carteira Pro;Search;GAG006;Comprar Curso Investimento;"comprar curso investimentos; melhor curso financas";Carteira Inteligente Pro;36370;1829;413,21;0,23;11,36;5,029;141;27777,00;67,22;10;;2,10
2024-03-14;GCAMP005;Search | Lançamento | Carteira Pro;Search;GAG006;Comprar Curso Investimento;"comprar curso investimentos; melhor curso financas";Carteira Inteligente Pro;35476;1782;415,40;0,23;11,71;5,026;122;24034,00;57,86;7;;1,60
2024-03-15;GCAMP005;Search | Lançamento | Carteira Pro;Search;GAG006;Comprar Curso Investimento;"comprar curso investimentos; melhor curso financas";Carteira Inteligente Pro;41685;1925;408,79;0,21;9,81;4,619;145;28565,00;69,88;8;;1,80
2024-03-16;GCAMP005;Search | Lançamento | Carteira Pro;Search;GAG006;Comprar Curso Investimento;"comprar curso investimentos; melhor curso financas";Carteira Inteligente Pro;23198;993;386,94;0,39;16,68;4,284;57;11229,00;29,02;10;;1,70
2024-03-17;GCAMP005;Search | Lançamento | Carteira Pro;Search;GAG006;Comprar Curso Investimento;"comprar curso investimentos; melhor curso financas";Carteira Inteligente Pro;29765;1387;379,94;0,27;12,76;4,661;85;16745,00;44,07;6;;1,80
2024-03-18;GCAMP005;Search | Lançamento | Carteira Pro;Search;GAG006;Comprar Curso Investimento;"comprar curso investimentos; melhor curso financas";Carteira Inteligente Pro;46638;1909;415,94;0,22;8,92;4,094;144;28368,00;68,20;7;;1,70
2024-03-19;GCAMP005;Search | Lançamento | Carteira Pro;Search;GAG006;Comprar Curso Investimento;"comprar curso investimentos; melhor curso financas";Carteira Inteligente Pro;34557;1453;331,44;0,23;9,59;4,207;115;22655,00;68,35;10;;2,00
2024-03-20;GCAMP005;Search | Lançamento | Carteira Pro;Search;GAG006;Comprar Curso Investimento;"comprar curso investimentos; melhor curso financas";Carteira Inteligente Pro;22192;967;349,88;0,36;15,77;4,362;64;12608,00;36,04;9;;1,60
2024-03-21;GCAMP005;Search | Lançamento | Carteira Pro;Search;GAG006;Comprar Curso Investimento;"comprar curso investimentos; melhor curso financas";Carteira Inteligente Pro;27146;1138;295,76;0,26;10,90;4,193;80;15760,00;53,29;8;;1,70
2024-03-22;GCAMP005;Search | Lançamento | Carteira Pro;Search;GAG006;Comprar Curso Investimento;"comprar curso investimentos; melhor curso financas";Carteira Inteligente Pro;37062;1867;303,10;0,16;8,18;5,040;139;27383,00;90,34;9;;2,10
2024-03-23;GCAMP005;Search | Lançamento | Carteira Pro;Search;GAG006;Comprar Curso Investimento;"comprar curso investimentos; melhor curso financas";Carteira Inteligente Pro;28543;1150;219,76;0,19;7,70;4,032;74;14578,00;66,34;9;;2,10
2024-03-24;GCAMP005;Search | Lançamento | Carteira Pro;Search;GAG006;Comprar Curso Investimento;"comprar curso investimentos; melhor curso financas";Carteira Inteligente Pro;20468;861;231,22;0,27;11,30;4,211;59;11623,00;50,27;7;;2,10
2024-03-25;GCAMP005;Search | Lançamento | Carteira Pro;Search;GAG006;Comprar Curso Investimento;"comprar curso investimentos; melhor curso financas";Carteira Inteligente Pro;10817;515;188,24;0,37;17,40;4,764;32;6304,00;33,49;10;;1,80
2024-03-26;GCAMP005;Search | Lançamento | Carteira Pro;Search;GAG006;Comprar Curso Investimento;"comprar curso investimentos; melhor curso financas";Carteira Inteligente Pro;17929;780;204,88;0,26;11,43;4,356;54;10638,00;51,92;9;;1,30
2024-03-27;GCAMP005;Search | Lançamento | Carteira Pro;Search;GAG006;Comprar Curso Investimento;"comprar curso investimentos; melhor curso financas";Carteira Inteligente Pro;14399;718;171,24;0,24;11,89;4,992;43;8471,00;49,47;10;;2,00
2024-03-28;GCAMP005;Search | Lançamento | Carteira Pro;Search;GAG006;Comprar Curso Investimento;"comprar curso investimentos; melhor curso financas";Carteira Inteligente Pro;12359;540;156,52;0,29;12,66;4,371;37;7289,00;46,57;6;;2,20
2024-03-29;GCAMP005;Search | Lançamento | Carteira Pro;Search;GAG006;Comprar Curso Investimento;"comprar curso investimentos; melhor curso financas";Carteira Inteligente Pro;21836;1076;209,02;0,19;9,57;4,928;62;12214,00;58,43;6;;2,30
2024-03-30;GCAMP005;Search | Lançamento | Carteira Pro;Search;GAG006;Comprar Curso Investimento;"comprar curso investimentos; melhor curso financas";Carteira Inteligente Pro;19662;854;207,85;0,24;10,57;4,344;53;10441,00;50,23;8;;1,90
2024-03-31;GCAMP005;Search | Lançamento | Carteira Pro;Search;GAG006;Comprar Curso Investimento;"comprar curso investimentos; melhor curso financas";Carteira Inteligente Pro;14540;581;191,06;0,33;13,14;4,003;40;7880,00;41,24;7;;1,50
2024-07-01;GCAMP005;Search | Lançamento | Carteira Pro;Search;GAG006;Comprar Curso Investimento;"comprar curso investimentos; melhor curso financas";Carteira Inteligente Pro;16416;652;183,08;0,28;11,15;3,976;51;10047,00;54,88;8;;1,90
2024-07-02;GCAMP005;Search | Lançamento | Carteira Pro;Search;GAG006;Comprar Curso Investimento;"comprar curso investimentos; melhor curso financas";Carteira Inteligente Pro;18816;774;174,04;0,22;9,25;4,117;50;9850,00;56,60;6;;2,00
2024-07-03;GCAMP005;Search | Lançamento | Carteira Pro;Search;GAG006;Comprar Curso Investimento;"comprar curso investimentos; melhor curso financas";Carteira Inteligente Pro;16826;839;178,90;0,21;10,63;4,991;64;12608,00;70,48;7;;1,50
2024-07-04;GCAMP005;Search | Lançamento | Carteira Pro;Search;GAG006;Comprar Curso Investimento;"comprar curso investimentos; melhor curso financas";Carteira Inteligente Pro;20061;861;197,39;0,23;9,84;4,296;48;9456,00;47,91;8;;1,50
2024-07-05;GCAMP005;Search | Lançamento | Carteira Pro;Search;GAG006;Comprar Curso Investimento;"comprar curso investimentos; melhor curso financas";Carteira Inteligente Pro;16447;724;218,47;0,30;13,28;4,407;52;10244,00;46,89;7;;2,20
2024-07-06;GCAMP005;Search | Lançamento | Carteira Pro;Search;GAG006;Comprar Curso Investimento;"comprar curso investimentos; melhor curso financas";Carteira Inteligente Pro;30203;1213;241,87;0,20;8,01;4,017;67;13199,00;54,57;7;;1,30
2024-07-07;GCAMP005;Search | Lançamento | Carteira Pro;Search;GAG006;Comprar Curso Investimento;"comprar curso investimentos; melhor curso financas";Carteira Inteligente Pro;25805;1298;259,98;0,20;10,07;5,031;93;18321,00;70,47;9;;1,70
2024-07-08;GCAMP005;Search | Lançamento | Carteira Pro;Search;GAG006;Comprar Curso Investimento;"comprar curso investimentos; melhor curso financas";Carteira Inteligente Pro;21204;924;275,07;0,30;12,97;4,359;58;11426,00;41,54;9;;2,10
2024-07-09;GCAMP005;Search | Lançamento | Carteira Pro;Search;GAG006;Comprar Curso Investimento;"comprar curso investimentos; melhor curso financas";Carteira Inteligente Pro;24697;1180;280,05;0,24;11,34;4,782;87;17139,00;61,20;9;;1,80
2024-07-10;GCAMP005;Search | Lançamento | Carteira Pro;Search;GAG006;Comprar Curso Investimento;"comprar curso investimentos; melhor curso financas";Carteira Inteligente Pro;24408;986;317,37;0,32;13,00;4,042;75;14775,00;46,55;10;;1,90
2024-07-11;GCAMP005;Search | Lançamento | Carteira Pro;Search;GAG006;Comprar Curso Investimento;"comprar curso investimentos; melhor curso financas";Carteira Inteligente Pro;35811;1763;402,46;0,23;11,24;4,924;134;26398,00;65,59;7;;1,60
2024-07-12;GCAMP005;Search | Lançamento | Carteira Pro;Search;GAG006;Comprar Curso Investimento;"comprar curso investimentos; melhor curso financas";Carteira Inteligente Pro;29820;1383;474,01;0,34;15,90;4,640;90;17730,00;37,40;10;;2,00
2024-07-13;GCAMP005;Search | Lançamento | Carteira Pro;Search;GAG006;Comprar Curso Investimento;"comprar curso investimentos; melhor curso financas";Carteira Inteligente Pro;38041;1791;413,04;0,23;10,86;4,709;137;26989,00;65,34;7;;2,10
2024-07-14;GCAMP005;Search | Lançamento | Carteira Pro;Search;GAG006;Comprar Curso Investimento;"comprar curso investimentos; melhor curso financas";Carteira Inteligente Pro;39403;1898;527,38;0,28;13,38;4,819;115;22655,00;42,96;8;;2,10
2024-07-15;GCAMP005;Search | Lançamento | Carteira Pro;Search;GAG006;Comprar Curso Investimento;"comprar curso investimentos; melhor curso financas";Carteira Inteligente Pro;30023;1470;416,99;0,28;13,89;4,899;94;18518,00;44,41;10;;2,20
2024-07-16;GCAMP005;Search | Lançamento | Carteira Pro;Search;GAG006;Comprar Curso Investimento;"comprar curso investimentos; melhor curso financas";Carteira Inteligente Pro;31888;1494;379,45;0,25;11,90;4,685;91;17927,00;47,24;8;;1,30
2024-07-17;GCAMP005;Search | Lançamento | Carteira Pro;Search;GAG006;Comprar Curso Investimento;"comprar curso investimentos; melhor curso financas";Carteira Inteligente Pro;37824;1761;340,08;0,19;8,99;4,656;124;24428,00;71,83;8;;2,10
2024-07-18;GCAMP005;Search | Lançamento | Carteira Pro;Search;GAG006;Comprar Curso Investimento;"comprar curso investimentos; melhor curso financas";Carteira Inteligente Pro;35381;1492;345,21;0,23;9,76;4,217;85;16745,00;48,51;10;;1,60
2024-07-19;GCAMP005;Search | Lançamento | Carteira Pro;Search;GAG006;Comprar Curso Investimento;"comprar curso investimentos; melhor curso financas";Carteira Inteligente Pro;42341;1791;383,90;0,21;9,07;4,230;133;26201,00;68,25;10;;1,30
2024-07-20;GCAMP005;Search | Lançamento | Carteira Pro;Search;GAG006;Comprar Curso Investimento;"comprar curso investimentos; melhor curso financas";Carteira Inteligente Pro;28881;1452;343,22;0,24;11,88;5,029;107;21079,00;61,42;7;;1,40
2024-07-21;GCAMP005;Search | Lançamento | Carteira Pro;Search;GAG006;Comprar Curso Investimento;"comprar curso investimentos; melhor curso financas";Carteira Inteligente Pro;37656;1719;275,77;0,16;7,32;4,565;133;26201,00;95,01;8;;2,00
2024-07-22;GCAMP005;Search | Lançamento | Carteira Pro;Search;GAG006;Comprar Curso Investimento;"comprar curso investimentos; melhor curso financas";Carteira Inteligente Pro;29176;1240;296,04;0,24;10,15;4,253;88;17336,00;58,56;7;;2,10
2024-07-23;GCAMP005;Search | Lançamento | Carteira Pro;Search;GAG006;Comprar Curso Investimento;"comprar curso investimentos; melhor curso financas";Carteira Inteligente Pro;16901;729;221,54;0,30;13,11;4,317;53;10441,00;47,13;8;;2,30
2024-07-24;GCAMP005;Search | Lançamento | Carteira Pro;Search;GAG006;Comprar Curso Investimento;"comprar curso investimentos; melhor curso financas";Carteira Inteligente Pro;18268;823;246,74;0,30;13,51;4,505;52;10244,00;41,52;8;;2,10
2024-07-25;GCAMP005;Search | Lançamento | Carteira Pro;Search;GAG006;Comprar Curso Investimento;"comprar curso investimentos; melhor curso financas";Carteira Inteligente Pro;22891;1106;213,54;0,19;9,33;4,835;77;15169,00;71,04;8;;1,50
2024-07-26;GCAMP005;Search | Lançamento | Carteira Pro;Search;GAG006;Comprar Curso Investimento;"comprar curso investimentos; melhor curso financas";Carteira Inteligente Pro;16055;729;177,31;0,24;11,04;4,543;54;10638,00;60,00;10;;1,70
2024-07-27;GCAMP005;Search | Lançamento | Carteira Pro;Search;GAG006;Comprar Curso Investimento;"comprar curso investimentos; melhor curso financas";Carteira Inteligente Pro;22663;1106;219,12;0,20;9,67;4,884;76;14972,00;68,33;9;;1,50
2024-07-28;GCAMP005;Search | Lançamento | Carteira Pro;Search;GAG006;Comprar Curso Investimento;"comprar curso investimentos; melhor curso financas";Carteira Inteligente Pro;18696;845;177,79;0,21;9,51;4,520;65;12805,00;72,02;10;;1,90
2024-07-29;GCAMP005;Search | Lançamento | Carteira Pro;Search;GAG006;Comprar Curso Investimento;"comprar curso investimentos; melhor curso financas";Carteira Inteligente Pro;15064;735;186,01;0,25;12,35;4,886;45;8865,00;47,66;6;;2,20
2024-07-30;GCAMP005;Search | Lançamento | Carteira Pro;Search;GAG006;Comprar Curso Investimento;"comprar curso investimentos; melhor curso financas";Carteira Inteligente Pro;14983;701;197,98;0,28;13,21;4,683;44;8668,00;43,78;9;;1,30
2024-07-31;GCAMP005;Search | Lançamento | Carteira Pro;Search;GAG006;Comprar Curso Investimento;"comprar curso investimentos; melhor curso financas";Carteira Inteligente Pro;10360;470;170,69;0,36;16,48;4,537;31;6107,00;35,78;10;;1,70
2024-11-01;GCAMP005;Search | Lançamento | Carteira Pro;Search;GAG006;Comprar Curso Investimento;"comprar curso investimentos; melhor curso financas";Carteira Inteligente Pro;18945;756;158,43;0,21;8,36;3,994;50;9850,00;62,17;7;;1,30
2024-11-02;GCAMP005;Search | Lançamento | Carteira Pro;Search;GAG006;Comprar Curso Investimento;"comprar curso investimentos; melhor curso financas";Carteira Inteligente Pro;22547;1108;201,41;0,18;8,93;4,918;66;13002,00;64,55;6;;1,90
2024-11-03;GCAMP005;Search | Lançamento | Carteira Pro;Search;GAG006;Comprar Curso Investimento;"comprar curso investimentos; melhor curso financas";Carteira Inteligente Pro;22282;1121;190,44;0,17;8,55;5,035;65;12805,00;67,24;7;;1,60
2024-11-04;GCAMP005;Search | Lançamento | Carteira Pro;Search;GAG006;Comprar Curso Investimento;"comprar curso investimentos; melhor curso financas";Carteira Inteligente Pro;24947;991;212,43;0,21;8,52;3,974;70;13790,00;64,92;10;;1,80
2024-11-05;GCAMP005;Search | Lançamento | Carteira Pro;Search;GAG006;Comprar Curso Investimento;"comprar curso investimentos; melhor curso financas";Carteira Inteligente Pro;24434;967;208,38;0,22;8,53;3,960;53;10441,00;50,11;7;;2,10
2024-11-06;GCAMP005;Search | Lançamento | Carteira Pro;Search;GAG006;Comprar Curso Investimento;"comprar curso investimentos; melhor curso financas";Carteira Inteligente Pro;16812;783;240,44;0,31;14,30;4,661;55;10835,00;45,06;8;;2,30
2024-11-07;GCAMP005;Search | Lançamento | Carteira Pro;Search;GAG006;Comprar Curso Investimento;"comprar curso investimentos; melhor curso financas";Carteira Inteligente Pro;18318;919;267,38;0,29;14,60;5,020;60;11820,00;44,21;9;;1,30
2024-11-08;GCAMP005;Search | Lançamento | Carteira Pro;Search;GAG006;Comprar Curso Investimento;"comprar curso investimentos; melhor curso financas";Carteira Inteligente Pro;23137;961;234,73;0,24;10,15;4,158;61;12017,00;51,19;6;;1,80
2024-11-09;GCAMP005;Search | Lançamento | Carteira Pro;Search;GAG006;Comprar Curso Investimento;"comprar curso investimentos; melhor curso financas";Carteira Inteligente Pro;30514;1455;243,41;0,17;7,98;4,771;78;15366,00;63,13;9;;1,30
2024-11-10;GCAMP005;Search | Lançamento | Carteira Pro;Search;GAG006;Comprar Curso Investimento;"comprar curso investimentos; melhor curso financas";Carteira Inteligente Pro;24158;997;371,66;0,37;15,38;4,131;55;10835,00;29,15;9;;1,60
2024-11-11;GCAMP005;Search | Lançamento | Carteira Pro;Search;GAG006;Comprar Curso Investimento;"comprar curso investimentos; melhor curso financas";Carteira Inteligente Pro;31804;1498;367,42;0,25;11,55;4,711;82;16154,00;43,97;9;;1,30
2024-11-12;GCAMP005;Search | Lançamento | Carteira Pro;Search;GAG006;Comprar Curso Investimento;"comprar curso investimentos; melhor curso financas";Carteira Inteligente Pro;36599;1487;376,33;0,25;10,28;4,064;88;17336,00;46,07;8;;1,70
2024-11-13;GCAMP005;Search | Lançamento | Carteira Pro;Search;GAG006;Comprar Curso Investimento;"comprar curso investimentos; melhor curso financas";Carteira Inteligente Pro;52545;2102;395,71;0,19;7,53;4,001;135;26595,00;67,21;9;;1,80
2024-11-14;GCAMP005;Search | Lançamento | Carteira Pro;Search;GAG006;Comprar Curso Investimento;"comprar curso investimentos; melhor curso financas";Carteira Inteligente Pro;39797;1804;462,59;0,26;11,62;4,534;100;19700,00;42,59;6;;1,80
2024-11-15;GCAMP005;Search | Lançamento | Carteira Pro;Search;GAG006;Comprar Curso Investimento;"comprar curso investimentos; melhor curso financas";Carteira Inteligente Pro;36781;1466;406,45;0,28;11,05;3,987;97;19109,00;47,01;10;;2,00
2024-11-16;GCAMP005;Search | Lançamento | Carteira Pro;Search;GAG006;Comprar Curso Investimento;"comprar curso investimentos; melhor curso financas";Carteira Inteligente Pro;45047;2141;487,82;0,23;10,83;4,754;131;25807,00;52,90;9;;2,10
2024-11-17;GCAMP005;Search | Lançamento | Carteira Pro;Search;GAG006;Comprar Curso Investimento;"comprar curso investimentos; melhor curso financas";Carteira Inteligente Pro;36977;1643;374,99;0,23;10,14;4,446;98;19306,00;51,48;7;;1,70
2024-11-18;GCAMP005;Search | Lançamento | Carteira Pro;Search;GAG006;Comprar Curso Investimento;"comprar curso investimentos; melhor curso financas";Carteira Inteligente Pro;42035;2005;432,54;0,22;10,29;4,770;149;29353,00;67,86;10;;2,30
2024-11-19;GCAMP005;Search | Lançamento | Carteira Pro;Search;GAG006;Comprar Curso Investimento;"comprar curso investimentos; melhor curso financas";Carteira Inteligente Pro;24806;1147;408,46;0,36;16,47;4,627;87;17139,00;41,96;7;;2,10
2024-11-20;GCAMP005;Search | Lançamento | Carteira Pro;Search;GAG006;Comprar Curso Investimento;"comprar curso investimentos; melhor curso financas";Carteira Inteligente Pro;34436;1680;355,19;0,21;10,31;4,881;100;19700,00;55,46;6;;1,80
2024-11-21;GCAMP005;Search | Lançamento | Carteira Pro;Search;GAG006;Comprar Curso Investimento;"comprar curso investimentos; melhor curso financas";Carteira Inteligente Pro;29558;1450;256,11;0,18;8,66;4,907;102;20094,00;78,46;10;;1,40
2024-11-22;GCAMP005;Search | Lançamento | Carteira Pro;Search;GAG006;Comprar Curso Investimento;"comprar curso investimentos; melhor curso financas";Carteira Inteligente Pro;28720;1185;326,03;0,28;11,35;4,126;78;15366,00;47,13;8;;1,50
2024-11-23;GCAMP005;Search | Lançamento | Carteira Pro;Search;GAG006;Comprar Curso Investimento;"comprar curso investimentos; melhor curso financas";Carteira Inteligente Pro;27856;1233;228,18;0,19;8,19;4,429;90;17730,00;77,70;9;;1,50
2024-11-24;GCAMP005;Search | Lançamento | Carteira Pro;Search;GAG006;Comprar Curso Investimento;"comprar curso investimentos; melhor curso financas";Carteira Inteligente Pro;13425;650;224,52;0,35;16,72;4,844;46;9062,00;40,36;6;;1,50
2024-11-25;GCAMP005;Search | Lançamento | Carteira Pro;Search;GAG006;Comprar Curso Investimento;"comprar curso investimentos; melhor curso financas";Carteira Inteligente Pro;18539;894;209,72;0,23;11,31;4,826;57;11229,00;53,54;7;;2,00
2024-11-26;GCAMP005;Search | Lançamento | Carteira Pro;Search;GAG006;Comprar Curso Investimento;"comprar curso investimentos; melhor curso financas";Carteira Inteligente Pro;22064;1060;229,93;0,22;10,42;4,805;64;12608,00;54,83;6;;1,80
2024-11-27;GCAMP005;Search | Lançamento | Carteira Pro;Search;GAG006;Comprar Curso Investimento;"comprar curso investimentos; melhor curso financas";Carteira Inteligente Pro;22393;905;183,60;0,20;8,20;4,045;57;11229,00;61,16;6;;1,60
2024-11-28;GCAMP005;Search | Lançamento | Carteira Pro;Search;GAG006;Comprar Curso Investimento;"comprar curso investimentos; melhor curso financas";Carteira Inteligente Pro;13982;601;209,27;0,35;14,97;4,304;39;7683,00;36,71;9;;1,40
2024-11-29;GCAMP005;Search | Lançamento | Carteira Pro;Search;GAG006;Comprar Curso Investimento;"comprar curso investimentos; melhor curso financas";Carteira Inteligente Pro;14896;672;144,21;0,21;9,68;4,518;45;8865,00;61,47;6;;2,30
2024-11-30;GCAMP005;Search | Lançamento | Carteira Pro;Search;GAG006;Comprar Curso Investimento;"comprar curso investimentos; melhor curso financas";Carteira Inteligente Pro;24402;1203;216,09;0,18;8,86;4,932;94;18518,00;85,70;7;;1,40
2024-03-01;GCAMP006;YouTube | Lançamento | Carteira Pro;YouTube;GAG007;YouTube Remarketing Lista;N/A - audience;Carteira Inteligente Pro;70912;367;131,90;0,36;1,86;0,518;6;1182,00;8,96;;0,30;
2024-03-02;GCAMP006;YouTube | Lançamento | Carteira Pro;YouTube;GAG007;YouTube Remarketing Lista;N/A - audience;Carteira Inteligente Pro;100796;495;175,33;0,35;1,74;0,492;12;2364,00;13,48;;0,27;
2024-03-03;GCAMP006;YouTube | Lançamento | Carteira Pro;YouTube;GAG007;YouTube Remarketing Lista;N/A - audience;Carteira Inteligente Pro;101799;522;151,39;0,29;1,49;0,513;11;2167,00;14,31;;0,27;
2024-03-04;GCAMP006;YouTube | Lançamento | Carteira Pro;YouTube;GAG007;YouTube Remarketing Lista;N/A - audience;Carteira Inteligente Pro;81242;374;178,47;0,48;2,20;0,461;9;1773,00;9,93;;0,28;
2024-03-05;GCAMP006;YouTube | Lançamento | Carteira Pro;YouTube;GAG007;YouTube Remarketing Lista;N/A - audience;Carteira Inteligente Pro;118240;588;212,31;0,36;1,80;0,498;14;2758,00;12,99;;0,28;
2024-03-06;GCAMP006;YouTube | Lançamento | Carteira Pro;YouTube;GAG007;YouTube Remarketing Lista;N/A - audience;Carteira Inteligente Pro;102921;480;165,35;0,34;1,61;0,467;11;2167,00;13,11;;0,26;
2024-03-07;GCAMP006;YouTube | Lançamento | Carteira Pro;YouTube;GAG007;YouTube Remarketing Lista;N/A - audience;Carteira Inteligente Pro;127350;663;192,02;0,29;1,51;0,521;15;2955,00;15,39;;0,29;
2024-03-08;GCAMP006;YouTube | Lançamento | Carteira Pro;YouTube;GAG007;YouTube Remarketing Lista;N/A - audience;Carteira Inteligente Pro;173037;929;258,07;0,28;1,49;0,537;25;4925,00;19,08;;0,25;
2024-03-09;GCAMP006;YouTube | Lançamento | Carteira Pro;YouTube;GAG007;YouTube Remarketing Lista;N/A - audience;Carteira Inteligente Pro;146209;772;249,90;0,32;1,71;0,528;14;2758,00;11,04;;0,27;
2024-03-10;GCAMP006;YouTube | Lançamento | Carteira Pro;YouTube;GAG007;YouTube Remarketing Lista;N/A - audience;Carteira Inteligente Pro;151394;742;338,78;0,46;2,24;0,490;15;2955,00;8,72;;0,31;
2024-03-11;GCAMP006;YouTube | Lançamento | Carteira Pro;YouTube;GAG007;YouTube Remarketing Lista;N/A - audience;Carteira Inteligente Pro;210934;1087;308,73;0,28;1,46;0,515;27;5319,00;17,23;;0,28;
2024-03-12;GCAMP006;YouTube | Lançamento | Carteira Pro;YouTube;GAG007;YouTube Remarketing Lista;N/A - audience;Carteira Inteligente Pro;188110;1050;354,58;0,34;1,88;0,559;25;4925,00;13,89;;0,31;
2024-03-13;GCAMP006;YouTube | Lançamento | Carteira Pro;YouTube;GAG007;YouTube Remarketing Lista;N/A - audience;Carteira Inteligente Pro;209945;1116;352,63;0,32;1,68;0,532;27;5319,00;15,08;;0,29;
2024-03-14;GCAMP006;YouTube | Lançamento | Carteira Pro;YouTube;GAG007;YouTube Remarketing Lista;N/A - audience;Carteira Inteligente Pro;237627;1100;412,97;0,38;1,74;0,463;25;4925,00;11,93;;0,25;
2024-03-15;GCAMP006;YouTube | Lançamento | Carteira Pro;YouTube;GAG007;YouTube Remarketing Lista;N/A - audience;Carteira Inteligente Pro;234734;1295;402,72;0,31;1,72;0,552;29;5713,00;14,19;;0,27;
2024-03-16;GCAMP006;YouTube | Lançamento | Carteira Pro;YouTube;GAG007;YouTube Remarketing Lista;N/A - audience;Carteira Inteligente Pro;212666;1173;364,04;0,31;1,71;0,552;27;5319,00;14,61;;0,31;
2024-03-17;GCAMP006;YouTube | Lançamento | Carteira Pro;YouTube;GAG007;YouTube Remarketing Lista;N/A - audience;Carteira Inteligente Pro;193209;918;428,03;0,47;2,22;0,475;17;3349,00;7,82;;0,28;
2024-03-18;GCAMP006;YouTube | Lançamento | Carteira Pro;YouTube;GAG007;YouTube Remarketing Lista;N/A - audience;Carteira Inteligente Pro;145867;772;316,64;0,41;2,17;0,529;18;3546,00;11,20;;0,27;
2024-03-19;GCAMP006;YouTube | Lançamento | Carteira Pro;YouTube;GAG007;YouTube Remarketing Lista;N/A - audience;Carteira Inteligente Pro;165195;804;287,01;0,36;1,74;0,487;16;3152,00;10,98;;0,28;
2024-03-20;GCAMP006;YouTube | Lançamento | Carteira Pro;YouTube;GAG007;YouTube Remarketing Lista;N/A - audience;Carteira Inteligente Pro;190240;1030;272,82;0,26;1,43;0,542;24;4728,00;17,33;;0,28;
2024-03-21;GCAMP006;YouTube | Lançamento | Carteira Pro;YouTube;GAG007;YouTube Remarketing Lista;N/A - audience;Carteira Inteligente Pro;148680;748;249,57;0,33;1,68;0,503;14;2758,00;11,05;;0,28;
2024-03-22;GCAMP006;YouTube | Lançamento | Carteira Pro;YouTube;GAG007;YouTube Remarketing Lista;N/A - audience;Carteira Inteligente Pro;106147;510;202,02;0,40;1,90;0,481;12;2364,00;11,70;;0,31;
2024-03-23;GCAMP006;YouTube | Lançamento | Carteira Pro;YouTube;GAG007;YouTube Remarketing Lista;N/A - audience;Carteira Inteligente Pro;133277;622;195,20;0,31;1,46;0,467;15;2955,00;15,14;;0,29;
2024-03-24;GCAMP006;YouTube | Lançamento | Carteira Pro;YouTube;GAG007;YouTube Remarketing Lista;N/A - audience;Carteira Inteligente Pro;130590;729;218,48;0,30;1,67;0,558;17;3349,00;15,33;;0,30;
2024-03-25;GCAMP006;YouTube | Lançamento | Carteira Pro;YouTube;GAG007;YouTube Remarketing Lista;N/A - audience;Carteira Inteligente Pro;90143;452;161,93;0,36;1,80;0,502;11;2167,00;13,38;;0,27;
2024-03-26;GCAMP006;YouTube | Lançamento | Carteira Pro;YouTube;GAG007;YouTube Remarketing Lista;N/A - audience;Carteira Inteligente Pro;78471;355;156,09;0,44;1,99;0,453;8;1576,00;10,10;;0,29;
2024-03-27;GCAMP006;YouTube | Lançamento | Carteira Pro;YouTube;GAG007;YouTube Remarketing Lista;N/A - audience;Carteira Inteligente Pro;75116;394;171,57;0,44;2,28;0,525;7;1379,00;8,04;;0,25;
2024-03-28;GCAMP006;YouTube | Lançamento | Carteira Pro;YouTube;GAG007;YouTube Remarketing Lista;N/A - audience;Carteira Inteligente Pro;96465;506;192,71;0,38;2,00;0,525;11;2167,00;11,24;;0,28;
2024-03-29;GCAMP006;YouTube | Lançamento | Carteira Pro;YouTube;GAG007;YouTube Remarketing Lista;N/A - audience;Carteira Inteligente Pro;80589;407;150,30;0,37;1,87;0,505;7;1379,00;9,17;;0,28;
2024-03-30;GCAMP006;YouTube | Lançamento | Carteira Pro;YouTube;GAG007;YouTube Remarketing Lista;N/A - audience;Carteira Inteligente Pro;91627;469;157,92;0,34;1,72;0,513;11;2167,00;13,72;;0,30;
2024-03-31;GCAMP006;YouTube | Lançamento | Carteira Pro;YouTube;GAG007;YouTube Remarketing Lista;N/A - audience;Carteira Inteligente Pro;61425;331;151,80;0,46;2,47;0,539;7;1379,00;9,08;;0,25;
2024-07-01;GCAMP006;YouTube | Lançamento | Carteira Pro;YouTube;GAG007;YouTube Remarketing Lista;N/A - audience;Carteira Inteligente Pro;112925;606;164,86;0,27;1,46;0,537;13;2561,00;15,53;;0,29;
2024-07-02;GCAMP006;YouTube | Lançamento | Carteira Pro;YouTube;GAG007;YouTube Remarketing Lista;N/A - audience;Carteira Inteligente Pro;87559;395;161,57;0,41;1,85;0,452;9;1773,00;10,97;;0,25;
2024-07-03;GCAMP006;YouTube | Lançamento | Carteira Pro;YouTube;GAG007;YouTube Remarketing Lista;N/A - audience;Carteira Inteligente Pro;90064;489;175,98;0,36;1,95;0,544;11;2167,00;12,31;;0,31;
2024-07-04;GCAMP006;YouTube | Lançamento | Carteira Pro;YouTube;GAG007;YouTube Remarketing Lista;N/A - audience;Carteira Inteligente Pro;116883;605;198,99;0,33;1,70;0,518;12;2364,00;11,88;;0,26;
2024-07-05;GCAMP006;YouTube | Lançamento | Carteira Pro;YouTube;GAG007;YouTube Remarketing Lista;N/A - audience;Carteira Inteligente Pro;110812;500;186,07;0,37;1,68;0,452;9;1773,00;9,53;;0,31;
2024-07-06;GCAMP006;YouTube | Lançamento | Carteira Pro;YouTube;GAG007;YouTube Remarketing Lista;N/A - audience;Carteira Inteligente Pro;149167;725;222,81;0,31;1,49;0,486;15;2955,00;13,26;;0,30;
2024-07-07;GCAMP006;YouTube | Lançamento | Carteira Pro;YouTube;GAG007;YouTube Remarketing Lista;N/A - audience;Carteira Inteligente Pro;131204;648;211,28;0,33;1,61;0,494;14;2758,00;13,05;;0,31;
2024-07-08;GCAMP006;YouTube | Lançamento | Carteira Pro;YouTube;GAG007;YouTube Remarketing Lista;N/A - audience;Carteira Inteligente Pro;123080;545;228,04;0,42;1,85;0,443;14;2758,00;12,09;;0,28;
2024-07-09;GCAMP006;YouTube | Lançamento | Carteira Pro;YouTube;GAG007;YouTube Remarketing Lista;N/A - audience;Carteira Inteligente Pro;130721;710;265,27;0,37;2,03;0,543;13;2561,00;9,65;;0,29;
2024-07-10;GCAMP006;YouTube | Lançamento | Carteira Pro;YouTube;GAG007;YouTube Remarketing Lista;N/A - audience;Carteira Inteligente Pro;154282;707;290,75;0,41;1,88;0,459;15;2955,00;10,16;;0,26;
2024-07-11;GCAMP006;YouTube | Lançamento | Carteira Pro;YouTube;GAG007;YouTube Remarketing Lista;N/A - audience;Carteira Inteligente Pro;147042;726;266,87;0,37;1,81;0,494;13;2561,00;9,60;;0,26;
2024-07-12;GCAMP006;YouTube | Lançamento | Carteira Pro;YouTube;GAG007;YouTube Remarketing Lista;N/A - audience;Carteira Inteligente Pro;177501;992;312,67;0,32;1,76;0,559;17;3349,00;10,71;;0,25;
2024-07-13;GCAMP006;YouTube | Lançamento | Carteira Pro;YouTube;GAG007;YouTube Remarketing Lista;N/A - audience;Carteira Inteligente Pro;166098;902;398,37;0,44;2,40;0,544;20;3940,00;9,89;;0,25;
2024-07-14;GCAMP006;YouTube | Lançamento | Carteira Pro;YouTube;GAG007;YouTube Remarketing Lista;N/A - audience;Carteira Inteligente Pro;157675;780;327,67;0,42;2,08;0,495;20;3940,00;12,02;;0,30;
2024-07-15;GCAMP006;YouTube | Lançamento | Carteira Pro;YouTube;GAG007;YouTube Remarketing Lista;N/A - audience;Carteira Inteligente Pro;256015;1327;419,23;0,32;1,64;0,519;24;4728,00;11,28;;0,30;
2024-07-16;GCAMP006;YouTube | Lançamento | Carteira Pro;YouTube;GAG007;YouTube Remarketing Lista;N/A - audience;Carteira Inteligente Pro;168990;917;315,20;0,34;1,87;0,543;22;4334,00;13,75;;0,28;
2024-07-17;GCAMP006;YouTube | Lançamento | Carteira Pro;YouTube;GAG007;YouTube Remarketing Lista;N/A - audience;Carteira Inteligente Pro;165757;846;328,30;0,39;1,98;0,511;20;3940,00;12,00;;0,26;
2024-07-18;GCAMP006;YouTube | Lançamento | Carteira Pro;YouTube;GAG007;YouTube Remarketing Lista;N/A - audience;Carteira Inteligente Pro;153195;802;374,14;0,47;2,44;0,524;21;4137,00;11,06;;0,25;
2024-07-19;GCAMP006;YouTube | Lançamento | Carteira Pro;YouTube;GAG007;YouTube Remarketing Lista;N/A - audience;Carteira Inteligente Pro;196521;971;258,45;0,27;1,32;0,495;23;4531,00;17,53;;0,30;
2024-07-20;GCAMP006;YouTube | Lançamento | Carteira Pro;YouTube;GAG007;YouTube Remarketing Lista;N/A - audience;Carteira Inteligente Pro;163301;748;312,17;0,42;1,91;0,459;14;2758,00;8,83;;0,28;
2024-07-21;GCAMP006;YouTube | Lançamento | Carteira Pro;YouTube;GAG007;YouTube Remarketing Lista;N/A - audience;Carteira Inteligente Pro;130792;713;268,16;0,38;2,05;0,546;16;3152,00;11,75;;0,31;
2024-07-22;GCAMP006;YouTube | Lançamento | Carteira Pro;YouTube;GAG007;YouTube Remarketing Lista;N/A - audience;Carteira Inteligente Pro;146832;754;249,93;0,33;1,70;0,514;14;2758,00;11,04;;0,29;
2024-07-23;GCAMP006;YouTube | Lançamento | Carteira Pro;YouTube;GAG007;YouTube Remarketing Lista;N/A - audience;Carteira Inteligente Pro;160344;774;251,91;0,33;1,57;0,483;17;3349,00;13,29;;0,28;
2024-07-24;GCAMP006;YouTube | Lançamento | Carteira Pro;YouTube;GAG007;YouTube Remarketing Lista;N/A - audience;Carteira Inteligente Pro;153586;724;230,32;0,32;1,50;0,472;17;3349,00;14,54;;0,30;
2024-07-25;GCAMP006;YouTube | Lançamento | Carteira Pro;YouTube;GAG007;YouTube Remarketing Lista;N/A - audience;Carteira Inteligente Pro;92234;408;160,18;0,39;1,74;0,443;10;1970,00;12,30;;0,28;
2024-07-26;GCAMP006;YouTube | Lançamento | Carteira Pro;YouTube;GAG007;YouTube Remarketing Lista;N/A - audience;Carteira Inteligente Pro;90600;443;153,42;0,35;1,69;0,489;10;1970,00;12,84;;0,29;
2024-07-27;GCAMP006;YouTube | Lançamento | Carteira Pro;YouTube;GAG007;YouTube Remarketing Lista;N/A - audience;Carteira Inteligente Pro;99055;533;153,15;0,29;1,55;0,539;9;1773,00;11,58;;0,28;
2024-07-28;GCAMP006;YouTube | Lançamento | Carteira Pro;YouTube;GAG007;YouTube Remarketing Lista;N/A - audience;Carteira Inteligente Pro;96115;444;158,74;0,36;1,65;0,462;11;2167,00;13,65;;0,29;
2024-07-29;GCAMP006;YouTube | Lançamento | Carteira Pro;YouTube;GAG007;YouTube Remarketing Lista;N/A - audience;Carteira Inteligente Pro;68800;324;169,02;0,52;2,46;0,472;8;1576,00;9,32;;0,28;
2024-07-30;GCAMP006;YouTube | Lançamento | Carteira Pro;YouTube;GAG007;YouTube Remarketing Lista;N/A - audience;Carteira Inteligente Pro;72339;362;154,64;0,43;2,14;0,502;8;1576,00;10,19;;0,28;
2024-07-31;GCAMP006;YouTube | Lançamento | Carteira Pro;YouTube;GAG007;YouTube Remarketing Lista;N/A - audience;Carteira Inteligente Pro;79378;353;168,47;0,48;2,12;0,445;7;1379,00;8,19;;0,28;
2024-11-01;GCAMP006;YouTube | Lançamento | Carteira Pro;YouTube;GAG007;YouTube Remarketing Lista;N/A - audience;Carteira Inteligente Pro;112643;568;149,83;0,26;1,33;0,505;14;2758,00;18,41;;0,29;
2024-11-02;GCAMP006;YouTube | Lançamento | Carteira Pro;YouTube;GAG007;YouTube Remarketing Lista;N/A - audience;Carteira Inteligente Pro;118856;617;174,52;0,28;1,47;0,519;15;2955,00;16,93;;0,25;
2024-11-03;GCAMP006;YouTube | Lançamento | Carteira Pro;YouTube;GAG007;YouTube Remarketing Lista;N/A - audience;Carteira Inteligente Pro;82741;439;190,36;0,43;2,30;0,532;9;1773,00;9,31;;0,27;
2024-11-04;GCAMP006;YouTube | Lançamento | Carteira Pro;YouTube;GAG007;YouTube Remarketing Lista;N/A - audience;Carteira Inteligente Pro;97830;470;171,99;0,37;1,76;0,481;11;2167,00;12,60;;0,27;
2024-11-05;GCAMP006;YouTube | Lançamento | Carteira Pro;YouTube;GAG007;YouTube Remarketing Lista;N/A - audience;Carteira Inteligente Pro;110347;557;187,85;0,34;1,70;0,506;13;2561,00;13,63;;0,25;
2024-11-06;GCAMP006;YouTube | Lançamento | Carteira Pro;YouTube;GAG007;YouTube Remarketing Lista;N/A - audience;Carteira Inteligente Pro;111590;508;168,20;0,33;1,51;0,455;13;2561,00;15,23;;0,27;
2024-11-07;GCAMP006;YouTube | Lançamento | Carteira Pro;YouTube;GAG007;YouTube Remarketing Lista;N/A - audience;Carteira Inteligente Pro;131988;625;201,05;0,32;1,52;0,474;11;2167,00;10,78;;0,26;
2024-11-08;GCAMP006;YouTube | Lançamento | Carteira Pro;YouTube;GAG007;YouTube Remarketing Lista;N/A - audience;Carteira Inteligente Pro;120306;586;274,03;0,47;2,28;0,487;15;2955,00;10,78;;0,27;
2024-11-09;GCAMP006;YouTube | Lançamento | Carteira Pro;YouTube;GAG007;YouTube Remarketing Lista;N/A - audience;Carteira Inteligente Pro;136634;660;279,58;0,42;2,05;0,483;15;2955,00;10,57;;0,31;
2024-11-10;GCAMP006;YouTube | Lançamento | Carteira Pro;YouTube;GAG007;YouTube Remarketing Lista;N/A - audience;Carteira Inteligente Pro;177316;877;298,32;0,34;1,68;0,495;22;4334,00;14,53;;0,25;
2024-11-11;GCAMP006;YouTube | Lançamento | Carteira Pro;YouTube;GAG007;YouTube Remarketing Lista;N/A - audience;Carteira Inteligente Pro;153622;799;344,44;0,43;2,24;0,520;21;4137,00;12,01;;0,25;
2024-11-12;GCAMP006;YouTube | Lançamento | Carteira Pro;YouTube;GAG007;YouTube Remarketing Lista;N/A - audience;Carteira Inteligente Pro;162582;877;348,38;0,40;2,14;0,540;20;3940,00;11,31;;0,27;
2024-11-13;GCAMP006;YouTube | Lançamento | Carteira Pro;YouTube;GAG007;YouTube Remarketing Lista;N/A - audience;Carteira Inteligente Pro;146537;691;416,87;0,60;2,84;0,472;12;2364,00;5,67;;0,26;
2024-11-14;GCAMP006;YouTube | Lançamento | Carteira Pro;YouTube;GAG007;YouTube Remarketing Lista;N/A - audience;Carteira Inteligente Pro;189853;943;339,38;0,36;1,79;0,497;19;3743,00;11,03;;0,31;
2024-11-15;GCAMP006;YouTube | Lançamento | Carteira Pro;YouTube;GAG007;YouTube Remarketing Lista;N/A - audience;Carteira Inteligente Pro;308772;1636;458,05;0,28;1,48;0,530;41;8077,00;17,63;;0,27;
2024-11-16;GCAMP006;YouTube | Lançamento | Carteira Pro;YouTube;GAG007;YouTube Remarketing Lista;N/A - audience;Carteira Inteligente Pro;207119;945;423,11;0,45;2,04;0,457;21;4137,00;9,78;;0,31;
2024-11-17;GCAMP006;YouTube | Lançamento | Carteira Pro;YouTube;GAG007;YouTube Remarketing Lista;N/A - audience;Carteira Inteligente Pro;214411;1053;389,35;0,37;1,82;0,491;28;5516,00;14,17;;0,28;
2024-11-18;GCAMP006;YouTube | Lançamento | Carteira Pro;YouTube;GAG007;YouTube Remarketing Lista;N/A - audience;Carteira Inteligente Pro;198986;1107;346,78;0,31;1,74;0,557;22;4334,00;12,50;;0,25;
2024-11-19;GCAMP006;YouTube | Lançamento | Carteira Pro;YouTube;GAG007;YouTube Remarketing Lista;N/A - audience;Carteira Inteligente Pro;146630;691;321,52;0,47;2,19;0,472;13;2561,00;7,97;;0,28;
2024-11-20;GCAMP006;YouTube | Lançamento | Carteira Pro;YouTube;GAG007;YouTube Remarketing Lista;N/A - audience;Carteira Inteligente Pro;122651;631;295,41;0,47;2,41;0,515;12;2364,00;8,00;;0,25;
2024-11-21;GCAMP006;YouTube | Lançamento | Carteira Pro;YouTube;GAG007;YouTube Remarketing Lista;N/A - audience;Carteira Inteligente Pro;166154;738;298,24;0,40;1,79;0,444;15;2955,00;9,91;;0,30;
2024-11-22;GCAMP006;YouTube | Lançamento | Carteira Pro;YouTube;GAG007;YouTube Remarketing Lista;N/A - audience;Carteira Inteligente Pro;139046;720;259,97;0,36;1,87;0,518;16;3152,00;12,12;;0,29;
2024-11-23;GCAMP006;YouTube | Lançamento | Carteira Pro;YouTube;GAG007;YouTube Remarketing Lista;N/A - audience;Carteira Inteligente Pro;107421;582;218,62;0,38;2,04;0,543;13;2561,00;11,71;;0,27;
2024-11-24;GCAMP006;YouTube | Lançamento | Carteira Pro;YouTube;GAG007;YouTube Remarketing Lista;N/A - audience;Carteira Inteligente Pro;86270;390;175,11;0,45;2,03;0,452;10;1970,00;11,25;;0,29;
2024-11-25;GCAMP006;YouTube | Lançamento | Carteira Pro;YouTube;GAG007;YouTube Remarketing Lista;N/A - audience;Carteira Inteligente Pro;105677;572;192,35;0,34;1,82;0,542;13;2561,00;13,31;;0,25;
2024-11-26;GCAMP006;YouTube | Lançamento | Carteira Pro;YouTube;GAG007;YouTube Remarketing Lista;N/A - audience;Carteira Inteligente Pro;69607;343;164,32;0,48;2,36;0,493;7;1379,00;8,39;;0,30;
2024-11-27;GCAMP006;YouTube | Lançamento | Carteira Pro;YouTube;GAG007;YouTube Remarketing Lista;N/A - audience;Carteira Inteligente Pro;106355;592;176,36;0,30;1,66;0,557;13;2561,00;14,52;;0,29;
2024-11-28;GCAMP006;YouTube | Lançamento | Carteira Pro;YouTube;GAG007;YouTube Remarketing Lista;N/A - audience;Carteira Inteligente Pro;103987;509;169,80;0,33;1,63;0,490;11;2167,00;12,76;;0,31;
2024-11-29;GCAMP006;YouTube | Lançamento | Carteira Pro;YouTube;GAG007;YouTube Remarketing Lista;N/A - audience;Carteira Inteligente Pro;92820;451;163,24;0,36;1,76;0,487;10;1970,00;12,07;;0,26;
2024-11-30;GCAMP006;YouTube | Lançamento | Carteira Pro;YouTube;GAG007;YouTube Remarketing Lista;N/A - audience;Carteira Inteligente Pro;68650;309;172,68;0,56;2,52;0,451;7;1379,00;7,99;;0,30;
