date;campaign_id;campaign_name;campaign_objective;adset_id;adset_name;ad_id;ad_name;ad_format;creative_type;platform;impressions;clicks;spend;cpc;cpm;ctr;conversions;leads;revenue;roas;reach;frequency;video_views
2024-02-01;CAMP001;Finanças do Zero | Perpétuo | Conversão;CONVERSIONS;AS001;Público 25-35 | Interesses Finanças;AD001;Video_Depoimento_Joao_v1;Video;Depoimento;facebook;3568;67;19,30;0,29;5,41;1,902;2;0;194,00;10,05;2734;1,62;950
2024-02-02;CAMP001;Finanças do Zero | Perpétuo | Conversão;CONVERSIONS;AS001;Público 25-35 | Interesses Finanças;AD001;Video_Depoimento_Joao_v1;Video;Depoimento;instagram;3758;71;18,32;0,26;4,87;1,893;2;0;194,00;10,59;2878;1,35;1211
2024-02-03;CAMP001;Finanças do Zero | Perpétuo | Conversão;CONVERSIONS;AS001;Público 25-35 | Interesses Finanças;AD001;Video_Depoimento_Joao_v1;Video;Depoimento;facebook;5294;87;18,65;0,21;3,52;1,651;3;0;291,00;15,60;3856;1,31;1534
2024-02-04;CAMP001;Finanças do Zero | Perpétuo | Conversão;CONVERSIONS;AS001;Público 25-35 | Interesses Finanças;AD001;Video_Depoimento_Joao_v1;Video;Depoimento;instagram;3892;63;20,97;0,33;5,39;1,638;2;0;194,00;9,25;3149;1,16;1200
2024-02-05;CAMP001;Finanças do Zero | Perpétuo | Conversão;CONVERSIONS;AS001;Público 25-35 | Interesses Finanças;AD001;Video_Depoimento_Joao_v1;Video;Depoimento;facebook;5421;91;19,37;0,21;3,57;1,682;2;0;194,00;10,02;4423;1,16;1579
2024-02-06;CAMP001;Finanças do Zero | Perpétuo | Conversão;CONVERSIONS;AS001;Público 25-35 | Interesses Finanças;AD001;Video_Depoimento_Joao_v1;Video;Depoimento;facebook;4787;89;19,09;0,21;3,99;1,874;3;0;291,00;15,24;3684;1,50;1322
2024-02-07;CAMP001;Finanças do Zero | Perpétuo | Conversão;CONVERSIONS;AS001;Público 25-35 | Interesses Finanças;AD001;Video_Depoimento_Joao_v1;Video;Depoimento;facebook;4022;74;23,58;0,32;5,86;1,860;2;0;194,00;8,23;2820;1,50;1071
2024-02-08;CAMP001;Finanças do Zero | Perpétuo | Conversão;CONVERSIONS;AS001;Público 25-35 | Interesses Finanças;AD001;Video_Depoimento_Joao_v1;Video;Depoimento;instagram;3678;72;21,15;0,29;5,75;1,963;2;0;194,00;9,17;3013;1,49;1141
2024-02-09;CAMP001;Finanças do Zero | Perpétuo | Conversão;CONVERSIONS;AS001;Público 25-35 | Interesses Finanças;AD001;Video_Depoimento_Joao_v1;Video;Depoimento;instagram;3755;71;18,46;0,26;4,92;1,907;2;0;194,00;10,51;2626;1,45;1261
2024-02-10;CAMP001;Finanças do Zero | Perpétuo | Conversão;CONVERSIONS;AS001;Público 25-35 | Interesses Finanças;AD001;Video_Depoimento_Joao_v1;Video;Depoimento;facebook;3716;68;19,98;0,29;5,38;1,855;2;0;194,00;9,71;2709;1,36;1140
2024-02-11;CAMP001;Finanças do Zero | Perpétuo | Conversão;CONVERSIONS;AS001;Público 25-35 | Interesses Finanças;AD001;Video_Depoimento_Joao_v1;Video;Depoimento;instagram;4535;85;24,15;0,28;5,33;1,878;2;0;194,00;8,03;3620;1,62;1308
2024-02-12;CAMP001;Finanças do Zero | Perpétuo | Conversão;CONVERSIONS;AS001;Público 25-35 | Interesses Finanças;AD001;Video_Depoimento_Joao_v1;Video;Depoimento;facebook;3278;62;20,02;0,32;6,11;1,895;2;0;194,00;9,69;2677;1,55;935
2024-02-13;CAMP001;Finanças do Zero | Perpétuo | Conversão;CONVERSIONS;AS001;Público 25-35 | Interesses Finanças;AD001;Video_Depoimento_Joao_v1;Video;Depoimento;facebook;4563;82;21,97;0,27;4,81;1,817;3;0;291,00;13,25;3503;1,42;1365
2024-02-14;CAMP001;Finanças do Zero | Perpétuo | Conversão;CONVERSIONS;AS001;Público 25-35 | Interesses Finanças;AD001;Video_Depoimento_Joao_v1;Video;Depoimento;facebook;4379;73;19,47;0,27;4,45;1,687;2;0;194,00;9,96;2957;1,44;1309
2024-02-15;CAMP001;Finanças do Zero | Perpétuo | Conversão;CONVERSIONS;AS001;Público 25-35 | Interesses Finanças;AD001;Video_Depoimento_Joao_v1;Video;Depoimento;instagram;4884;87;16,33;0,19;3,34;1,789;3;0;291,00;17,82;4071;1,27;1616
2024-02-16;CAMP001;Finanças do Zero | Perpétuo | Conversão;CONVERSIONS;AS001;Público 25-35 | Interesses Finanças;AD001;Video_Depoimento_Joao_v1;Video;Depoimento;instagram;5554;104;20,71;0,20;3,73;1,874;3;0;291,00;14,05;3786;1,62;1556
2024-02-17;CAMP001;Finanças do Zero | Perpétuo | Conversão;CONVERSIONS;AS001;Público 25-35 | Interesses Finanças;AD001;Video_Depoimento_Joao_v1;Video;Depoimento;facebook;4722;76;19,73;0,26;4,18;1,615;2;0;194,00;9,83;3847;1,25;1270
2024-02-18;CAMP001;Finanças do Zero | Perpétuo | Conversão;CONVERSIONS;AS001;Público 25-35 | Interesses Finanças;AD001;Video_Depoimento_Joao_v1;Video;Depoimento;instagram;4741;94;18,80;0,20;3,96;1,988;3;0;291,00;15,48;3818;1,38;1316
2024-02-19;CAMP001;Finanças do Zero | Perpétuo | Conversão;CONVERSIONS;AS001;Público 25-35 | Interesses Finanças;AD001;Video_Depoimento_Joao_v1;Video;Depoimento;facebook;3956;75;17,92;0,24;4,53;1,899;2;0;194,00;10,83;2654;1,67;1251
2024-02-20;CAMP001;Finanças do Zero | Perpétuo | Conversão;CONVERSIONS;AS001;Público 25-35 | Interesses Finanças;AD001;Video_Depoimento_Joao_v1;Video;Depoimento;facebook;3790;62;21,63;0,35;5,71;1,645;1;0;97,00;4,48;2803;1,38;1235
2024-02-21;CAMP001;Finanças do Zero | Perpétuo | Conversão;CONVERSIONS;AS001;Público 25-35 | Interesses Finanças;AD001;Video_Depoimento_Joao_v1;Video;Depoimento;facebook;4194;83;21,87;0,26;5,22;2,003;3;0;291,00;13,31;3074;1,60;1252
2024-02-22;CAMP001;Finanças do Zero | Perpétuo | Conversão;CONVERSIONS;AS001;Público 25-35 | Interesses Finanças;AD001;Video_Depoimento_Joao_v1;Video;Depoimento;instagram;5404;94;19,15;0,20;3,54;1,753;3;0;291,00;15,20;3978;1,56;1799
2024-02-23;CAMP001;Finanças do Zero | Perpétuo | Conversão;CONVERSIONS;AS001;Público 25-35 | Interesses Finanças;AD001;Video_Depoimento_Joao_v1;Video;Depoimento;facebook;5548;94;20,52;0,22;3,70;1,712;3;0;291,00;14,18;4408;1,44;1487
2024-02-24;CAMP001;Finanças do Zero | Perpétuo | Conversão;CONVERSIONS;AS001;Público 25-35 | Interesses Finanças;AD001;Video_Depoimento_Joao_v1;Video;Depoimento;facebook;5606;112;20,60;0,18;3,67;1,999;3;0;291,00;14,13;4381;1,22;1574
2024-02-25;CAMP001;Finanças do Zero | Perpétuo | Conversão;CONVERSIONS;AS001;Público 25-35 | Interesses Finanças;AD001;Video_Depoimento_Joao_v1;Video;Depoimento;instagram;5051;93;20,45;0,22;4,05;1,852;3;0;291,00;14,23;4183;1,45;1407
2024-02-26;CAMP001;Finanças do Zero | Perpétuo | Conversão;CONVERSIONS;AS001;Público 25-35 | Interesses Finanças;AD001;Video_Depoimento_Joao_v1;Video;Depoimento;facebook;4181;71;21,90;0,31;5,24;1,714;2;0;194,00;8,86;2766;1,54;1290
2024-02-27;CAMP001;Finanças do Zero | Perpétuo | Conversão;CONVERSIONS;AS001;Público 25-35 | Interesses Finanças;AD001;Video_Depoimento_Joao_v1;Video;Depoimento;facebook;3892;63;20,33;0,32;5,22;1,641;2;0;194,00;9,54;2827;1,16;1071
2024-02-28;CAMP001;Finanças do Zero | Perpétuo | Conversão;CONVERSIONS;AS001;Público 25-35 | Interesses Finanças;AD001;Video_Depoimento_Joao_v1;Video;Depoimento;instagram;5553;103;24,13;0,23;4,35;1,867;2;0;194,00;8,04;4596;1,58;1507
2024-02-29;CAMP001;Finanças do Zero | Perpétuo | Conversão;CONVERSIONS;AS001;Público 25-35 | Interesses Finanças;AD001;Video_Depoimento_Joao_v1;Video;Depoimento;instagram;4924;81;23,08;0,28;4,69;1,651;2;0;194,00;8,41;3430;1,24;1524
2024-03-01;CAMP001;Finanças do Zero | Perpétuo | Conversão;CONVERSIONS;AS001;Público 25-35 | Interesses Finanças;AD001;Video_Depoimento_Joao_v1;Video;Depoimento;facebook;10733;174;46,29;0,27;4,31;1,624;9;0;873,00;18,86;7728;1,27;2934
2024-03-02;CAMP001;Finanças do Zero | Perpétuo | Conversão;CONVERSIONS;AS001;Público 25-35 | Interesses Finanças;AD001;Video_Depoimento_Joao_v1;Video;Depoimento;facebook;9975;182;54,12;0,30;5,43;1,826;8;0;776,00;14,34;7563;1,65;3232
2024-03-03;CAMP001;Finanças do Zero | Perpétuo | Conversão;CONVERSIONS;AS001;Público 25-35 | Interesses Finanças;AD001;Video_Depoimento_Joao_v1;Video;Depoimento;instagram;8629;170;46,41;0,27;5,38;1,972;10;0;970,00;20,90;6021;1,60;2433
2024-03-04;CAMP001;Finanças do Zero | Perpétuo | Conversão;CONVERSIONS;AS001;Público 25-35 | Interesses Finanças;AD001;Video_Depoimento_Joao_v1;Video;Depoimento;facebook;12713;235;44,10;0,19;3,47;1,852;11;0;1067,00;24,20;10624;1,64;4098
2024-03-05;CAMP001;Finanças do Zero | Perpétuo | Conversão;CONVERSIONS;AS001;Público 25-35 | Interesses Finanças;AD001;Video_Depoimento_Joao_v1;Video;Depoimento;facebook;11141;221;55,45;0,25;4,98;1,986;13;0;1261,00;22,74;7888;1,60;3572
2024-03-06;CAMP001;Finanças do Zero | Perpétuo | Conversão;CONVERSIONS;AS001;Público 25-35 | Interesses Finanças;AD001;Video_Depoimento_Joao_v1;Video;Depoimento;facebook;15002;290;48,25;0,17;3,22;1,937;15;0;1455,00;30,16;10503;1,29;4673
2024-03-07;CAMP001;Finanças do Zero | Perpétuo | Conversão;CONVERSIONS;AS001;Público 25-35 | Interesses Finanças;AD001;Video_Depoimento_Joao_v1;Video;Depoimento;instagram;11337;196;64,82;0,33;5,72;1,736;11;0;1067,00;16,46;9399;1,50;3087
2024-03-08;CAMP001;Finanças do Zero | Perpétuo | Conversão;CONVERSIONS;AS001;Público 25-35 | Interesses Finanças;AD001;Video_Depoimento_Joao_v1;Video;Depoimento;instagram;16823;274;72,23;0,26;4,29;1,631;14;0;1358,00;18,80;12424;1,53;5633
2024-03-09;CAMP001;Finanças do Zero | Perpétuo | Conversão;CONVERSIONS;AS001;Público 25-35 | Interesses Finanças;AD001;Video_Depoimento_Joao_v1;Video;Depoimento;facebook;17266;306;61,55;0,20;3,56;1,772;17;0;1649,00;26,79;12527;1,57;4645
2024-03-10;CAMP001;Finanças do Zero | Perpétuo | Conversão;CONVERSIONS;AS001;Público 25-35 | Interesses Finanças;AD001;Video_Depoimento_Joao_v1;Video;Depoimento;instagram;17774;336;94,64;0,28;5,32;1,895;17;0;1649,00;17,42;12774;1,29;5584
2024-03-11;CAMP001;Finanças do Zero | Perpétuo | Conversão;CONVERSIONS;AS001;Público 25-35 | Interesses Finanças;AD001;Video_Depoimento_Joao_v1;Video;Depoimento;instagram;19283;367;90,43;0,25;4,69;1,907;17;0;1649,00;18,24;14628;1,44;5091
2024-03-12;CAMP001;Finanças do Zero | Perpétuo | Conversão;CONVERSIONS;AS001;Público 25-35 | Interesses Finanças;AD001;Video_Depoimento_Joao_v1;Video;Depoimento;instagram;21376;381;97,55;0,26;4,56;1,785;20;0;1940,00;19,89;17162;1,24;7120
2024-03-13;CAMP001;Finanças do Zero | Perpétuo | Conversão;CONVERSIONS;AS001;Público 25-35 | Interesses Finanças;AD001;Video_Depoimento_Joao_v1;Video;Depoimento;facebook;25846;478;115,23;0,24;4,46;1,852;22;0;2134,00;18,52;20188;1,65;7241
2024-03-14;CAMP001;Finanças do Zero | Perpétuo | Conversão;CONVERSIONS;AS001;Público 25-35 | Interesses Finanças;AD001;Video_Depoimento_Joao_v1;Video;Depoimento;facebook;17271;336;100,24;0,30;5,80;1,951;15;0;1455,00;14,52;13632;1,35;5037
2024-03-15;CAMP001;Finanças do Zero | Perpétuo | Conversão;CONVERSIONS;AS001;Público 25-35 | Interesses Finanças;AD001;Video_Depoimento_Joao_v1;Video;Depoimento;facebook;21848;427;117,47;0,28;5,38;1,956;27;0;2619,00;22,30;15111;1,56;7274
2024-03-16;CAMP001;Finanças do Zero | Perpétuo | Conversão;CONVERSIONS;AS001;Público 25-35 | Interesses Finanças;AD001;Video_Depoimento_Joao_v1;Video;Depoimento;instagram;18981;338;118,29;0,35;6,23;1,781;21;0;2037,00;17,22;15773;1,49;6229
2024-03-17;CAMP001;Finanças do Zero | Perpétuo | Conversão;CONVERSIONS;AS001;Público 25-35 | Interesses Finanças;AD001;Video_Depoimento_Joao_v1;Video;Depoimento;instagram;27179;494;116,31;0,24;4,28;1,821;32;0;3104,00;26,69;20139;1,54;8646
2024-03-18;CAMP001;Finanças do Zero | Perpétuo | Conversão;CONVERSIONS;AS001;Público 25-35 | Interesses Finanças;AD001;Video_Depoimento_Joao_v1;Video;Depoimento;facebook;23755;400;106,82;0,27;4,50;1,687;21;0;2037,00;19,07;16840;1,52;6818
2024-03-19;CAMP001;Finanças do Zero | Perpétuo | Conversão;CONVERSIONS;AS001;Público 25-35 | Interesses Finanças;AD001;Video_Depoimento_Joao_v1;Video;Depoimento;instagram;16830;317;97,13;0,31;5,77;1,889;14;0;1358,00;13,98;12367;1,35;4693
2024-03-20;CAMP001;Finanças do Zero | Perpétuo | Conversão;CONVERSIONS;AS001;Público 25-35 | Interesses Finanças;AD001;Video_Depoimento_Joao_v1;Video;Depoimento;facebook;22743;444;86,29;0,19;3,79;1,954;27;0;2619,00;30,35;18869;1,33;6493
2024-03-21;CAMP001;Finanças do Zero | Perpétuo | Conversão;CONVERSIONS;AS001;Público 25-35 | Interesses Finanças;AD001;Video_Depoimento_Joao_v1;Video;Depoimento;instagram;21556;409;74,80;0,18;3,47;1,901;25;0;2425,00;32,42;15078;1,62;6367
2024-03-22;CAMP001;Finanças do Zero | Perpétuo | Conversão;CONVERSIONS;AS001;Público 25-35 | Interesses Finanças;AD001;Video_Depoimento_Joao_v1;Video;Depoimento;facebook;13589;224;59,60;0,27;4,39;1,655;12;0;1164,00;19,53;11187;1,19;4166
2024-03-23;CAMP001;Finanças do Zero | Perpétuo | Conversão;CONVERSIONS;AS001;Público 25-35 | Interesses Finanças;AD001;Video_Depoimento_Joao_v1;Video;Depoimento;instagram;11996;199;70,49;0,35;5,88;1,663;10;0;970,00;13,76;8623;1,30;3824
2024-03-24;CAMP001;Finanças do Zero | Perpétuo | Conversão;CONVERSIONS;AS001;Público 25-35 | Interesses Finanças;AD001;Video_Depoimento_Joao_v1;Video;Depoimento;instagram;15266;247;52,11;0,21;3,41;1,619;11;0;1067,00;20,48;10691;1,42;4105
2024-03-25;CAMP001;Finanças do Zero | Perpétuo | Conversão;CONVERSIONS;AS001;Público 25-35 | Interesses Finanças;AD001;Video_Depoimento_Joao_v1;Video;Depoimento;instagram;9593;186;55,18;0,30;5,75;1,947;10;0;970,00;17,58;7487;1,25;2922
2024-03-26;CAMP001;Finanças do Zero | Perpétuo | Conversão;CONVERSIONS;AS001;Público 25-35 | Interesses Finanças;AD001;Video_Depoimento_Joao_v1;Video;Depoimento;facebook;12365;228;42,79;0,19;3,46;1,846;14;0;1358,00;31,74;10308;1,18;3360
2024-03-27;CAMP001;Finanças do Zero | Perpétuo | Conversão;CONVERSIONS;AS001;Público 25-35 | Interesses Finanças;AD001;Video_Depoimento_Joao_v1;Video;Depoimento;facebook;9308;163;46,92;0,29;5,04;1,755;9;0;873,00;18,61;6314;1,16;2975
2024-03-28;CAMP001;Finanças do Zero | Perpétuo | Conversão;CONVERSIONS;AS001;Público 25-35 | Interesses Finanças;AD001;Video_Depoimento_Joao_v1;Video;Depoimento;instagram;10939;210;55,96;0,27;5,12;1,922;11;0;1067,00;19,07;7355;1,36;3397
2024-03-29;CAMP001;Finanças do Zero | Perpétuo | Conversão;CONVERSIONS;AS001;Público 25-35 | Interesses Finanças;AD001;Video_Depoimento_Joao_v1;Video;Depoimento;facebook;8861;154;39,37;0,26;4,44;1,740;9;0;873,00;22,17;6542;1,38;2807
2024-03-30;CAMP001;Finanças do Zero | Perpétuo | Conversão;CONVERSIONS;AS001;Público 25-35 | Interesses Finanças;AD001;Video_Depoimento_Joao_v1;Video;Depoimento;instagram;11056;198;50,19;0,25;4,54;1,793;10;0;970,00;19,33;7938;1,53;3114
2024-03-31;CAMP001;Finanças do Zero | Perpétuo | Conversão;CONVERSIONS;AS001;Público 25-35 | Interesses Finanças;AD001;Video_Depoimento_Joao_v1;Video;Depoimento;instagram;10071;184;51,97;0,28;5,16;1,830;10;0;970,00;18,66;8189;1,31;2790
2024-04-01;CAMP001;Finanças do Zero | Perpétuo | Conversão;CONVERSIONS;AS001;Público 25-35 | Interesses Finanças;AD001;Video_Depoimento_Joao_v1;Video;Depoimento;facebook;4790;90;20,93;0,23;4,37;1,887;2;0;194,00;9,27;3235;1,13;1512
2024-04-02;CAMP001;Finanças do Zero | Perpétuo | Conversão;CONVERSIONS;AS001;Público 25-35 | Interesses Finanças;AD001;Video_Depoimento_Joao_v1;Video;Depoimento;facebook;5495;98;21,26;0,22;3,87;1,796;3;0;291,00;13,69;4026;1,17;1546
2024-04-03;CAMP001;Finanças do Zero | Perpétuo | Conversão;CONVERSIONS;AS001;Público 25-35 | Interesses Finanças;AD001;Video_Depoimento_Joao_v1;Video;Depoimento;instagram;4703;94;20,61;0,22;4,38;2,015;3;0;291,00;14,12;3333;1,32;1326
2024-04-04;CAMP001;Finanças do Zero | Perpétuo | Conversão;CONVERSIONS;AS001;Público 25-35 | Interesses Finanças;AD001;Video_Depoimento_Joao_v1;Video;Depoimento;instagram;3390;64;18,89;0,30;5,57;1,913;1;0;97,00;5,13;2406;1,24;1038
2024-04-05;CAMP001;Finanças do Zero | Perpétuo | Conversão;CONVERSIONS;AS001;Público 25-35 | Interesses Finanças;AD001;Video_Depoimento_Joao_v1;Video;Depoimento;facebook;5850;100;23,63;0,24;4,04;1,712;3;0;291,00;12,31;4149;1,29;1954
2024-04-06;CAMP001;Finanças do Zero | Perpétuo | Conversão;CONVERSIONS;AS001;Público 25-35 | Interesses Finanças;AD001;Video_Depoimento_Joao_v1;Video;Depoimento;instagram;5217;93;24,98;0,27;4,79;1,796;3;0;291,00;11,65;3892;1,44;1505
2024-04-07;CAMP001;Finanças do Zero | Perpétuo | Conversão;CONVERSIONS;AS001;Público 25-35 | Interesses Finanças;AD001;Video_Depoimento_Joao_v1;Video;Depoimento;facebook;5619;90;22,86;0,25;4,07;1,612;3;0;291,00;12,73;3861;1,44;1811
2024-04-08;CAMP001;Finanças do Zero | Perpétuo | Conversão;CONVERSIONS;AS001;Público 25-35 | Interesses Finanças;AD001;Video_Depoimento_Joao_v1;Video;Depoimento;instagram;4042;71;23,14;0,33;5,72;1,764;2;0;194,00;8,38;2995;1,47;1195
2024-04-09;CAMP001;Finanças do Zero | Perpétuo | Conversão;CONVERSIONS;AS001;Público 25-35 | Interesses Finanças;AD001;Video_Depoimento_Joao_v1;Video;Depoimento;facebook;5952;109;23,03;0,21;3,87;1,847;4;0;388,00;16,85;4598;1,65;1684
2024-04-10;CAMP001;Finanças do Zero | Perpétuo | Conversão;CONVERSIONS;AS001;Público 25-35 | Interesses Finanças;AD001;Video_Depoimento_Joao_v1;Video;Depoimento;facebook;3826;67;17,00;0,25;4,44;1,760;2;0;194,00;11,41;2684;1,38;1204
2024-04-11;CAMP001;Finanças do Zero | Perpétuo | Conversão;CONVERSIONS;AS001;Público 25-35 | Interesses Finanças;AD001;Video_Depoimento_Joao_v1;Video;Depoimento;facebook;5088;97;23,80;0,25;4,68;1,924;3;0;291,00;12,23;3747;1,49;1542
2024-04-12;CAMP001;Finanças do Zero | Perpétuo | Conversão;CONVERSIONS;AS001;Público 25-35 | Interesses Finanças;AD001;Video_Depoimento_Joao_v1;Video;Depoimento;instagram;6229;103;19,14;0,19;3,07;1,656;3;0;291,00;15,20;4603;1,54;1854
2024-04-13;CAMP001;Finanças do Zero | Perpétuo | Conversão;CONVERSIONS;AS001;Público 25-35 | Interesses Finanças;AD001;Video_Depoimento_Joao_v1;Video;Depoimento;instagram;4496;79;21,80;0,28;4,85;1,773;2;0;194,00;8,90;3455;1,62;1195
2024-04-14;CAMP001;Finanças do Zero | Perpétuo | Conversão;CONVERSIONS;AS001;Público 25-35 | Interesses Finanças;AD001;Video_Depoimento_Joao_v1;Video;Depoimento;facebook;5695;90;21,63;0,24;3,80;1,593;3;0;291,00;13,45;4540;1,58;1575
2024-04-15;CAMP001;Finanças do Zero | Perpétuo | Conversão;CONVERSIONS;AS001;Público 25-35 | Interesses Finanças;AD001;Video_Depoimento_Joao_v1;Video;Depoimento;instagram;4392;77;23,16;0,30;5,27;1,772;3;0;291,00;12,56;3173;1,66;1264
2024-04-16;CAMP001;Finanças do Zero | Perpétuo | Conversão;CONVERSIONS;AS001;Público 25-35 | Interesses Finanças;AD001;Video_Depoimento_Joao_v1;Video;Depoimento;facebook;5465;93;22,44;0,24;4,11;1,709;3;0;291,00;12,97;4054;1,58;1566
2024-04-17;CAMP001;Finanças do Zero | Perpétuo | Conversão;CONVERSIONS;AS001;Público 25-35 | Interesses Finanças;AD001;Video_Depoimento_Joao_v1;Video;Depoimento;instagram;5338;107;19,80;0,19;3,71;2,011;3;0;291,00;14,70;3575;1,42;1608
2024-04-18;CAMP001;Finanças do Zero | Perpétuo | Conversão;CONVERSIONS;AS001;Público 25-35 | Interesses Finanças;AD001;Video_Depoimento_Joao_v1;Video;Depoimento;instagram;4806;81;18,92;0,23;3,94;1,699;2;0;194,00;10,25;3277;1,28;1605
2024-04-19;CAMP001;Finanças do Zero | Perpétuo | Conversão;CONVERSIONS;AS001;Público 25-35 | Interesses Finanças;AD001;Video_Depoimento_Joao_v1;Video;Depoimento;facebook;3957;72;21,40;0,30;5,41;1,823;2;0;194,00;9,07;2940;1,68;1078
2024-04-20;CAMP001;Finanças do Zero | Perpétuo | Conversão;CONVERSIONS;AS001;Público 25-35 | Interesses Finanças;AD001;Video_Depoimento_Joao_v1;Video;Depoimento;facebook;5915;100;24,52;0,25;4,15;1,702;3;0;291,00;11,87;4390;1,67;1623
2024-04-21;CAMP001;Finanças do Zero | Perpétuo | Conversão;CONVERSIONS;AS001;Público 25-35 | Interesses Finanças;AD001;Video_Depoimento_Joao_v1;Video;Depoimento;instagram;5330;86;19,15;0,22;3,59;1,614;3;0;291,00;15,20;4414;1,60;1601
2024-04-22;CAMP001;Finanças do Zero | Perpétuo | Conversão;CONVERSIONS;AS001;Público 25-35 | Interesses Finanças;AD001;Video_Depoimento_Joao_v1;Video;Depoimento;instagram;4397;88;22,65;0,26;5,15;2,016;3;0;291,00;12,85;3175;1,20;1335
2024-04-23;CAMP001;Finanças do Zero | Perpétuo | Conversão;CONVERSIONS;AS001;Público 25-35 | Interesses Finanças;AD001;Video_Depoimento_Joao_v1;Video;Depoimento;instagram;4493;84;19,26;0,23;4,29;1,885;3;0;291,00;15,11;3000;1,25;1427
2024-04-24;CAMP001;Finanças do Zero | Perpétuo | Conversão;CONVERSIONS;AS001;Público 25-35 | Interesses Finanças;AD001;Video_Depoimento_Joao_v1;Video;Depoimento;facebook;5490;106;22,46;0,21;4,09;1,939;4;0;388,00;17,28;3748;1,40;1830
2024-04-25;CAMP001;Finanças do Zero | Perpétuo | Conversão;CONVERSIONS;AS001;Público 25-35 | Interesses Finanças;AD001;Video_Depoimento_Joao_v1;Video;Depoimento;facebook;4068;80;17,87;0,22;4,39;1,977;2;0;194,00;10,86;2739;1,20;1302
2024-04-26;CAMP001;Finanças do Zero | Perpétuo | Conversão;CONVERSIONS;AS001;Público 25-35 | Interesses Finanças;AD001;Video_Depoimento_Joao_v1;Video;Depoimento;instagram;4594;79;17,48;0,22;3,81;1,726;2;0;194,00;11,10;3550;1,42;1506
2024-04-27;CAMP001;Finanças do Zero | Perpétuo | Conversão;CONVERSIONS;AS001;Público 25-35 | Interesses Finanças;AD001;Video_Depoimento_Joao_v1;Video;Depoimento;facebook;5438;102;21,16;0,21;3,89;1,880;3;0;291,00;13,75;4013;1,25;1474
2024-04-28;CAMP001;Finanças do Zero | Perpétuo | Conversão;CONVERSIONS;AS001;Público 25-35 | Interesses Finanças;AD001;Video_Depoimento_Joao_v1;Video;Depoimento;instagram;6165;121;24,48;0,20;3,97;1,974;3;0;291,00;11,89;4466;1,57;1818
2024-04-29;CAMP001;Finanças do Zero | Perpétuo | Conversão;CONVERSIONS;AS001;Público 25-35 | Interesses Finanças;AD001;Video_Depoimento_Joao_v1;Video;Depoimento;facebook;4463;74;17,85;0,24;4,00;1,660;2;0;194,00;10,87;3345;1,33;1365
2024-04-30;CAMP001;Finanças do Zero | Perpétuo | Conversão;CONVERSIONS;AS001;Público 25-35 | Interesses Finanças;AD001;Video_Depoimento_Joao_v1;Video;Depoimento;facebook;4653;91;20,05;0,22;4,31;1,972;3;0;291,00;14,51;3132;1,28;1545
2024-05-01;CAMP001;Finanças do Zero | Perpétuo | Conversão;CONVERSIONS;AS001;Público 25-35 | Interesses Finanças;AD001;Video_Depoimento_Joao_v1;Video;Depoimento;instagram;5444;96;24,41;0,25;4,48;1,781;3;0;291,00;11,92;3697;1,68;1586
2024-05-02;CAMP001;Finanças do Zero | Perpétuo | Conversão;CONVERSIONS;AS001;Público 25-35 | Interesses Finanças;AD001;Video_Depoimento_Joao_v1;Video;Depoimento;facebook;4434;86;17,88;0,21;4,03;1,943;2;0;194,00;10,85;3653;1,12;1408
2024-05-03;CAMP001;Finanças do Zero | Perpétuo | Conversão;CONVERSIONS;AS001;Público 25-35 | Interesses Finanças;AD001;Video_Depoimento_Joao_v1;Video;Depoimento;instagram;6504;125;21,11;0,17;3,25;1,930;3;0;291,00;13,78;5086;1,23;2054
2024-05-04;CAMP001;Finanças do Zero | Perpétuo | Conversão;CONVERSIONS;AS001;Público 25-35 | Interesses Finanças;AD001;Video_Depoimento_Joao_v1;Video;Depoimento;instagram;6491;120;26,18;0,22;4,03;1,863;3;0;291,00;11,12;5139;1,37;1755
2024-05-05;CAMP001;Finanças do Zero | Perpétuo | Conversão;CONVERSIONS;AS001;Público 25-35 | Interesses Finanças;AD001;Video_Depoimento_Joao_v1;Video;Depoimento;instagram;5135;93;19,93;0,21;3,88;1,817;3;0;291,00;14,60;4156;1,42;1450
2024-05-06;CAMP001;Finanças do Zero | Perpétuo | Conversão;CONVERSIONS;AS001;Público 25-35 | Interesses Finanças;AD001;Video_Depoimento_Joao_v1;Video;Depoimento;facebook;5518;95;23,86;0,25;4,32;1,730;2;0;194,00;8,13;4390;1,66;1546
2024-05-07;CAMP001;Finanças do Zero | Perpétuo | Conversão;CONVERSIONS;AS001;Público 25-35 | Interesses Finanças;AD001;Video_Depoimento_Joao_v1;Video;Depoimento;instagram;5257;95;23,59;0,25;4,49;1,825;2;0;194,00;8,22;3977;1,34;1559
2024-05-08;CAMP001;Finanças do Zero | Perpétuo | Conversão;CONVERSIONS;AS001;Público 25-35 | Interesses Finanças;AD001;Video_Depoimento_Joao_v1;Video;Depoimento;facebook;5490;109;23,45;0,22;4,27;1,990;3;0;291,00;12,41;4235;1,25;1822
2024-05-09;CAMP001;Finanças do Zero | Perpétuo | Conversão;CONVERSIONS;AS001;Público 25-35 | Interesses Finanças;AD001;Video_Depoimento_Joao_v1;Video;Depoimento;facebook;5000;89;20,69;0,23;4,14;1,785;3;0;291,00;14,06;3425;1,48;1660
2024-05-10;CAMP001;Finanças do Zero | Perpétuo | Conversão;CONVERSIONS;AS001;Público 25-35 | Interesses Finanças;AD001;Video_Depoimento_Joao_v1;Video;Depoimento;instagram;4125;67;21,77;0,32;5,28;1,643;2;0;194,00;8,91;3158;1,50;1304
2024-05-11;CAMP001;Finanças do Zero | Perpétuo | Conversão;CONVERSIONS;AS001;Público 25-35 | Interesses Finanças;AD001;Video_Depoimento_Joao_v1;Video;Depoimento;facebook;6659;132;25,81;0,20;3,88;1,990;4;0;388,00;15,03;4926;1,51;2213
2024-05-12;CAMP001;Finanças do Zero | Perpétuo | Conversão;CONVERSIONS;AS001;Público 25-35 | Interesses Finanças;AD001;Video_Depoimento_Joao_v1;Video;Depoimento;facebook;4950;99;25,22;0,25;5,09;2,006;3;0;291,00;11,54;4129;1,34;1645
2024-05-13;CAMP001;Finanças do Zero | Perpétuo | Conversão;CONVERSIONS;AS001;Público 25-35 | Interesses Finanças;AD001;Video_Depoimento_Joao_v1;Video;Depoimento;facebook;3966;79;23,28;0,29;5,87;2,004;2;0;194,00;8,33;3179;1,31;1105
2024-05-14;CAMP001;Finanças do Zero | Perpétuo | Conversão;CONVERSIONS;AS001;Público 25-35 | Interesses Finanças;AD001;Video_Depoimento_Joao_v1;Video;Depoimento;facebook;5419;91;24,25;0,27;4,47;1,685;3;0;291,00;12,00;3846;1,56;1814
2024-05-15;CAMP001;Finanças do Zero | Perpétuo | Conversão;CONVERSIONS;AS001;Público 25-35 | Interesses Finanças;AD001;Video_Depoimento_Joao_v1;Video;Depoimento;facebook;5854;114;21,16;0,19;3,61;1,958;3;0;291,00;13,75;4484;1,32;1552
2024-05-16;CAMP001;Finanças do Zero | Perpétuo | Conversão;CONVERSIONS;AS001;Público 25-35 | Interesses Finanças;AD001;Video_Depoimento_Joao_v1;Video;Depoimento;facebook;3728;60;17,89;0,30;4,80;1,611;2;0;194,00;10,84;2763;1,32;1043
2024-05-17;CAMP001;Finanças do Zero | Perpétuo | Conversão;CONVERSIONS;AS001;Público 25-35 | Interesses Finanças;AD001;Video_Depoimento_Joao_v1;Video;Depoimento;instagram;5960;102;22,30;0,22;3,74;1,714;3;0;291,00;13,05;4842;1,14;1756
2024-05-18;CAMP001;Finanças do Zero | Perpétuo | Conversão;CONVERSIONS;AS001;Público 25-35 | Interesses Finanças;AD001;Video_Depoimento_Joao_v1;Video;Depoimento;instagram;5161;88;22,82;0,26;4,42;1,723;2;0;194,00;8,50;3760;1,19;1584
2024-05-19;CAMP001;Finanças do Zero | Perpétuo | Conversão;CONVERSIONS;AS001;Público 25-35 | Interesses Finanças;AD001;Video_Depoimento_Joao_v1;Video;Depoimento;facebook;4955;80;23,40;0,29;4,72;1,633;2;0;194,00;8,29;3653;1,61;1624
2024-05-20;CAMP001;Finanças do Zero | Perpétuo | Conversão;CONVERSIONS;AS001;Público 25-35 | Interesses Finanças;AD001;Video_Depoimento_Joao_v1;Video;Depoimento;facebook;5247;90;21,60;0,24;4,12;1,719;2;0;194,00;8,98;4111;1,26;1564
2024-05-21;CAMP001;Finanças do Zero | Perpétuo | Conversão;CONVERSIONS;AS001;Público 25-35 | Interesses Finanças;AD001;Video_Depoimento_Joao_v1;Video;Depoimento;instagram;3495;60;19,96;0,33;5,71;1,745;1;0;97,00;4,86;2728;1,15;1026
2024-05-22;CAMP001;Finanças do Zero | Perpétuo | Conversão;CONVERSIONS;AS001;Público 25-35 | Interesses Finanças;AD001;Video_Depoimento_Joao_v1;Video;Depoimento;facebook;6127;98;25,05;0,26;4,09;1,606;3;0;291,00;11,62;4681;1,29;1711
2024-05-23;CAMP001;Finanças do Zero | Perpétuo | Conversão;CONVERSIONS;AS001;Público 25-35 | Interesses Finanças;AD001;Video_Depoimento_Joao_v1;Video;Depoimento;instagram;3977;69;23,48;0,34;5,90;1,743;2;0;194,00;8,26;3229;1,44;1328
2024-05-24;CAMP001;Finanças do Zero | Perpétuo | Conversão;CONVERSIONS;AS001;Público 25-35 | Interesses Finanças;AD001;Video_Depoimento_Joao_v1;Video;Depoimento;facebook;5615;111;19,94;0,18;3,55;1,985;4;0;388,00;19,46;3982;1,27;1790
2024-05-25;CAMP001;Finanças do Zero | Perpétuo | Conversão;CONVERSIONS;AS001;Público 25-35 | Interesses Finanças;AD001;Video_Depoimento_Joao_v1;Video;Depoimento;facebook;5029;93;23,15;0,25;4,60;1,868;2;0;194,00;8,38;3402;1,53;1519
2024-05-26;CAMP001;Finanças do Zero | Perpétuo | Conversão;CONVERSIONS;AS001;Público 25-35 | Interesses Finanças;AD001;Video_Depoimento_Joao_v1;Video;Depoimento;facebook;4613;79;21,30;0,27;4,62;1,724;3;0;291,00;13,66;3173;1,45;1468
2024-05-27;CAMP001;Finanças do Zero | Perpétuo | Conversão;CONVERSIONS;AS001;Público 25-35 | Interesses Finanças;AD001;Video_Depoimento_Joao_v1;Video;Depoimento;facebook;3459;63;18,30;0,29;5,29;1,846;2;0;194,00;10,60;2497;1,24;940
2024-05-28;CAMP001;Finanças do Zero | Perpétuo | Conversão;CONVERSIONS;AS001;Público 25-35 | Interesses Finanças;AD001;Video_Depoimento_Joao_v1;Video;Depoimento;facebook;5249;88;20,79;0,24;3,96;1,679;3;0;291,00;14,00;3749;1,15;1465
2024-05-29;CAMP001;Finanças do Zero | Perpétuo | Conversão;CONVERSIONS;AS001;Público 25-35 | Interesses Finanças;AD001;Video_Depoimento_Joao_v1;Video;Depoimento;facebook;3760;71;16,83;0,24;4,48;1,907;2;0;194,00;11,53;2820;1,33;1218
2024-05-30;CAMP001;Finanças do Zero | Perpétuo | Conversão;CONVERSIONS;AS001;Público 25-35 | Interesses Finanças;AD001;Video_Depoimento_Joao_v1;Video;Depoimento;instagram;4564;72;19,97;0,28;4,38;1,592;2;0;194,00;9,71;3483;1,60;1438
2024-05-31;CAMP001;Finanças do Zero | Perpétuo | Conversão;CONVERSIONS;AS001;Público 25-35 | Interesses Finanças;AD001;Video_Depoimento_Joao_v1;Video;Depoimento;instagram;3472;67;19,63;0,29;5,65;1,930;2;0;194,00;9,88;2346;1,59;1127
2024-06-01;CAMP001;Finanças do Zero | Perpétuo | Conversão;CONVERSIONS;AS001;Público 25-35 | Interesses Finanças;AD001;Video_Depoimento_Joao_v1;Video;Depoimento;facebook;5257;90;21,34;0,24;4,06;1,718;2;0;194,00;9,09;3541;1,31;1627
2024-06-02;CAMP001;Finanças do Zero | Perpétuo | Conversão;CONVERSIONS;AS001;Público 25-35 | Interesses Finanças;AD001;Video_Depoimento_Joao_v1;Video;Depoimento;facebook;4994;99;22,65;0,23;4,54;1,998;3;0;291,00;12,85;3427;1,20;1389
2024-06-03;CAMP001;Finanças do Zero | Perpétuo | Conversão;CONVERSIONS;AS001;Público 25-35 | Interesses Finanças;AD001;Video_Depoimento_Joao_v1;Video;Depoimento;instagram;5768;110;20,04;0,18;3,47;1,918;3;0;291,00;14,52;4514;1,54;1889
2024-06-04;CAMP001;Finanças do Zero | Perpétuo | Conversão;CONVERSIONS;AS001;Público 25-35 | Interesses Finanças;AD001;Video_Depoimento_Joao_v1;Video;Depoimento;instagram;5850;100;24,41;0,24;4,17;1,721;3;0;291,00;11,92;4699;1,38;1793
2024-06-05;CAMP001;Finanças do Zero | Perpétuo | Conversão;CONVERSIONS;AS001;Público 25-35 | Interesses Finanças;AD001;Video_Depoimento_Joao_v1;Video;Depoimento;facebook;3796;66;18,18;0,28;4,79;1,743;2;0;194,00;10,67;2925;1,48;1140
2024-06-06;CAMP001;Finanças do Zero | Perpétuo | Conversão;CONVERSIONS;AS001;Público 25-35 | Interesses Finanças;AD001;Video_Depoimento_Joao_v1;Video;Depoimento;instagram;5292;94;23,01;0,24;4,35;1,778;3;0;291,00;12,65;4069;1,49;1588
2024-06-07;CAMP001;Finanças do Zero | Perpétuo | Conversão;CONVERSIONS;AS001;Público 25-35 | Interesses Finanças;AD001;Video_Depoimento_Joao_v1;Video;Depoimento;facebook;5690;114;25,43;0,22;4,47;2,008;3;0;291,00;11,44;4009;1,48;1681
2024-06-08;CAMP001;Finanças do Zero | Perpétuo | Conversão;CONVERSIONS;AS001;Público 25-35 | Interesses Finanças;AD001;Video_Depoimento_Joao_v1;Video;Depoimento;facebook;4900;83;22,28;0,27;4,55;1,706;2;0;194,00;8,71;3930;1,31;1521
2024-06-09;CAMP001;Finanças do Zero | Perpétuo | Conversão;CONVERSIONS;AS001;Público 25-35 | Interesses Finanças;AD001;Video_Depoimento_Joao_v1;Video;Depoimento;facebook;4127;78;19,81;0,25;4,80;1,897;2;0;194,00;9,79;2971;1,63;1262
2024-06-10;CAMP001;Finanças do Zero | Perpétuo | Conversão;CONVERSIONS;AS001;Público 25-35 | Interesses Finanças;AD001;Video_Depoimento_Joao_v1;Video;Depoimento;instagram;4632;81;20,30;0,25;4,38;1,753;2;0;194,00;9,56;3523;1,65;1437
2024-06-11;CAMP001;Finanças do Zero | Perpétuo | Conversão;CONVERSIONS;AS001;Público 25-35 | Interesses Finanças;AD001;Video_Depoimento_Joao_v1;Video;Depoimento;instagram;4109;82;22,51;0,27;5,48;2,015;3;0;291,00;12,93;3088;1,17;1090
2024-06-12;CAMP001;Finanças do Zero | Perpétuo | Conversão;CONVERSIONS;AS001;Público 25-35 | Interesses Finanças;AD001;Video_Depoimento_Joao_v1;Video;Depoimento;instagram;5353;89;21,52;0,24;4,02;1,667;3;0;291,00;13,52;4346;1,21;1452
2024-06-13;CAMP001;Finanças do Zero | Perpétuo | Conversão;CONVERSIONS;AS001;Público 25-35 | Interesses Finanças;AD001;Video_Depoimento_Joao_v1;Video;Depoimento;instagram;6497;112;20,07;0,18;3,09;1,729;4;0;388,00;19,33;4468;1,19;1799
2024-06-14;CAMP001;Finanças do Zero | Perpétuo | Conversão;CONVERSIONS;AS001;Público 25-35 | Interesses Finanças;AD001;Video_Depoimento_Joao_v1;Video;Depoimento;instagram;5898;94;23,36;0,25;3,96;1,603;3;0;291,00;12,46;4540;1,52;1876
2024-06-15;CAMP001;Finanças do Zero | Perpétuo | Conversão;CONVERSIONS;AS001;Público 25-35 | Interesses Finanças;AD001;Video_Depoimento_Joao_v1;Video;Depoimento;instagram;4749;91;27,69;0,30;5,83;1,923;3;0;291,00;10,51;3528;1,23;1350
2024-06-16;CAMP001;Finanças do Zero | Perpétuo | Conversão;CONVERSIONS;AS001;Público 25-35 | Interesses Finanças;AD001;Video_Depoimento_Joao_v1;Video;Depoimento;instagram;5863;113;24,38;0,22;4,16;1,930;3;0;291,00;11,94;4792;1,26;1781
2024-06-17;CAMP001;Finanças do Zero | Perpétuo | Conversão;CONVERSIONS;AS001;Público 25-35 | Interesses Finanças;AD001;Video_Depoimento_Joao_v1;Video;Depoimento;facebook;5501;105;18,19;0,17;3,31;1,914;3;0;291,00;16,00;4453;1,63;1488
2024-06-18;CAMP001;Finanças do Zero | Perpétuo | Conversão;CONVERSIONS;AS001;Público 25-35 | Interesses Finanças;AD001;Video_Depoimento_Joao_v1;Video;Depoimento;instagram;6656;117;25,69;0,22;3,86;1,763;3;0;291,00;11,33;5584;1,33;1936
2024-06-19;CAMP001;Finanças do Zero | Perpétuo | Conversão;CONVERSIONS;AS001;Público 25-35 | Interesses Finanças;AD001;Video_Depoimento_Joao_v1;Video;Depoimento;instagram;5551;106;19,48;0,18;3,51;1,926;3;0;291,00;14,94;4359;1,28;1520
2024-06-20;CAMP001;Finanças do Zero | Perpétuo | Conversão;CONVERSIONS;AS001;Público 25-35 | Interesses Finanças;AD001;Video_Depoimento_Joao_v1;Video;Depoimento;instagram;4408;74;20,00;0,27;4,54;1,695;2;0;194,00;9,70;2997;1,43;1255
2024-06-21;CAMP001;Finanças do Zero | Perpétuo | Conversão;CONVERSIONS;AS001;Público 25-35 | Interesses Finanças;AD001;Video_Depoimento_Joao_v1;Video;Depoimento;facebook;3658;65;21,61;0,33;5,91;1,781;1;0;97,00;4,49;2830;1,63;1117
2024-06-22;CAMP001;Finanças do Zero | Perpétuo | Conversão;CONVERSIONS;AS001;Público 25-35 | Interesses Finanças;AD001;Video_Depoimento_Joao_v1;Video;Depoimento;instagram;4518;82;23,68;0,29;5,24;1,831;2;0;194,00;8,19;3036;1,49;1363
2024-06-23;CAMP001;Finanças do Zero | Perpétuo | Conversão;CONVERSIONS;AS001;Público 25-35 | Interesses Finanças;AD001;Video_Depoimento_Joao_v1;Video;Depoimento;instagram;6598;117;22,75;0,19;3,45;1,787;4;0;388,00;17,05;5242;1,67;1911
2024-06-24;CAMP001;Finanças do Zero | Perpétuo | Conversão;CONVERSIONS;AS001;Público 25-35 | Interesses Finanças;AD001;Video_Depoimento_Joao_v1;Video;Depoimento;instagram;4024;73;17,19;0,24;4,27;1,835;2;0;194,00;11,29;3051;1,19;1298
2024-06-25;CAMP001;Finanças do Zero | Perpétuo | Conversão;CONVERSIONS;AS001;Público 25-35 | Interesses Finanças;AD001;Video_Depoimento_Joao_v1;Video;Depoimento;instagram;4998;92;20,46;0,22;4,09;1,857;3;0;291,00;14,22;3331;1,16;1392
2024-06-26;CAMP001;Finanças do Zero | Perpétuo | Conversão;CONVERSIONS;AS001;Público 25-35 | Interesses Finanças;AD001;Video_Depoimento_Joao_v1;Video;Depoimento;facebook;5822;102;21,65;0,21;3,72;1,756;4;0;388,00;17,92;4631;1,39;1617
2024-06-27;CAMP001;Finanças do Zero | Perpétuo | Conversão;CONVERSIONS;AS001;Público 25-35 | Interesses Finanças;AD001;Video_Depoimento_Joao_v1;Video;Depoimento;instagram;5747;94;19,65;0,21;3,42;1,638;3;0;291,00;14,81;4718;1,62;1677
2024-06-28;CAMP001;Finanças do Zero | Perpétuo | Conversão;CONVERSIONS;AS001;Público 25-35 | Interesses Finanças;AD001;Video_Depoimento_Joao_v1;Video;Depoimento;facebook;5418;97;26,01;0,27;4,80;1,808;3;0;291,00;11,19;3995;1,53;1818
2024-06-29;CAMP001;Finanças do Zero | Perpétuo | Conversão;CONVERSIONS;AS001;Público 25-35 | Interesses Finanças;AD001;Video_Depoimento_Joao_v1;Video;Depoimento;facebook;4078;69;20,64;0,30;5,06;1,712;2;0;194,00;9,40;3197;1,52;1179
2024-06-30;CAMP001;Finanças do Zero | Perpétuo | Conversão;CONVERSIONS;AS001;Público 25-35 | Interesses Finanças;AD001;Video_Depoimento_Joao_v1;Video;Depoimento;facebook;5346;91;23,24;0,26;4,35;1,703;3;0;291,00;12,52;4174;1,65;1567
2024-07-01;CAMP001;Finanças do Zero | Perpétuo | Conversão;CONVERSIONS;AS001;Público 25-35 | Interesses Finanças;AD001;Video_Depoimento_Joao_v1;Video;Depoimento;facebook;10643;207;40,34;0,19;3,79;1,951;12;0;1164,00;28,85;7153;1,37;3406
2024-07-02;CAMP001;Finanças do Zero | Perpétuo | Conversão;CONVERSIONS;AS001;Público 25-35 | Interesses Finanças;AD001;Video_Depoimento_Joao_v1;Video;Depoimento;facebook;9928;186;45,89;0,25;4,62;1,877;12;0;1164,00;25,37;7578;1,33;2999
2024-07-03;CAMP001;Finanças do Zero | Perpétuo | Conversão;CONVERSIONS;AS001;Público 25-35 | Interesses Finanças;AD001;Video_Depoimento_Joao_v1;Video;Depoimento;facebook;10714;203;42,22;0,21;3,94;1,902;11;0;1067,00;25,27;7576;1,34;3029
2024-07-04;CAMP001;Finanças do Zero | Perpétuo | Conversão;CONVERSIONS;AS001;Público 25-35 | Interesses Finanças;AD001;Video_Depoimento_Joao_v1;Video;Depoimento;instagram;13056;234;54,15;0,23;4,15;1,796;11;0;1067,00;19,70;9022;1,60;4117
2024-07-05;CAMP001;Finanças do Zero | Perpétuo | Conversão;CONVERSIONS;AS001;Público 25-35 | Interesses Finanças;AD001;Video_Depoimento_Joao_v1;Video;Depoimento;instagram;17202;322;66,17;0,21;3,85;1,873;19;0;1843,00;27,85;14113;1,43;5595
2024-07-06;CAMP001;Finanças do Zero | Perpétuo | Conversão;CONVERSIONS;AS001;Público 25-35 | Interesses Finanças;AD001;Video_Depoimento_Joao_v1;Video;Depoimento;facebook;16894;304;64,19;0,21;3,80;1,804;14;0;1358,00;21,16;11869;1,23;5060
2024-07-07;CAMP001;Finanças do Zero | Perpétuo | Conversão;CONVERSIONS;AS001;Público 25-35 | Interesses Finanças;AD001;Video_Depoimento_Joao_v1;Video;Depoimento;instagram;14185;232;67,26;0,29;4,74;1,640;14;0;1358,00;20,19;11914;1,16;4479
2024-07-08;CAMP001;Finanças do Zero | Perpétuo | Conversão;CONVERSIONS;AS001;Público 25-35 | Interesses Finanças;AD001;Video_Depoimento_Joao_v1;Video;Depoimento;instagram;19156;383;62,12;0,16;3,24;2,004;22;0;2134,00;34,35;13085;1,37;6200
2024-07-09;CAMP001;Finanças do Zero | Perpétuo | Conversão;CONVERSIONS;AS001;Público 25-35 | Interesses Finanças;AD001;Video_Depoimento_Joao_v1;Video;Depoimento;facebook;19583;352;70,20;0,20;3,58;1,801;22;0;2134,00;30,40;13996;1,59;5398
2024-07-10;CAMP001;Finanças do Zero | Perpétuo | Conversão;CONVERSIONS;AS001;Público 25-35 | Interesses Finanças;AD001;Video_Depoimento_Joao_v1;Video;Depoimento;instagram;20814;355;93,22;0,26;4,48;1,707;16;0;1552,00;16,65;14206;1,23;5948
2024-07-11;CAMP001;Finanças do Zero | Perpétuo | Conversão;CONVERSIONS;AS001;Público 25-35 | Interesses Finanças;AD001;Video_Depoimento_Joao_v1;Video;Depoimento;instagram;19639;324;102,49;0,32;5,22;1,651;19;0;1843,00;17,98;15940;1,52;5981
2024-07-12;CAMP001;Finanças do Zero | Perpétuo | Conversão;CONVERSIONS;AS001;Público 25-35 | Interesses Finanças;AD001;Video_Depoimento_Joao_v1;Video;Depoimento;instagram;17407;319;110,49;0,35;6,35;1,833;18;0;1746,00;15,80;13425;1,55;4633
2024-07-13;CAMP001;Finanças do Zero | Perpétuo | Conversão;CONVERSIONS;AS001;Público 25-35 | Interesses Finanças;AD001;Video_Depoimento_Joao_v1;Video;Depoimento;instagram;27825;470;109,27;0,23;3,93;1,690;29;0;2813,00;25,74;18729;1,35;7465
2024-07-14;CAMP001;Finanças do Zero | Perpétuo | Conversão;CONVERSIONS;AS001;Público 25-35 | Interesses Finanças;AD001;Video_Depoimento_Joao_v1;Video;Depoimento;instagram;22730;390;109,86;0,28;4,83;1,719;23;0;2231,00;20,31;18992;1,53;6214
2024-07-15;CAMP001;Finanças do Zero | Perpétuo | Conversão;CONVERSIONS;AS001;Público 25-35 | Interesses Finanças;AD001;Video_Depoimento_Joao_v1;Video;Depoimento;instagram;24078;409;105,72;0,26;4,39;1,700;20;0;1940,00;18,35;19988;1,17;7854
2024-07-16;CAMP001;Finanças do Zero | Perpétuo | Conversão;CONVERSIONS;AS001;Público 25-35 | Interesses Finanças;AD001;Video_Depoimento_Joao_v1;Video;Depoimento;facebook;32280;641;114,57;0,18;3,55;1,987;39;0;3783,00;33,02;24199;1,23;9718
2024-07-17;CAMP001;Finanças do Zero | Perpétuo | Conversão;CONVERSIONS;AS001;Público 25-35 | Interesses Finanças;AD001;Video_Depoimento_Joao_v1;Video;Depoimento;instagram;19586;353;116,10;0,33;5,93;1,802;23;0;2231,00;19,22;13098;1,24;5567
2024-07-18;CAMP001;Finanças do Zero | Perpétuo | Conversão;CONVERSIONS;AS001;Público 25-35 | Interesses Finanças;AD001;Video_Depoimento_Joao_v1;Video;Depoimento;instagram;27921;443;96,23;0,22;3,45;1,588;20;0;1940,00;20,16;22084;1,20;8906
2024-07-19;CAMP001;Finanças do Zero | Perpétuo | Conversão;CONVERSIONS;AS001;Público 25-35 | Interesses Finanças;AD001;Video_Depoimento_Joao_v1;Video;Depoimento;instagram;19908;362;82,45;0,23;4,14;1,823;16;0;1552,00;18,82;16096;1,40;6149
2024-07-20;CAMP001;Finanças do Zero | Perpétuo | Conversão;CONVERSIONS;AS001;Público 25-35 | Interesses Finanças;AD001;Video_Depoimento_Joao_v1;Video;Depoimento;facebook;15028;302;83,65;0,28;5,57;2,010;17;0;1649,00;19,71;10456;1,32;4518
2024-07-21;CAMP001;Finanças do Zero | Perpétuo | Conversão;CONVERSIONS;AS001;Público 25-35 | Interesses Finanças;AD001;Video_Depoimento_Joao_v1;Video;Depoimento;facebook;12824;229;73,08;0,32;5,70;1,789;12;0;1164,00;15,93;9220;1,46;3951
2024-07-22;CAMP001;Finanças do Zero | Perpétuo | Conversão;CONVERSIONS;AS001;Público 25-35 | Interesses Finanças;AD001;Video_Depoimento_Joao_v1;Video;Depoimento;instagram;18649;322;60,15;0,19;3,23;1,729;20;0;1940,00;32,25;13902;1,42;4945
2024-07-23;CAMP001;Finanças do Zero | Perpétuo | Conversão;CONVERSIONS;AS001;Público 25-35 | Interesses Finanças;AD001;Video_Depoimento_Joao_v1;Video;Depoimento;instagram;11195;220;57,06;0,26;5,10;1,972;14;0;1358,00;23,80;7923;1,47;3483
2024-07-24;CAMP001;Finanças do Zero | Perpétuo | Conversão;CONVERSIONS;AS001;Público 25-35 | Interesses Finanças;AD001;Video_Depoimento_Joao_v1;Video;Depoimento;instagram;14121;252;56,69;0,22;4,01;1,792;14;0;1358,00;23,95;9695;1,52;4420
2024-07-25;CAMP001;Finanças do Zero | Perpétuo | Conversão;CONVERSIONS;AS001;Público 25-35 | Interesses Finanças;AD001;Video_Depoimento_Joao_v1;Video;Depoimento;instagram;11702;201;41,56;0,21;3,55;1,720;9;0;873,00;21,01;8780;1,51;3604
2024-07-26;CAMP001;Finanças do Zero | Perpétuo | Conversão;CONVERSIONS;AS001;Público 25-35 | Interesses Finanças;AD001;Video_Depoimento_Joao_v1;Video;Depoimento;instagram;13833;250;51,98;0,21;3,76;1,808;14;0;1358,00;26,13;10438;1,68;3964
2024-07-27;CAMP001;Finanças do Zero | Perpétuo | Conversão;CONVERSIONS;AS001;Público 25-35 | Interesses Finanças;AD001;Video_Depoimento_Joao_v1;Video;Depoimento;instagram;11472;219;42,43;0,19;3,70;1,917;13;0;1261,00;29,72;8831;1,48;3187
2024-07-28;CAMP001;Finanças do Zero | Perpétuo | Conversão;CONVERSIONS;AS001;Público 25-35 | Interesses Finanças;AD001;Video_Depoimento_Joao_v1;Video;Depoimento;instagram;9565;163;48,36;0,30;5,06;1,713;8;0;776,00;16,05;6858;1,24;2765
2024-07-29;CAMP001;Finanças do Zero | Perpétuo | Conversão;CONVERSIONS;AS001;Público 25-35 | Interesses Finanças;AD001;Video_Depoimento_Joao_v1;Video;Depoimento;instagram;12277;230;45,49;0,20;3,70;1,876;12;0;1164,00;25,59;10212;1,67;3952
2024-07-30;CAMP001;Finanças do Zero | Perpétuo | Conversão;CONVERSIONS;AS001;Público 25-35 | Interesses Finanças;AD001;Video_Depoimento_Joao_v1;Video;Depoimento;facebook;9324;165;40,92;0,25;4,39;1,775;8;0;776,00;18,96;7543;1,39;2643
2024-07-31;CAMP001;Finanças do Zero | Perpétuo | Conversão;CONVERSIONS;AS001;Público 25-35 | Interesses Finanças;AD001;Video_Depoimento_Joao_v1;Video;Depoimento;facebook;8458;142;47,66;0,34;5,63;1,687;6;0;582,00;12,21;6553;1,63;2264
2024-08-01;CAMP001;Finanças do Zero | Perpétuo | Conversão;CONVERSIONS;AS001;Público 25-35 | Interesses Finanças;AD001;Video_Depoimento_Joao_v1;Video;Depoimento;instagram;4858;77;22,73;0,30;4,68;1,586;2;0;194,00;8,53;3777;1,64;1590
2024-08-02;CAMP001;Finanças do Zero | Perpétuo | Conversão;CONVERSIONS;AS001;Público 25-35 | Interesses Finanças;AD001;Video_Depoimento_Joao_v1;Video;Depoimento;facebook;5637;96;20,57;0,21;3,65;1,707;2;0;194,00;9,43;4263;1,55;1781
2024-08-03;CAMP001;Finanças do Zero | Perpétuo | Conversão;CONVERSIONS;AS001;Público 25-35 | Interesses Finanças;AD001;Video_Depoimento_Joao_v1;Video;Depoimento;instagram;6627;110;28,92;0,26;4,36;1,660;4;0;388,00;13,42;5313;1,68;1838
2024-08-04;CAMP001;Finanças do Zero | Perpétuo | Conversão;CONVERSIONS;AS001;Público 25-35 | Interesses Finanças;AD001;Video_Depoimento_Joao_v1;Video;Depoimento;instagram;6447;110;22,59;0,21;3,50;1,713;4;0;388,00;17,18;4585;1,64;2161
2024-08-05;CAMP001;Finanças do Zero | Perpétuo | Conversão;CONVERSIONS;AS001;Público 25-35 | Interesses Finanças;AD001;Video_Depoimento_Joao_v1;Video;Depoimento;facebook;5584;99;23,88;0,24;4,28;1,786;3;0;291,00;12,19;4420;1,18;1734
2024-08-06;CAMP001;Finanças do Zero | Perpétuo | Conversão;CONVERSIONS;AS001;Público 25-35 | Interesses Finanças;AD001;Video_Depoimento_Joao_v1;Video;Depoimento;instagram;3999;74;21,82;0,29;5,46;1,875;2;0;194,00;8,89;3234;1,46;1204
2024-08-07;CAMP001;Finanças do Zero | Perpétuo | Conversão;CONVERSIONS;AS001;Público 25-35 | Interesses Finanças;AD001;Video_Depoimento_Joao_v1;Video;Depoimento;facebook;4482;77;17,94;0,23;4,00;1,724;2;0;194,00;10,81;3318;1,27;1269
2024-08-08;CAMP001;Finanças do Zero | Perpétuo | Conversão;CONVERSIONS;AS001;Público 25-35 | Interesses Finanças;AD001;Video_Depoimento_Joao_v1;Video;Depoimento;instagram;5068;88;19,71;0,22;3,89;1,739;2;0;194,00;9,84;3624;1,49;1485
2024-08-09;CAMP001;Finanças do Zero | Perpétuo | Conversão;CONVERSIONS;AS001;Público 25-35 | Interesses Finanças;AD001;Video_Depoimento_Joao_v1;Video;Depoimento;facebook;6166;100;20,82;0,21;3,38;1,635;4;0;388,00;18,64;4312;1,29;1687
2024-08-10;CAMP001;Finanças do Zero | Perpétuo | Conversão;CONVERSIONS;AS001;Público 25-35 | Interesses Finanças;AD001;Video_Depoimento_Joao_v1;Video;Depoimento;facebook;5743;104;21,54;0,21;3,75;1,821;3;0;291,00;13,51;4577;1,42;1797
2024-08-11;CAMP001;Finanças do Zero | Perpétuo | Conversão;CONVERSIONS;AS001;Público 25-35 | Interesses Finanças;AD001;Video_Depoimento_Joao_v1;Video;Depoimento;facebook;6386;111;24,70;0,22;3,87;1,740;4;0;388,00;15,71;4873;1,18;1754
2024-08-12;CAMP001;Finanças do Zero | Perpétuo | Conversão;CONVERSIONS;AS001;Público 25-35 | Interesses Finanças;AD001;Video_Depoimento_Joao_v1;Video;Depoimento;facebook;4403;80;19,42;0,24;4,41;1,836;2;0;194,00;9,99;3265;1,41;1325
2024-08-13;CAMP001;Finanças do Zero | Perpétuo | Conversão;CONVERSIONS;AS001;Público 25-35 | Interesses Finanças;AD001;Video_Depoimento_Joao_v1;Video;Depoimento;facebook;3971;75;23,16;0,31;5,83;1,896;2;0;194,00;8,38;3034;1,58;1061
2024-08-14;CAMP001;Finanças do Zero | Perpétuo | Conversão;CONVERSIONS;AS001;Público 25-35 | Interesses Finanças;AD001;Video_Depoimento_Joao_v1;Video;Depoimento;instagram;4375;70;23,18;0,33;5,30;1,614;2;0;194,00;8,37;3029;1,14;1197
2024-08-15;CAMP001;Finanças do Zero | Perpétuo | Conversão;CONVERSIONS;AS001;Público 25-35 | Interesses Finanças;AD001;Video_Depoimento_Joao_v1;Video;Depoimento;instagram;6335;124;21,86;0,18;3,45;1,969;4;0;388,00;17,75;4609;1,63;1983
2024-08-16;CAMP001;Finanças do Zero | Perpétuo | Conversão;CONVERSIONS;AS001;Público 25-35 | Interesses Finanças;AD001;Video_Depoimento_Joao_v1;Video;Depoimento;facebook;5492;91;21,82;0,24;3,97;1,661;3;0;291,00;13,34;4449;1,42;1748
2024-08-17;CAMP001;Finanças do Zero | Perpétuo | Conversão;CONVERSIONS;AS001;Público 25-35 | Interesses Finanças;AD001;Video_Depoimento_Joao_v1;Video;Depoimento;facebook;6367;111;26,25;0,24;4,12;1,748;3;0;291,00;11,09;4518;1,38;2110
2024-08-18;CAMP001;Finanças do Zero | Perpétuo | Conversão;CONVERSIONS;AS001;Público 25-35 | Interesses Finanças;AD001;Video_Depoimento_Joao_v1;Video;Depoimento;facebook;5193;99;24,79;0,25;4,77;1,915;3;0;291,00;11,74;3490;1,13;1593
2024-08-19;CAMP001;Finanças do Zero | Perpétuo | Conversão;CONVERSIONS;AS001;Público 25-35 | Interesses Finanças;AD001;Video_Depoimento_Joao_v1;Video;Depoimento;facebook;5794;92;20,20;0,22;3,49;1,603;3;0;291,00;14,41;3970;1,42;1944
2024-08-20;CAMP001;Finanças do Zero | Perpétuo | Conversão;CONVERSIONS;AS001;Público 25-35 | Interesses Finanças;AD001;Video_Depoimento_Joao_v1;Video;Depoimento;facebook;5645;108;20,79;0,19;3,68;1,918;4;0;388,00;18,66;4727;1,25;1702
2024-08-21;CAMP001;Finanças do Zero | Perpétuo | Conversão;CONVERSIONS;AS001;Público 25-35 | Interesses Finanças;AD001;Video_Depoimento_Joao_v1;Video;Depoimento;instagram;4490;85;21,82;0,26;4,86;1,902;2;0;194,00;8,89;3001;1,50;1296
2024-08-22;CAMP001;Finanças do Zero | Perpétuo | Conversão;CONVERSIONS;AS001;Público 25-35 | Interesses Finanças;AD001;Video_Depoimento_Joao_v1;Video;Depoimento;instagram;4947;87;23,61;0,27;4,77;1,760;2;0;194,00;8,22;3479;1,22;1386
2024-08-23;CAMP001;Finanças do Zero | Perpétuo | Conversão;CONVERSIONS;AS001;Público 25-35 | Interesses Finanças;AD001;Video_Depoimento_Joao_v1;Video;Depoimento;instagram;4561;80;21,16;0,26;4,64;1,762;2;0;194,00;9,17;3209;1,42;1270
2024-08-24;CAMP001;Finanças do Zero | Perpétuo | Conversão;CONVERSIONS;AS001;Público 25-35 | Interesses Finanças;AD001;Video_Depoimento_Joao_v1;Video;Depoimento;facebook;7320;138;22,40;0,16;3,06;1,897;4;0;388,00;17,32;5982;1,27;2031
2024-08-25;CAMP001;Finanças do Zero | Perpétuo | Conversão;CONVERSIONS;AS001;Público 25-35 | Interesses Finanças;AD001;Video_Depoimento_Joao_v1;Video;Depoimento;facebook;6524;127;25,36;0,20;3,89;1,960;4;0;388,00;15,30;4554;1,66;1811
2024-08-26;CAMP001;Finanças do Zero | Perpétuo | Conversão;CONVERSIONS;AS001;Público 25-35 | Interesses Finanças;AD001;Video_Depoimento_Joao_v1;Video;Depoimento;facebook;6232;117;25,36;0,22;4,07;1,885;4;0;388,00;15,30;4732;1,34;1993
2024-08-27;CAMP001;Finanças do Zero | Perpétuo | Conversão;CONVERSIONS;AS001;Público 25-35 | Interesses Finanças;AD001;Video_Depoimento_Joao_v1;Video;Depoimento;instagram;4774;86;19,96;0,23;4,18;1,806;3;0;291,00;14,58;3805;1,18;1370
2024-08-28;CAMP001;Finanças do Zero | Perpétuo | Conversão;CONVERSIONS;AS001;Público 25-35 | Interesses Finanças;AD001;Video_Depoimento_Joao_v1;Video;Depoimento;instagram;3811;72;22,02;0,31;5,78;1,904;2;0;194,00;8,81;2717;1,43;1059
2024-08-29;CAMP001;Finanças do Zero | Perpétuo | Conversão;CONVERSIONS;AS001;Público 25-35 | Interesses Finanças;AD001;Video_Depoimento_Joao_v1;Video;Depoimento;instagram;4536;90;20,64;0,23;4,55;1,992;2;0;194,00;9,40;3782;1,55;1407
2024-08-30;CAMP001;Finanças do Zero | Perpétuo | Conversão;CONVERSIONS;AS001;Público 25-35 | Interesses Finanças;AD001;Video_Depoimento_Joao_v1;Video;Depoimento;facebook;4584;86;20,02;0,23;4,37;1,895;2;0;194,00;9,69;3457;1,63;1487
2024-08-31;CAMP001;Finanças do Zero | Perpétuo | Conversão;CONVERSIONS;AS001;Público 25-35 | Interesses Finanças;AD001;Video_Depoimento_Joao_v1;Video;Depoimento;facebook;5025;82;18,98;0,23;3,78;1,643;3;0;291,00;15,33;3324;1,16;1509
2024-09-01;CAMP001;Finanças do Zero | Perpétuo | Conversão;CONVERSIONS;AS001;Público 25-35 | Interesses Finanças;AD001;Video_Depoimento_Joao_v1;Video;Depoimento;instagram;5926;106;24,23;0,23;4,09;1,793;3;0;291,00;12,01;3923;1,12;1790
2024-09-02;CAMP001;Finanças do Zero | Perpétuo | Conversão;CONVERSIONS;AS001;Público 25-35 | Interesses Finanças;AD001;Video_Depoimento_Joao_v1;Video;Depoimento;facebook;5133;96;22,48;0,23;4,38;1,875;3;0;291,00;12,94;4236;1,63;1548
2024-09-03;CAMP001;Finanças do Zero | Perpétuo | Conversão;CONVERSIONS;AS001;Público 25-35 | Interesses Finanças;AD001;Video_Depoimento_Joao_v1;Video;Depoimento;instagram;4717;90;20,00;0,22;4,24;1,927;2;0;194,00;9,70;3592;1,66;1581
2024-09-04;CAMP001;Finanças do Zero | Perpétuo | Conversão;CONVERSIONS;AS001;Público 25-35 | Interesses Finanças;AD001;Video_Depoimento_Joao_v1;Video;Depoimento;instagram;5556;108;21,41;0,20;3,85;1,955;4;0;388,00;18,12;4044;1,17;1657
2024-09-05;CAMP001;Finanças do Zero | Perpétuo | Conversão;CONVERSIONS;AS001;Público 25-35 | Interesses Finanças;AD001;Video_Depoimento_Joao_v1;Video;Depoimento;facebook;5140;95;24,72;0,26;4,81;1,863;3;0;291,00;11,77;4220;1,67;1697
2024-09-06;CAMP001;Finanças do Zero | Perpétuo | Conversão;CONVERSIONS;AS001;Público 25-35 | Interesses Finanças;AD001;Video_Depoimento_Joao_v1;Video;Depoimento;instagram;5840;99;21,00;0,21;3,60;1,701;4;0;388,00;18,48;4799;1,50;1778
2024-09-07;CAMP001;Finanças do Zero | Perpétuo | Conversão;CONVERSIONS;AS001;Público 25-35 | Interesses Finanças;AD001;Video_Depoimento_Joao_v1;Video;Depoimento;instagram;5627;103;23,98;0,23;4,26;1,838;3;0;291,00;12,14;4654;1,52;1606
2024-09-08;CAMP001;Finanças do Zero | Perpétuo | Conversão;CONVERSIONS;AS001;Público 25-35 | Interesses Finanças;AD001;Video_Depoimento_Joao_v1;Video;Depoimento;facebook;6331;115;25,73;0,22;4,06;1,818;3;0;291,00;11,31;4749;1,53;2115
2024-09-09;CAMP001;Finanças do Zero | Perpétuo | Conversão;CONVERSIONS;AS001;Público 25-35 | Interesses Finanças;AD001;Video_Depoimento_Joao_v1;Video;Depoimento;instagram;4773;91;18,98;0,21;3,98;1,916;3;0;291,00;15,33;3175;1,34;1354
2024-09-10;CAMP001;Finanças do Zero | Perpétuo | Conversão;CONVERSIONS;AS001;Público 25-35 | Interesses Finanças;AD001;Video_Depoimento_Joao_v1;Video;Depoimento;facebook;5464;96;27,33;0,28;5,00;1,771;3;0;291,00;10,65;4365;1,49;1558
2024-09-11;CAMP001;Finanças do Zero | Perpétuo | Conversão;CONVERSIONS;AS001;Público 25-35 | Interesses Finanças;AD001;Video_Depoimento_Joao_v1;Video;Depoimento;instagram;3671;70;20,16;0,29;5,49;1,923;2;0;194,00;9,62;2493;1,34;970
2024-09-12;CAMP001;Finanças do Zero | Perpétuo | Conversão;CONVERSIONS;AS001;Público 25-35 | Interesses Finanças;AD001;Video_Depoimento_Joao_v1;Video;Depoimento;instagram;4302;71;19,22;0,27;4,47;1,665;2;0;194,00;10,09;2919;1,43;1163
2024-09-13;CAMP001;Finanças do Zero | Perpétuo | Conversão;CONVERSIONS;AS001;Público 25-35 | Interesses Finanças;AD001;Video_Depoimento_Joao_v1;Video;Depoimento;facebook;5732;91;24,34;0,27;4,25;1,589;3;0;291,00;11,96;4373;1,56;1583
2024-09-14;CAMP001;Finanças do Zero | Perpétuo | Conversão;CONVERSIONS;AS001;Público 25-35 | Interesses Finanças;AD001;Video_Depoimento_Joao_v1;Video;Depoimento;instagram;4359;70;23,58;0,34;5,41;1,611;2;0;194,00;8,23;3491;1,36;1264
2024-09-15;CAMP001;Finanças do Zero | Perpétuo | Conversão;CONVERSIONS;AS001;Público 25-35 | Interesses Finanças;AD001;Video_Depoimento_Joao_v1;Video;Depoimento;instagram;6774;120;27,66;0,23;4,08;1,782;3;0;291,00;10,52;4875;1,12;2090
2024-09-16;CAMP001;Finanças do Zero | Perpétuo | Conversão;CONVERSIONS;AS001;Público 25-35 | Interesses Finanças;AD001;Video_Depoimento_Joao_v1;Video;Depoimento;instagram;4849;94;25,51;0,27;5,26;1,955;3;0;291,00;11,41;3726;1,20;1522
2024-09-17;CAMP001;Finanças do Zero | Perpétuo | Conversão;CONVERSIONS;AS001;Público 25-35 | Interesses Finanças;AD001;Video_Depoimento_Joao_v1;Video;Depoimento;facebook;4242;80;21,03;0,26;4,96;1,901;2;0;194,00;9,22;3048;1,66;1205
2024-09-18;CAMP001;Finanças do Zero | Perpétuo | Conversão;CONVERSIONS;AS001;Público 25-35 | Interesses Finanças;AD001;Video_Depoimento_Joao_v1;Video;Depoimento;facebook;5643;113;21,91;0,19;3,88;2,015;3;0;291,00;13,28;4692;1,55;1677
2024-09-19;CAMP001;Finanças do Zero | Perpétuo | Conversão;CONVERSIONS;AS001;Público 25-35 | Interesses Finanças;AD001;Video_Depoimento_Joao_v1;Video;Depoimento;instagram;4934;95;24,28;0,26;4,92;1,938;3;0;291,00;11,99;3380;1,35;1410
2024-09-20;CAMP001;Finanças do Zero | Perpétuo | Conversão;CONVERSIONS;AS001;Público 25-35 | Interesses Finanças;AD001;Video_Depoimento_Joao_v1;Video;Depoimento;instagram;3987;70;20,17;0,29;5,06;1,778;2;0;194,00;9,62;3021;1,45;1279
2024-09-21;CAMP001;Finanças do Zero | Perpétuo | Conversão;CONVERSIONS;AS001;Público 25-35 | Interesses Finanças;AD001;Video_Depoimento_Joao_v1;Video;Depoimento;instagram;6387;103;24,27;0,24;3,80;1,621;3;0;291,00;11,99;4406;1,49;1967
2024-09-22;CAMP001;Finanças do Zero | Perpétuo | Conversão;CONVERSIONS;AS001;Público 25-35 | Interesses Finanças;AD001;Video_Depoimento_Joao_v1;Video;Depoimento;facebook;6246;107;27,44;0,26;4,39;1,727;4;0;388,00;14,14;4413;1,18;1878
2024-09-23;CAMP001;Finanças do Zero | Perpétuo | Conversão;CONVERSIONS;AS001;Público 25-35 | Interesses Finanças;AD001;Video_Depoimento_Joao_v1;Video;Depoimento;facebook;5380;94;21,91;0,23;4,07;1,753;3;0;291,00;13,28;3884;1,45;1429
2024-09-24;CAMP001;Finanças do Zero | Perpétuo | Conversão;CONVERSIONS;AS001;Público 25-35 | Interesses Finanças;AD001;Video_Depoimento_Joao_v1;Video;Depoimento;instagram;4923;97;18,16;0,19;3,69;1,990;2;0;194,00;10,68;3944;1,29;1484
2024-09-25;CAMP001;Finanças do Zero | Perpétuo | Conversão;CONVERSIONS;AS001;Público 25-35 | Interesses Finanças;AD001;Video_Depoimento_Joao_v1;Video;Depoimento;facebook;4256;68;21,05;0,31;4,95;1,613;1;0;97,00;4,61;3459;1,52;1322
2024-09-26;CAMP001;Finanças do Zero | Perpétuo | Conversão;CONVERSIONS;AS001;Público 25-35 | Interesses Finanças;AD001;Video_Depoimento_Joao_v1;Video;Depoimento;instagram;5051;83;21,62;0,26;4,28;1,659;2;0;194,00;8,97;3544;1,43;1480
2024-09-27;CAMP001;Finanças do Zero | Perpétuo | Conversão;CONVERSIONS;AS001;Público 25-35 | Interesses Finanças;AD001;Video_Depoimento_Joao_v1;Video;Depoimento;instagram;4903;90;18,12;0,20;3,70;1,849;2;0;194,00;10,71;3239;1,45;1370
2024-09-28;CAMP001;Finanças do Zero | Perpétuo | Conversão;CONVERSIONS;AS001;Público 25-35 | Interesses Finanças;AD001;Video_Depoimento_Joao_v1;Video;Depoimento;facebook;6172;119;23,44;0,20;3,80;1,929;4;0;388,00;16,55;4581;1,32;1745
2024-09-29;CAMP001;Finanças do Zero | Perpétuo | Conversão;CONVERSIONS;AS001;Público 25-35 | Interesses Finanças;AD001;Video_Depoimento_Joao_v1;Video;Depoimento;instagram;6356;117;27,04;0,23;4,25;1,848;4;0;388,00;14,35;4901;1,31;2050
2024-09-30;CAMP001;Finanças do Zero | Perpétuo | Conversão;CONVERSIONS;AS001;Público 25-35 | Interesses Finanças;AD001;Video_Depoimento_Joao_v1;Video;Depoimento;facebook;4998;82;20,88;0,25;4,18;1,642;2;0;194,00;9,29;3634;1,29;1370
2024-10-01;CAMP001;Finanças do Zero | Perpétuo | Conversão;CONVERSIONS;AS001;Público 25-35 | Interesses Finanças;AD001;Video_Depoimento_Joao_v1;Video;Depoimento;facebook;5318;95;21,40;0,23;4,02;1,794;3;0;291,00;13,60;4041;1,63;1591
2024-10-02;CAMP001;Finanças do Zero | Perpétuo | Conversão;CONVERSIONS;AS001;Público 25-35 | Interesses Finanças;AD001;Video_Depoimento_Joao_v1;Video;Depoimento;instagram;4276;74;18,27;0,25;4,27;1,739;2;0;194,00;10,62;3563;1,20;1284
2024-10-03;CAMP001;Finanças do Zero | Perpétuo | Conversão;CONVERSIONS;AS001;Público 25-35 | Interesses Finanças;AD001;Video_Depoimento_Joao_v1;Video;Depoimento;facebook;5446;97;24,20;0,25;4,44;1,795;2;0;194,00;8,02;3880;1,14;1545
2024-10-04;CAMP001;Finanças do Zero | Perpétuo | Conversão;CONVERSIONS;AS001;Público 25-35 | Interesses Finanças;AD001;Video_Depoimento_Joao_v1;Video;Depoimento;facebook;4403;84;23,92;0,28;5,43;1,915;2;0;194,00;8,11;3118;1,18;1334
2024-10-05;CAMP001;Finanças do Zero | Perpétuo | Conversão;CONVERSIONS;AS001;Público 25-35 | Interesses Finanças;AD001;Video_Depoimento_Joao_v1;Video;Depoimento;facebook;6848;121;29,26;0,24;4,27;1,775;3;0;291,00;9,95;4886;1,36;2300
2024-10-06;CAMP001;Finanças do Zero | Perpétuo | Conversão;CONVERSIONS;AS001;Público 25-35 | Interesses Finanças;AD001;Video_Depoimento_Joao_v1;Video;Depoimento;instagram;5627;113;23,99;0,21;4,26;2,013;4;0;388,00;16,17;4585;1,25;1732
2024-10-07;CAMP001;Finanças do Zero | Perpétuo | Conversão;CONVERSIONS;AS001;Público 25-35 | Interesses Finanças;AD001;Video_Depoimento_Joao_v1;Video;Depoimento;facebook;5682;109;23,67;0,22;4,17;1,932;3;0;291,00;12,29;4081;1,42;1788
2024-10-08;CAMP001;Finanças do Zero | Perpétuo | Conversão;CONVERSIONS;AS001;Público 25-35 | Interesses Finanças;AD001;Video_Depoimento_Joao_v1;Video;Depoimento;instagram;4774;89;23,75;0,27;4,97;1,877;2;0;194,00;8,17;3940;1,66;1601
2024-10-09;CAMP001;Finanças do Zero | Perpétuo | Conversão;CONVERSIONS;AS001;Público 25-35 | Interesses Finanças;AD001;Video_Depoimento_Joao_v1;Video;Depoimento;instagram;5109;96;22,91;0,24;4,48;1,891;3;0;291,00;12,70;3822;1,55;1561
2024-10-10;CAMP001;Finanças do Zero | Perpétuo | Conversão;CONVERSIONS;AS001;Público 25-35 | Interesses Finanças;AD001;Video_Depoimento_Joao_v1;Video;Depoimento;instagram;4630;90;21,84;0,24;4,72;1,964;2;0;194,00;8,88;3634;1,41;1514
2024-10-11;CAMP001;Finanças do Zero | Perpétuo | Conversão;CONVERSIONS;AS001;Público 25-35 | Interesses Finanças;AD001;Video_Depoimento_Joao_v1;Video;Depoimento;instagram;5169;100;24,12;0,24;4,67;1,950;2;0;194,00;8,04;4202;1,66;1660
2024-10-12;CAMP001;Finanças do Zero | Perpétuo | Conversão;CONVERSIONS;AS001;Público 25-35 | Interesses Finanças;AD001;Video_Depoimento_Joao_v1;Video;Depoimento;facebook;7171;123;24,00;0,20;3,35;1,723;3;0;291,00;12,12;5463;1,43;2143
2024-10-13;CAMP001;Finanças do Zero | Perpétuo | Conversão;CONVERSIONS;AS001;Público 25-35 | Interesses Finanças;AD001;Video_Depoimento_Joao_v1;Video;Depoimento;facebook;5249;100;21,44;0,21;4,08;1,923;3;0;291,00;13,57;3881;1,19;1385
2024-10-14;CAMP001;Finanças do Zero | Perpétuo | Conversão;CONVERSIONS;AS001;Público 25-35 | Interesses Finanças;AD001;Video_Depoimento_Joao_v1;Video;Depoimento;instagram;5203;97;22,67;0,23;4,36;1,865;2;0;194,00;8,56;3521;1,64;1508
2024-10-15;CAMP001;Finanças do Zero | Perpétuo | Conversão;CONVERSIONS;AS001;Público 25-35 | Interesses Finanças;AD001;Video_Depoimento_Joao_v1;Video;Depoimento;instagram;5144;95;17,99;0,19;3,50;1,854;3;0;291,00;16,18;4001;1,54;1618
2024-10-16;CAMP001;Finanças do Zero | Perpétuo | Conversão;CONVERSIONS;AS001;Público 25-35 | Interesses Finanças;AD001;Video_Depoimento_Joao_v1;Video;Depoimento;facebook;4093;76;18,42;0,24;4,50;1,878;2;0;194,00;10,53;3429;1,51;1205
2024-10-17;CAMP001;Finanças do Zero | Perpétuo | Conversão;CONVERSIONS;AS001;Público 25-35 | Interesses Finanças;AD001;Video_Depoimento_Joao_v1;Video;Depoimento;facebook;3713;60;21,55;0,36;5,80;1,628;1;0;97,00;4,50;2706;1,61;1197
2024-10-18;CAMP001;Finanças do Zero | Perpétuo | Conversão;CONVERSIONS;AS001;Público 25-35 | Interesses Finanças;AD001;Video_Depoimento_Joao_v1;Video;Depoimento;instagram;6214;113;21,88;0,19;3,52;1,827;4;0;388,00;17,73;4909;1,21;1921
2024-10-19;CAMP001;Finanças do Zero | Perpétuo | Conversão;CONVERSIONS;AS001;Público 25-35 | Interesses Finanças;AD001;Video_Depoimento_Joao_v1;Video;Depoimento;instagram;5217;84;24,53;0,29;4,70;1,621;2;0;194,00;7,91;3773;1,54;1538
2024-10-20;CAMP001;Finanças do Zero | Perpétuo | Conversão;CONVERSIONS;AS001;Público 25-35 | Interesses Finanças;AD001;Video_Depoimento_Joao_v1;Video;Depoimento;facebook;5585;102;24,77;0,24;4,43;1,844;3;0;291,00;11,75;4538;1,28;1739
2024-10-21;CAMP001;Finanças do Zero | Perpétuo | Conversão;CONVERSIONS;AS001;Público 25-35 | Interesses Finanças;AD001;Video_Depoimento_Joao_v1;Video;Depoimento;facebook;4955;84;22,60;0,27;4,56;1,712;2;0;194,00;8,58;3711;1,62;1348
2024-10-22;CAMP001;Finanças do Zero | Perpétuo | Conversão;CONVERSIONS;AS001;Público 25-35 | Interesses Finanças;AD001;Video_Depoimento_Joao_v1;Video;Depoimento;instagram;5398;108;24,97;0,23;4,62;2,010;4;0;388,00;15,54;3917;1,19;1690
2024-10-23;CAMP001;Finanças do Zero | Perpétuo | Conversão;CONVERSIONS;AS001;Público 25-35 | Interesses Finanças;AD001;Video_Depoimento_Joao_v1;Video;Depoimento;facebook;6984;112;21,05;0,19;3,01;1,613;3;0;291,00;13,82;5802;1,14;2043
2024-10-24;CAMP001;Finanças do Zero | Perpétuo | Conversão;CONVERSIONS;AS001;Público 25-35 | Interesses Finanças;AD001;Video_Depoimento_Joao_v1;Video;Depoimento;facebook;5682;99;20,86;0,21;3,67;1,758;3;0;291,00;13,95;4033;1,42;1626
2024-10-25;CAMP001;Finanças do Zero | Perpétuo | Conversão;CONVERSIONS;AS001;Público 25-35 | Interesses Finanças;AD001;Video_Depoimento_Joao_v1;Video;Depoimento;facebook;4831;84;22,66;0,27;4,69;1,753;3;0;291,00;12,84;3458;1,59;1427
2024-10-26;CAMP001;Finanças do Zero | Perpétuo | Conversão;CONVERSIONS;AS001;Público 25-35 | Interesses Finanças;AD001;Video_Depoimento_Joao_v1;Video;Depoimento;facebook;5228;85;30,11;0,35;5,76;1,634;3;0;291,00;9,66;3562;1,15;1646
2024-10-27;CAMP001;Finanças do Zero | Perpétuo | Conversão;CONVERSIONS;AS001;Público 25-35 | Interesses Finanças;AD001;Video_Depoimento_Joao_v1;Video;Depoimento;facebook;5624;108;25,97;0,24;4,62;1,922;4;0;388,00;14,94;4470;1,21;1838
2024-10-28;CAMP001;Finanças do Zero | Perpétuo | Conversão;CONVERSIONS;AS001;Público 25-35 | Interesses Finanças;AD001;Video_Depoimento_Joao_v1;Video;Depoimento;facebook;4972;87;22,72;0,26;4,57;1,769;3;0;291,00;12,81;3725;1,27;1495
2024-10-29;CAMP001;Finanças do Zero | Perpétuo | Conversão;CONVERSIONS;AS001;Público 25-35 | Interesses Finanças;AD001;Video_Depoimento_Joao_v1;Video;Depoimento;facebook;4895;93;18,36;0,20;3,75;1,918;3;0;291,00;15,85;3431;1,50;1471
2024-10-30;CAMP001;Finanças do Zero | Perpétuo | Conversão;CONVERSIONS;AS001;Público 25-35 | Interesses Finanças;AD001;Video_Depoimento_Joao_v1;Video;Depoimento;facebook;4986;87;19,81;0,23;3,97;1,749;2;0;194,00;9,79;3786;1,64;1644
2024-10-31;CAMP001;Finanças do Zero | Perpétuo | Conversão;CONVERSIONS;AS001;Público 25-35 | Interesses Finanças;AD001;Video_Depoimento_Joao_v1;Video;Depoimento;instagram;5033;95;23,22;0,24;4,61;1,895;3;0;291,00;12,53;3429;1,16;1572
2024-11-01;CAMP001;Finanças do Zero | Perpétuo | Conversão;CONVERSIONS;AS001;Público 25-35 | Interesses Finanças;AD001;Video_Depoimento_Joao_v1;Video;Depoimento;instagram;8213;144;36,04;0,25;4,39;1,757;9;0;873,00;24,22;5904;1,60;2495
2024-11-02;CAMP001;Finanças do Zero | Perpétuo | Conversão;CONVERSIONS;AS001;Público 25-35 | Interesses Finanças;AD001;Video_Depoimento_Joao_v1;Video;Depoimento;instagram;8284;153;38,87;0,25;4,69;1,853;8;0;776,00;19,96;6955;1,45;2649
2024-11-03;CAMP001;Finanças do Zero | Perpétuo | Conversão;CONVERSIONS;AS001;Público 25-35 | Interesses Finanças;AD001;Video_Depoimento_Joao_v1;Video;Depoimento;facebook;12658;251;46,14;0,18;3,65;1,987;11;0;1067,00;23,13;10521;1,42;3343
2024-11-04;CAMP001;Finanças do Zero | Perpétuo | Conversão;CONVERSIONS;AS001;Público 25-35 | Interesses Finanças;AD001;Video_Depoimento_Joao_v1;Video;Depoimento;facebook;14456;262;46,83;0,18;3,24;1,813;13;0;1261,00;26,93;12071;1,40;3964
2024-11-05;CAMP001;Finanças do Zero | Perpétuo | Conversão;CONVERSIONS;AS001;Público 25-35 | Interesses Finanças;AD001;Video_Depoimento_Joao_v1;Video;Depoimento;facebook;8648;152;54,29;0,36;6,28;1,762;9;0;873,00;16,08;6611;1,38;2597
2024-11-06;CAMP001;Finanças do Zero | Perpétuo | Conversão;CONVERSIONS;AS001;Público 25-35 | Interesses Finanças;AD001;Video_Depoimento_Joao_v1;Video;Depoimento;instagram;13218;247;52,75;0,21;3,99;1,870;11;0;1067,00;20,23;10927;1,28;3863
2024-11-07;CAMP001;Finanças do Zero | Perpétuo | Conversão;CONVERSIONS;AS001;Público 25-35 | Interesses Finanças;AD001;Video_Depoimento_Joao_v1;Video;Depoimento;facebook;14151;281;63,01;0,22;4,45;1,992;13;0;1261,00;20,01;9735;1,55;3903
2024-11-08;CAMP001;Finanças do Zero | Perpétuo | Conversão;CONVERSIONS;AS001;Público 25-35 | Interesses Finanças;AD001;Video_Depoimento_Joao_v1;Video;Depoimento;facebook;15180;254;75,82;0,30;4,99;1,674;13;0;1261,00;16,63;10265;1,27;4890
2024-11-09;CAMP001;Finanças do Zero | Perpétuo | Conversão;CONVERSIONS;AS001;Público 25-35 | Interesses Finanças;AD001;Video_Depoimento_Joao_v1;Video;Depoimento;instagram;18621;363;67,59;0,19;3,63;1,954;17;0;1649,00;24,40;13617;1,52;4981
2024-11-10;CAMP001;Finanças do Zero | Perpétuo | Conversão;CONVERSIONS;AS001;Público 25-35 | Interesses Finanças;AD001;Video_Depoimento_Joao_v1;Video;Depoimento;facebook;19313;377;88,65;0,24;4,59;1,953;21;0;2037,00;22,98;14352;1,43;6216
2024-11-11;CAMP001;Finanças do Zero | Perpétuo | Conversão;CONVERSIONS;AS001;Público 25-35 | Interesses Finanças;AD001;Video_Depoimento_Joao_v1;Video;Depoimento;facebook;16423;269;93,70;0,35;5,71;1,640;17;0;1649,00;17,60;12560;1,33;4641
2024-11-12;CAMP001;Finanças do Zero | Perpétuo | Conversão;CONVERSIONS;AS001;Público 25-35 | Interesses Finanças;AD001;Video_Depoimento_Joao_v1;Video;Depoimento;instagram;17385;308;116,86;0,38;6,72;1,776;14;0;1358,00;11,62;11857;1,63;5769
2024-11-13;CAMP001;Finanças do Zero | Perpétuo | Conversão;CONVERSIONS;AS001;Público 25-35 | Interesses Finanças;AD001;Video_Depoimento_Joao_v1;Video;Depoimento;instagram;25091;451;98,65;0,22;3,93;1,798;24;0;2328,00;23,60;17529;1,36;6962
2024-11-14;CAMP001;Finanças do Zero | Perpétuo | Conversão;CONVERSIONS;AS001;Público 25-35 | Interesses Finanças;AD001;Video_Depoimento_Joao_v1;Video;Depoimento;instagram;24540;414;105,89;0,26;4,32;1,690;21;0;2037,00;19,24;16465;1,35;6972
2024-11-15;CAMP001;Finanças do Zero | Perpétuo | Conversão;CONVERSIONS;AS001;Público 25-35 | Interesses Finanças;AD001;Video_Depoimento_Joao_v1;Video;Depoimento;instagram;21932;407;101,05;0,25;4,61;1,856;25;0;2425,00;24,00;17561;1,57;6357
2024-11-16;CAMP001;Finanças do Zero | Perpétuo | Conversão;CONVERSIONS;AS001;Público 25-35 | Interesses Finanças;AD001;Video_Depoimento_Joao_v1;Video;Depoimento;facebook;27584;483;109,92;0,23;3,98;1,752;23;0;2231,00;20,30;18350;1,30;8892
2024-11-17;CAMP001;Finanças do Zero | Perpétuo | Conversão;CONVERSIONS;AS001;Público 25-35 | Interesses Finanças;AD001;Video_Depoimento_Joao_v1;Video;Depoimento;facebook;25756;472;96,01;0,20;3,73;1,836;23;0;2231,00;23,24;20044;1,21;7293
2024-11-18;CAMP001;Finanças do Zero | Perpétuo | Conversão;CONVERSIONS;AS001;Público 25-35 | Interesses Finanças;AD001;Video_Depoimento_Joao_v1;Video;Depoimento;instagram;25891;434;119,36;0,28;4,61;1,679;27;0;2619,00;21,94;21446;1,57;8683
2024-11-19;CAMP001;Finanças do Zero | Perpétuo | Conversão;CONVERSIONS;AS001;Público 25-35 | Interesses Finanças;AD001;Video_Depoimento_Joao_v1;Video;Depoimento;instagram;16501;286;89,57;0,31;5,43;1,739;16;0;1552,00;17,33;13705;1,51;5025
2024-11-20;CAMP001;Finanças do Zero | Perpétuo | Conversão;CONVERSIONS;AS001;Público 25-35 | Interesses Finanças;AD001;Video_Depoimento_Joao_v1;Video;Depoimento;facebook;18946;340;93,12;0,27;4,91;1,797;17;0;1649,00;17,71;12695;1,39;5822
2024-11-21;CAMP001;Finanças do Zero | Perpétuo | Conversão;CONVERSIONS;AS001;Público 25-35 | Interesses Finanças;AD001;Video_Depoimento_Joao_v1;Video;Depoimento;instagram;14723;284;69,20;0,24;4,70;1,932;14;0;1358,00;19,62;9875;1,22;4043
2024-11-22;CAMP001;Finanças do Zero | Perpétuo | Conversão;CONVERSIONS;AS001;Público 25-35 | Interesses Finanças;AD001;Video_Depoimento_Joao_v1;Video;Depoimento;instagram;12700;221;72,60;0,33;5,72;1,742;10;0;970,00;13,36;9721;1,51;3660
2024-11-23;CAMP001;Finanças do Zero | Perpétuo | Conversão;CONVERSIONS;AS001;Público 25-35 | Interesses Finanças;AD001;Video_Depoimento_Joao_v1;Video;Depoimento;instagram;17494;325;58,79;0,18;3,36;1,860;18;0;1746,00;29,70;12248;1,30;5360
2024-11-24;CAMP001;Finanças do Zero | Perpétuo | Conversão;CONVERSIONS;AS001;Público 25-35 | Interesses Finanças;AD001;Video_Depoimento_Joao_v1;Video;Depoimento;instagram;11586;220;47,91;0,22;4,14;1,899;14;0;1358,00;28,34;9420;1,65;3701
2024-11-25;CAMP001;Finanças do Zero | Perpétuo | Conversão;CONVERSIONS;AS001;Público 25-35 | Interesses Finanças;AD001;Video_Depoimento_Joao_v1;Video;Depoimento;instagram;10196;188;57,78;0,31;5,67;1,848;11;0;1067,00;18,47;6987;1,18;3238
2024-11-26;CAMP001;Finanças do Zero | Perpétuo | Conversão;CONVERSIONS;AS001;Público 25-35 | Interesses Finanças;AD001;Video_Depoimento_Joao_v1;Video;Depoimento;instagram;11966;194;51,05;0,26;4,27;1,622;11;0;1067,00;20,90;8859;1,48;3387
2024-11-27;CAMP001;Finanças do Zero | Perpétuo | Conversão;CONVERSIONS;AS001;Público 25-35 | Interesses Finanças;AD001;Video_Depoimento_Joao_v1;Video;Depoimento;facebook;7885;124;40,62;0,33;5,15;1,585;6;0;582,00;14,33;6459;1,53;2361
2024-11-28;CAMP001;Finanças do Zero | Perpétuo | Conversão;CONVERSIONS;AS001;Público 25-35 | Interesses Finanças;AD001;Video_Depoimento_Joao_v1;Video;Depoimento;facebook;9526;186;44,68;0,24;4,69;1,957;11;0;1067,00;23,88;7060;1,50;3063
2024-11-29;CAMP001;Finanças do Zero | Perpétuo | Conversão;CONVERSIONS;AS001;Público 25-35 | Interesses Finanças;AD001;Video_Depoimento_Joao_v1;Video;Depoimento;facebook;6903;119;36,42;0,31;5,28;1,732;7;0;679,00;18,64;5235;1,21;2268
2024-11-30;CAMP001;Finanças do Zero | Perpétuo | Conversão;CONVERSIONS;AS001;Público 25-35 | Interesses Finanças;AD001;Video_Depoimento_Joao_v1;Video;Depoimento;instagram;9927;158;40,20;0,25;4,05;1,597;10;0;970,00;24,13;6832;1,21;2693
2024-12-01;CAMP001;Finanças do Zero | Perpétuo | Conversão;CONVERSIONS;AS001;Público 25-35 | Interesses Finanças;AD001;Video_Depoimento_Joao_v1;Video;Depoimento;facebook;4900;93;24,77;0,27;5,05;1,899;2;0;194,00;7,83;3318;1,28;1432
2024-12-02;CAMP001;Finanças do Zero | Perpétuo | Conversão;CONVERSIONS;AS001;Público 25-35 | Interesses Finanças;AD001;Video_Depoimento_Joao_v1;Video;Depoimento;instagram;4761;77;20,50;0,27;4,31;1,622;3;0;291,00;14,20;3313;1,47;1265
2024-12-03;CAMP001;Finanças do Zero | Perpétuo | Conversão;CONVERSIONS;AS001;Público 25-35 | Interesses Finanças;AD001;Video_Depoimento_Joao_v1;Video;Depoimento;instagram;3986;68;22,93;0,34;5,75;1,717;2;0;194,00;8,46;2696;1,39;1208
2024-12-04;CAMP001;Finanças do Zero | Perpétuo | Conversão;CONVERSIONS;AS001;Público 25-35 | Interesses Finanças;AD001;Video_Depoimento_Joao_v1;Video;Depoimento;instagram;5530;93;20,98;0,23;3,79;1,698;3;0;291,00;13,87;4211;1,25;1520
2024-12-05;CAMP001;Finanças do Zero | Perpétuo | Conversão;CONVERSIONS;AS001;Público 25-35 | Interesses Finanças;AD001;Video_Depoimento_Joao_v1;Video;Depoimento;facebook;4752;83;25,87;0,31;5,44;1,763;3;0;291,00;11,25;3855;1,25;1534
2024-12-06;CAMP001;Finanças do Zero | Perpétuo | Conversão;CONVERSIONS;AS001;Público 25-35 | Interesses Finanças;AD001;Video_Depoimento_Joao_v1;Video;Depoimento;facebook;5730;112;22,41;0,20;3,91;1,965;3;0;291,00;12,99;4299;1,16;1884
2024-12-07;CAMP001;Finanças do Zero | Perpétuo | Conversão;CONVERSIONS;AS001;Público 25-35 | Interesses Finanças;AD001;Video_Depoimento_Joao_v1;Video;Depoimento;facebook;6914;132;24,65;0,19;3,57;1,911;4;0;388,00;15,74;5569;1,67;1888
2024-12-08;CAMP001;Finanças do Zero | Perpétuo | Conversão;CONVERSIONS;AS001;Público 25-35 | Interesses Finanças;AD001;Video_Depoimento_Joao_v1;Video;Depoimento;facebook;6817;126;27,80;0,22;4,08;1,855;4;0;388,00;13,96;4606;1,26;2072
2024-12-09;CAMP001;Finanças do Zero | Perpétuo | Conversão;CONVERSIONS;AS001;Público 25-35 | Interesses Finanças;AD001;Video_Depoimento_Joao_v1;Video;Depoimento;instagram;6215;98;25,62;0,26;4,12;1,589;3;0;291,00;11,36;4227;1,45;1707
2024-12-10;CAMP001;Finanças do Zero | Perpétuo | Conversão;CONVERSIONS;AS001;Público 25-35 | Interesses Finanças;AD001;Video_Depoimento_Joao_v1;Video;Depoimento;instagram;6188;100;21,13;0,21;3,41;1,630;3;0;291,00;13,77;5061;1,56;1751
2024-12-11;CAMP001;Finanças do Zero | Perpétuo | Conversão;CONVERSIONS;AS001;Público 25-35 | Interesses Finanças;AD001;Video_Depoimento_Joao_v1;Video;Depoimento;instagram;5621;98;21,98;0,22;3,91;1,758;3;0;291,00;13,24;3749;1,50;1843
2024-12-12;CAMP001;Finanças do Zero | Perpétuo | Conversão;CONVERSIONS;AS001;Público 25-35 | Interesses Finanças;AD001;Video_Depoimento_Joao_v1;Video;Depoimento;instagram;4762;93;24,30;0,26;5,10;1,972;2;0;194,00;7,98;3409;1,58;1546
2024-12-13;CAMP001;Finanças do Zero | Perpétuo | Conversão;CONVERSIONS;AS001;Público 25-35 | Interesses Finanças;AD001;Video_Depoimento_Joao_v1;Video;Depoimento;instagram;6910;118;23,35;0,20;3,38;1,714;4;0;388,00;16,62;4895;1,55;2031
2024-12-14;CAMP001;Finanças do Zero | Perpétuo | Conversão;CONVERSIONS;AS001;Público 25-35 | Interesses Finanças;AD001;Video_Depoimento_Joao_v1;Video;Depoimento;facebook;4844;92;28,22;0,31;5,83;1,904;3;0;291,00;10,31;3646;1,61;1334
2024-12-15;CAMP001;Finanças do Zero | Perpétuo | Conversão;CONVERSIONS;AS001;Público 25-35 | Interesses Finanças;AD001;Video_Depoimento_Joao_v1;Video;Depoimento;facebook;5084;99;26,19;0,26;5,15;1,964;2;0;194,00;7,41;4121;1,23;1433
2024-12-16;CAMP001;Finanças do Zero | Perpétuo | Conversão;CONVERSIONS;AS001;Público 25-35 | Interesses Finanças;AD001;Video_Depoimento_Joao_v1;Video;Depoimento;facebook;6489;125;21,52;0,17;3,32;1,940;4;0;388,00;18,03;5078;1,48;1826
2024-12-17;CAMP001;Finanças do Zero | Perpétuo | Conversão;CONVERSIONS;AS001;Público 25-35 | Interesses Finanças;AD001;Video_Depoimento_Joao_v1;Video;Depoimento;instagram;5721;104;22,80;0,22;3,98;1,822;3;0;291,00;12,76;4547;1,59;1794
2024-12-18;CAMP001;Finanças do Zero | Perpétuo | Conversão;CONVERSIONS;AS001;Público 25-35 | Interesses Finanças;AD001;Video_Depoimento_Joao_v1;Video;Depoimento;facebook;4383;87;22,19;0,26;5,06;2,001;3;0;291,00;13,11;3105;1,48;1286
2024-12-19;CAMP001;Finanças do Zero | Perpétuo | Conversão;CONVERSIONS;AS001;Público 25-35 | Interesses Finanças;AD001;Video_Depoimento_Joao_v1;Video;Depoimento;facebook;5588;110;17,95;0,16;3,21;1,978;4;0;388,00;21,62;3913;1,46;1719
2024-12-20;CAMP001;Finanças do Zero | Perpétuo | Conversão;CONVERSIONS;AS001;Público 25-35 | Interesses Finanças;AD001;Video_Depoimento_Joao_v1;Video;Depoimento;facebook;6715;132;24,07;0,18;3,59;1,971;5;0;485,00;20,15;4995;1,38;2100
2024-12-21;CAMP001;Finanças do Zero | Perpétuo | Conversão;CONVERSIONS;AS001;Público 25-35 | Interesses Finanças;AD001;Video_Depoimento_Joao_v1;Video;Depoimento;instagram;5419;101;27,34;0,27;5,05;1,870;4;0;388,00;14,19;3867;1,33;1472
2024-12-22;CAMP001;Finanças do Zero | Perpétuo | Conversão;CONVERSIONS;AS001;Público 25-35 | Interesses Finanças;AD001;Video_Depoimento_Joao_v1;Video;Depoimento;instagram;6529;110;24,62;0,22;3,77;1,697;4;0;388,00;15,76;4530;1,62;1966
2024-12-23;CAMP001;Finanças do Zero | Perpétuo | Conversão;CONVERSIONS;AS001;Público 25-35 | Interesses Finanças;AD001;Video_Depoimento_Joao_v1;Video;Depoimento;facebook;4347;76;23,17;0,30;5,33;1,759;2;0;194,00;8,37;3381;1,20;1459
2024-12-24;CAMP001;Finanças do Zero | Perpétuo | Conversão;CONVERSIONS;AS001;Público 25-35 | Interesses Finanças;AD001;Video_Depoimento_Joao_v1;Video;Depoimento;facebook;4679;88;19,26;0,22;4,12;1,890;3;0;291,00;15,11;3666;1,23;1450
2024-12-25;CAMP001;Finanças do Zero | Perpétuo | Conversão;CONVERSIONS;AS001;Público 25-35 | Interesses Finanças;AD001;Video_Depoimento_Joao_v1;Video;Depoimento;instagram;6054;100;21,77;0,22;3,60;1,657;3;0;291,00;13,37;4102;1,43;1654
2024-12-26;CAMP001;Finanças do Zero | Perpétuo | Conversão;CONVERSIONS;AS001;Público 25-35 | Interesses Finanças;AD001;Video_Depoimento_Joao_v1;Video;Depoimento;instagram;6008;112;20,02;0,18;3,33;1,878;3;0;291,00;14,54;4206;1,17;1963
2024-12-27;CAMP001;Finanças do Zero | Perpétuo | Conversão;CONVERSIONS;AS001;Público 25-35 | Interesses Finanças;AD001;Video_Depoimento_Joao_v1;Video;Depoimento;facebook;5875;104;23,02;0,22;3,92;1,784;3;0;291,00;12,64;4376;1,15;1633
2024-12-28;CAMP001;Finanças do Zero | Perpétuo | Conversão;CONVERSIONS;AS001;Público 25-35 | Interesses Finanças;AD001;Video_Depoimento_Joao_v1;Video;Depoimento;instagram;5744;112;22,51;0,20;3,92;1,960;3;0;291,00;12,93;4214;1,68;1751
2024-12-29;CAMP001;Finanças do Zero | Perpétuo | Conversão;CONVERSIONS;AS001;Público 25-35 | Interesses Finanças;AD001;Video_Depoimento_Joao_v1;Video;Depoimento;facebook;5992;115;29,21;0,25;4,87;1,921;4;0;388,00;13,28;4292;1,47;1606
2024-12-30;CAMP001;Finanças do Zero | Perpétuo | Conversão;CONVERSIONS;AS001;Público 25-35 | Interesses Finanças;AD001;Video_Depoimento_Joao_v1;Video;Depoimento;facebook;4868;80;23,15;0,29;4,76;1,652;3;0;291,00;12,57;3751;1,56;1507
2024-12-31;CAMP001;Finanças do Zero | Perpétuo | Conversão;CONVERSIONS;AS001;Público 25-35 | Interesses Finanças;AD001;Video_Depoimento_Joao_v1;Video;Depoimento;instagram;6038;100;19,97;0,20;3,31;1,670;3;0;291,00;14,57;4807;1,13;1824
2025-01-01;CAMP001;Finanças do Zero | Perpétuo | Conversão;CONVERSIONS;AS001;Público 25-35 | Interesses Finanças;AD001;Video_Depoimento_Joao_v1;Video;Depoimento;instagram;3925;77;19,25;0,25;4,90;1,963;2;0;194,00;10,08;2708;1,18;1269
2025-01-02;CAMP001;Finanças do Zero | Perpétuo | Conversão;CONVERSIONS;AS001;Público 25-35 | Interesses Finanças;AD001;Video_Depoimento_Joao_v1;Video;Depoimento;instagram;4889;84;22,68;0,27;4,64;1,730;3;0;291,00;12,83;4103;1,68;1463
2025-01-03;CAMP001;Finanças do Zero | Perpétuo | Conversão;CONVERSIONS;AS001;Público 25-35 | Interesses Finanças;AD001;Video_Depoimento_Joao_v1;Video;Depoimento;facebook;5326;84;26,55;0,32;4,98;1,592;2;0;194,00;7,31;4218;1,67;1632
2025-01-04;CAMP001;Finanças do Zero | Perpétuo | Conversão;CONVERSIONS;AS001;Público 25-35 | Interesses Finanças;AD001;Video_Depoimento_Joao_v1;Video;Depoimento;facebook;5296;103;20,97;0,20;3,96;1,963;3;0;291,00;13,88;4061;1,42;1416
2025-01-05;CAMP001;Finanças do Zero | Perpétuo | Conversão;CONVERSIONS;AS001;Público 25-35 | Interesses Finanças;AD001;Video_Depoimento_Joao_v1;Video;Depoimento;facebook;5457;96;21,08;0,22;3,86;1,776;2;0;194,00;9,20;3803;1,26;1710
2025-01-06;CAMP001;Finanças do Zero | Perpétuo | Conversão;CONVERSIONS;AS001;Público 25-35 | Interesses Finanças;AD001;Video_Depoimento_Joao_v1;Video;Depoimento;facebook;4128;76;20,66;0,27;5,00;1,853;2;0;194,00;9,39;3104;1,35;1273
2025-01-07;CAMP001;Finanças do Zero | Perpétuo | Conversão;CONVERSIONS;AS001;Público 25-35 | Interesses Finanças;AD001;Video_Depoimento_Joao_v1;Video;Depoimento;instagram;5705;109;22,66;0,21;3,97;1,920;4;0;388,00;17,12;4487;1,66;1627
2025-01-08;CAMP001;Finanças do Zero | Perpétuo | Conversão;CONVERSIONS;AS001;Público 25-35 | Interesses Finanças;AD001;Video_Depoimento_Joao_v1;Video;Depoimento;facebook;4425;76;22,88;0,30;5,17;1,727;2;0;194,00;8,48;3585;1,50;1381
2025-01-09;CAMP001;Finanças do Zero | Perpétuo | Conversão;CONVERSIONS;AS001;Público 25-35 | Interesses Finanças;AD001;Video_Depoimento_Joao_v1;Video;Depoimento;instagram;4044;65;22,48;0,35;5,56;1,628;2;0;194,00;8,63;2861;1,25;1082
2025-01-10;CAMP001;Finanças do Zero | Perpétuo | Conversão;CONVERSIONS;AS001;Público 25-35 | Interesses Finanças;AD001;Video_Depoimento_Joao_v1;Video;Depoimento;facebook;7265;136;24,21;0,18;3,33;1,876;4;0;388,00;16,03;4807;1,18;1990
2025-01-11;CAMP001;Finanças do Zero | Perpétuo | Conversão;CONVERSIONS;AS001;Público 25-35 | Interesses Finanças;AD001;Video_Depoimento_Joao_v1;Video;Depoimento;instagram;6183;105;29,43;0,28;4,76;1,700;4;0;388,00;13,18;4284;1,33;1810
2025-01-12;CAMP001;Finanças do Zero | Perpétuo | Conversão;CONVERSIONS;AS001;Público 25-35 | Interesses Finanças;AD001;Video_Depoimento_Joao_v1;Video;Depoimento;facebook;5737;110;30,87;0,28;5,38;1,930;4;0;388,00;12,57;3923;1,57;1814
2025-01-13;CAMP001;Finanças do Zero | Perpétuo | Conversão;CONVERSIONS;AS001;Público 25-35 | Interesses Finanças;AD001;Video_Depoimento_Joao_v1;Video;Depoimento;instagram;6219;111;28,56;0,26;4,59;1,793;3;0;291,00;10,19;4976;1,37;1915
2025-01-14;CAMP001;Finanças do Zero | Perpétuo | Conversão;CONVERSIONS;AS001;Público 25-35 | Interesses Finanças;AD001;Video_Depoimento_Joao_v1;Video;Depoimento;instagram;7157;128;27,71;0,22;3,87;1,793;4;0;388,00;14,00;4782;1,62;2024
2025-01-15;CAMP001;Finanças do Zero | Perpétuo | Conversão;CONVERSIONS;AS001;Público 25-35 | Interesses Finanças;AD001;Video_Depoimento_Joao_v1;Video;Depoimento;instagram;5813;106;23,69;0,22;4,08;1,833;3;0;291,00;12,28;4379;1,67;1822
2025-01-16;CAMP001;Finanças do Zero | Perpétuo | Conversão;CONVERSIONS;AS001;Público 25-35 | Interesses Finanças;AD001;Video_Depoimento_Joao_v1;Video;Depoimento;facebook;5641;105;23,86;0,23;4,23;1,871;3;0;291,00;12,20;3734;1,20;1868
2025-01-17;CAMP001;Finanças do Zero | Perpétuo | Conversão;CONVERSIONS;AS001;Público 25-35 | Interesses Finanças;AD001;Video_Depoimento_Joao_v1;Video;Depoimento;instagram;5289;100;21,46;0,21;4,06;1,909;3;0;291,00;13,56;3538;1,31;1481
2025-01-18;CAMP001;Finanças do Zero | Perpétuo | Conversão;CONVERSIONS;AS001;Público 25-35 | Interesses Finanças;AD001;Video_Depoimento_Joao_v1;Video;Depoimento;instagram;5469;105;26,25;0,25;4,80;1,930;3;0;291,00;11,09;3920;1,60;1829
2025-01-19;CAMP001;Finanças do Zero | Perpétuo | Conversão;CONVERSIONS;AS001;Público 25-35 | Interesses Finanças;AD001;Video_Depoimento_Joao_v1;Video;Depoimento;instagram;4818;87;24,12;0,28;5,01;1,821;3;0;291,00;12,06;3951;1,56;1467
2025-01-20;CAMP001;Finanças do Zero | Perpétuo | Conversão;CONVERSIONS;AS001;Público 25-35 | Interesses Finanças;AD001;Video_Depoimento_Joao_v1;Video;Depoimento;instagram;5243;101;26,05;0,26;4,97;1,937;4;0;388,00;14,89;4136;1,31;1521
2025-01-21;CAMP001;Finanças do Zero | Perpétuo | Conversão;CONVERSIONS;AS001;Público 25-35 | Interesses Finanças;AD001;Video_Depoimento_Joao_v1;Video;Depoimento;instagram;4537;78;20,28;0,26;4,47;1,737;2;0;194,00;9,57;3567;1,57;1212
2025-01-22;CAMP001;Finanças do Zero | Perpétuo | Conversão;CONVERSIONS;AS001;Público 25-35 | Interesses Finanças;AD001;Video_Depoimento_Joao_v1;Video;Depoimento;instagram;4373;71;22,56;0,32;5,16;1,630;2;0;194,00;8,60;3055;1,23;1414
2025-01-23;CAMP001;Finanças do Zero | Perpétuo | Conversão;CONVERSIONS;AS001;Público 25-35 | Interesses Finanças;AD001;Video_Depoimento_Joao_v1;Video;Depoimento;instagram;4896;90;19,22;0,21;3,93;1,858;3;0;291,00;15,14;3634;1,19;1500
2025-01-24;CAMP001;Finanças do Zero | Perpétuo | Conversão;CONVERSIONS;AS001;Público 25-35 | Interesses Finanças;AD001;Video_Depoimento_Joao_v1;Video;Depoimento;facebook;5679;103;24,65;0,24;4,34;1,823;3;0;291,00;11,81;4455;1,45;1570
2025-01-25;CAMP001;Finanças do Zero | Perpétuo | Conversão;CONVERSIONS;AS001;Público 25-35 | Interesses Finanças;AD001;Video_Depoimento_Joao_v1;Video;Depoimento;facebook;5446;93;28,27;0,30;5,19;1,723;3;0;291,00;10,29;3862;1,35;1815
2025-01-26;CAMP001;Finanças do Zero | Perpétuo | Conversão;CONVERSIONS;AS001;Público 25-35 | Interesses Finanças;AD001;Video_Depoimento_Joao_v1;Video;Depoimento;instagram;5860;110;27,93;0,25;4,77;1,886;4;0;388,00;13,89;4618;1,29;1941
2025-01-27;CAMP001;Finanças do Zero | Perpétuo | Conversão;CONVERSIONS;AS001;Público 25-35 | Interesses Finanças;AD001;Video_Depoimento_Joao_v1;Video;Depoimento;facebook;4953;85;22,83;0,27;4,61;1,733;3;0;291,00;12,75;3718;1,67;1555
2025-01-28;CAMP001;Finanças do Zero | Perpétuo | Conversão;CONVERSIONS;AS001;Público 25-35 | Interesses Finanças;AD001;Video_Depoimento_Joao_v1;Video;Depoimento;instagram;4121;75;22,20;0,30;5,39;1,831;2;0;194,00;8,74;3370;1,35;1213
2025-01-29;CAMP001;Finanças do Zero | Perpétuo | Conversão;CONVERSIONS;AS001;Público 25-35 | Interesses Finanças;AD001;Video_Depoimento_Joao_v1;Video;Depoimento;instagram;3810;61;18,37;0,30;4,82;1,608;1;0;97,00;5,28;2983;1,56;1046
2025-01-30;CAMP001;Finanças do Zero | Perpétuo | Conversão;CONVERSIONS;AS001;Público 25-35 | Interesses Finanças;AD001;Video_Depoimento_Joao_v1;Video;Depoimento;facebook;5005;87;21,06;0,24;4,21;1,739;2;0;194,00;9,21;3972;1,47;1523
2025-01-31;CAMP001;Finanças do Zero | Perpétuo | Conversão;CONVERSIONS;AS001;Público 25-35 | Interesses Finanças;AD001;Video_Depoimento_Joao_v1;Video;Depoimento;instagram;6046;113;20,72;0,18;3,43;1,871;4;0;388,00;18,73;5041;1,34;1619
2024-02-01;CAMP001;Finanças do Zero | Perpétuo | Conversão;CONVERSIONS;AS001;Público 25-35 | Interesses Finanças;AD002;Carrossel_Dicas_Financas_v1;Carousel;Educativo;instagram;4615;81;23,00;0,28;4,98;1,775;2;0;194,00;8,43;3673;1,47;0
2024-02-02;CAMP001;Finanças do Zero | Perpétuo | Conversão;CONVERSIONS;AS001;Público 25-35 | Interesses Finanças;AD002;Carrossel_Dicas_Financas_v1;Carousel;Educativo;facebook;5182;88;22,48;0,26;4,34;1,711;2;0;194,00;8,63;4317;1,50;0
2024-02-03;CAMP001;Finanças do Zero | Perpétuo | Conversão;CONVERSIONS;AS001;Público 25-35 | Interesses Finanças;AD002;Carrossel_Dicas_Financas_v1;Carousel;Educativo;facebook;3969;67;22,01;0,33;5,55;1,698;2;0;194,00;8,81;2855;1,59;0
2024-02-04;CAMP001;Finanças do Zero | Perpétuo | Conversão;CONVERSIONS;AS001;Público 25-35 | Interesses Finanças;AD002;Carrossel_Dicas_Financas_v1;Carousel;Educativo;instagram;4141;66;22,12;0,34;5,34;1,606;2;0;194,00;8,77;3098;1,46;0
2024-02-05;CAMP001;Finanças do Zero | Perpétuo | Conversão;CONVERSIONS;AS001;Público 25-35 | Interesses Finanças;AD002;Carrossel_Dicas_Financas_v1;Carousel;Educativo;facebook;4690;78;19,46;0,25;4,15;1,679;2;0;194,00;9,97;3446;1,16;0
2024-02-06;CAMP001;Finanças do Zero | Perpétuo | Conversão;CONVERSIONS;AS001;Público 25-35 | Interesses Finanças;AD002;Carrossel_Dicas_Financas_v1;Carousel;Educativo;instagram;3562;61;18,79;0,31;5,28;1,727;2;0;194,00;10,32;2989;1,24;0
2024-02-07;CAMP001;Finanças do Zero | Perpétuo | Conversão;CONVERSIONS;AS001;Público 25-35 | Interesses Finanças;AD002;Carrossel_Dicas_Financas_v1;Carousel;Educativo;facebook;5287;93;22,43;0,24;4,24;1,777;3;0;291,00;12,97;4401;1,46;0
2024-02-08;CAMP001;Finanças do Zero | Perpétuo | Conversão;CONVERSIONS;AS001;Público 25-35 | Interesses Finanças;AD002;Carrossel_Dicas_Financas_v1;Carousel;Educativo;instagram;4869;85;23,11;0,27;4,75;1,751;3;0;291,00;12,59;3664;1,28;0
2024-02-09;CAMP001;Finanças do Zero | Perpétuo | Conversão;CONVERSIONS;AS001;Público 25-35 | Interesses Finanças;AD002;Carrossel_Dicas_Financas_v1;Carousel;Educativo;facebook;4359;75;20,77;0,28;4,77;1,722;2;0;194,00;9,34;3368;1,17;0
2024-02-10;CAMP001;Finanças do Zero | Perpétuo | Conversão;CONVERSIONS;AS001;Público 25-35 | Interesses Finanças;AD002;Carrossel_Dicas_Financas_v1;Carousel;Educativo;instagram;4631;90;21,38;0,24;4,62;1,945;2;0;194,00;9,07;3595;1,58;0
2024-02-11;CAMP001;Finanças do Zero | Perpétuo | Conversão;CONVERSIONS;AS001;Público 25-35 | Interesses Finanças;AD002;Carrossel_Dicas_Financas_v1;Carousel;Educativo;instagram;5679;98;24,08;0,25;4,24;1,727;2;0;194,00;8,06;4318;1,15;0
2024-02-12;CAMP001;Finanças do Zero | Perpétuo | Conversão;CONVERSIONS;AS001;Público 25-35 | Interesses Finanças;AD002;Carrossel_Dicas_Financas_v1;Carousel;Educativo;facebook;3889;72;19,81;0,28;5,09;1,856;2;0;194,00;9,79;2941;1,13;0
2024-02-13;CAMP001;Finanças do Zero | Perpétuo | Conversão;CONVERSIONS;AS001;Público 25-35 | Interesses Finanças;AD002;Carrossel_Dicas_Financas_v1;Carousel;Educativo;facebook;5308;100;21,10;0,21;3,98;1,887;2;0;194,00;9,19;3780;1,64;0
2024-02-14;CAMP001;Finanças do Zero | Perpétuo | Conversão;CONVERSIONS;AS001;Público 25-35 | Interesses Finanças;AD002;Carrossel_Dicas_Financas_v1;Carousel;Educativo;facebook;4764;83;23,03;0,28;4,83;1,749;3;0;291,00;12,64;3601;1,14;0
2024-02-15;CAMP001;Finanças do Zero | Perpétuo | Conversão;CONVERSIONS;AS001;Público 25-35 | Interesses Finanças;AD002;Carrossel_Dicas_Financas_v1;Carousel;Educativo;instagram;4285;85;18,45;0,22;4,31;1,999;2;0;194,00;10,51;3566;1,50;0
2024-02-16;CAMP001;Finanças do Zero | Perpétuo | Conversão;CONVERSIONS;AS001;Público 25-35 | Interesses Finanças;AD002;Carrossel_Dicas_Financas_v1;Carousel;Educativo;facebook;4315;79;15,71;0,20;3,64;1,831;2;0;194,00;12,35;3084;1,43;0
2024-02-17;CAMP001;Finanças do Zero | Perpétuo | Conversão;CONVERSIONS;AS001;Público 25-35 | Interesses Finanças;AD002;Carrossel_Dicas_Financas_v1;Carousel;Educativo;facebook;6066;113;22,82;0,20;3,76;1,863;3;0;291,00;12,75;4677;1,21;0
2024-02-18;CAMP001;Finanças do Zero | Perpétuo | Conversão;CONVERSIONS;AS001;Público 25-35 | Interesses Finanças;AD002;Carrossel_Dicas_Financas_v1;Carousel;Educativo;instagram;4124;66;21,03;0,32;5,10;1,607;2;0;194,00;9,22;3200;1,67;0
2024-02-19;CAMP001;Finanças do Zero | Perpétuo | Conversão;CONVERSIONS;AS001;Público 25-35 | Interesses Finanças;AD002;Carrossel_Dicas_Financas_v1;Carousel;Educativo;facebook;4171;76;16,65;0,22;3,99;1,835;3;0;291,00;17,48;2827;1,32;0
2024-02-20;CAMP001;Finanças do Zero | Perpétuo | Conversão;CONVERSIONS;AS001;Público 25-35 | Interesses Finanças;AD002;Carrossel_Dicas_Financas_v1;Carousel;Educativo;instagram;5312;98;20,33;0,21;3,83;1,850;3;0;291,00;14,31;4278;1,45;0
2024-02-21;CAMP001;Finanças do Zero | Perpétuo | Conversão;CONVERSIONS;AS001;Público 25-35 | Interesses Finanças;AD002;Carrossel_Dicas_Financas_v1;Carousel;Educativo;instagram;4174;78;23,72;0,30;5,68;1,892;2;0;194,00;8,18;2855;1,27;0
2024-02-22;CAMP001;Finanças do Zero | Perpétuo | Conversão;CONVERSIONS;AS001;Público 25-35 | Interesses Finanças;AD002;Carrossel_Dicas_Financas_v1;Carousel;Educativo;facebook;5604;96;20,40;0,21;3,64;1,716;3;0;291,00;14,26;4547;1,22;0
2024-02-23;CAMP001;Finanças do Zero | Perpétuo | Conversão;CONVERSIONS;AS001;Público 25-35 | Interesses Finanças;AD002;Carrossel_Dicas_Financas_v1;Carousel;Educativo;facebook;4253;83;20,49;0,25;4,82;1,967;2;0;194,00;9,47;3457;1,16;0
2024-02-24;CAMP001;Finanças do Zero | Perpétuo | Conversão;CONVERSIONS;AS001;Público 25-35 | Interesses Finanças;AD002;Carrossel_Dicas_Financas_v1;Carousel;Educativo;instagram;6041;101;24,16;0,24;4,00;1,676;2;0;194,00;8,03;4698;1,27;0
2024-02-25;CAMP001;Finanças do Zero | Perpétuo | Conversão;CONVERSIONS;AS001;Público 25-35 | Interesses Finanças;AD002;Carrossel_Dicas_Financas_v1;Carousel;Educativo;facebook;4831;94;20,58;0,22;4,26;1,954;2;0;194,00;9,43;3533;1,40;0
2024-02-26;CAMP001;Finanças do Zero | Perpétuo | Conversão;CONVERSIONS;AS001;Público 25-35 | Interesses Finanças;AD002;Carrossel_Dicas_Financas_v1;Carousel;Educativo;instagram;5339;98;21,48;0,22;4,02;1,849;2;0;194,00;9,03;3676;1,41;0
2024-02-27;CAMP001;Finanças do Zero | Perpétuo | Conversão;CONVERSIONS;AS001;Público 25-35 | Interesses Finanças;AD002;Carrossel_Dicas_Financas_v1;Carousel;Educativo;instagram;5236;99;18,59;0,19;3,55;1,900;4;0;388,00;20,87;3674;1,14;0
2024-02-28;CAMP001;Finanças do Zero | Perpétuo | Conversão;CONVERSIONS;AS001;Público 25-35 | Interesses Finanças;AD002;Carrossel_Dicas_Financas_v1;Carousel;Educativo;facebook;3993;76;18,95;0,25;4,75;1,926;2;0;194,00;10,24;2664;1,63;0
2024-02-29;CAMP001;Finanças do Zero | Perpétuo | Conversão;CONVERSIONS;AS001;Público 25-35 | Interesses Finanças;AD002;Carrossel_Dicas_Financas_v1;Carousel;Educativo;facebook;4385;74;21,38;0,29;4,88;1,702;2;0;194,00;9,07;3191;1,44;0
2024-03-01;CAMP001;Finanças do Zero | Perpétuo | Conversão;CONVERSIONS;AS001;Público 25-35 | Interesses Finanças;AD002;Carrossel_Dicas_Financas_v1;Carousel;Educativo;instagram;11506;194;39,53;0,20;3,44;1,693;12;0;1164,00;29,45;8324;1,24;0
2024-03-02;CAMP001;Finanças do Zero | Perpétuo | Conversão;CONVERSIONS;AS001;Público 25-35 | Interesses Finanças;AD002;Carrossel_Dicas_Financas_v1;Carousel;Educativo;facebook;11460;206;51,59;0,25;4,50;1,801;9;0;873,00;16,92;8624;1,21;0
2024-03-03;CAMP001;Finanças do Zero | Perpétuo | Conversão;CONVERSIONS;AS001;Público 25-35 | Interesses Finanças;AD002;Carrossel_Dicas_Financas_v1;Carousel;Educativo;instagram;8089;156;46,30;0,30;5,72;1,937;9;0;873,00;18,86;6387;1,35;0
2024-03-04;CAMP001;Finanças do Zero | Perpétuo | Conversão;CONVERSIONS;AS001;Público 25-35 | Interesses Finanças;AD002;Carrossel_Dicas_Financas_v1;Carousel;Educativo;facebook;10528;204;45,61;0,22;4,33;1,944;9;0;873,00;19,14;7203;1,14;0
2024-03-05;CAMP001;Finanças do Zero | Perpétuo | Conversão;CONVERSIONS;AS001;Público 25-35 | Interesses Finanças;AD002;Carrossel_Dicas_Financas_v1;Carousel;Educativo;facebook;13075;259;48,84;0,19;3,74;1,982;14;0;1358,00;27,81;10697;1,35;0
2024-03-06;CAMP001;Finanças do Zero | Perpétuo | Conversão;CONVERSIONS;AS001;Público 25-35 | Interesses Finanças;AD002;Carrossel_Dicas_Financas_v1;Carousel;Educativo;facebook;17469;322;56,09;0,17;3,21;1,846;17;0;1649,00;29,40;14140;1,39;0
2024-03-07;CAMP001;Finanças do Zero | Perpétuo | Conversão;CONVERSIONS;AS001;Público 25-35 | Interesses Finanças;AD002;Carrossel_Dicas_Financas_v1;Carousel;Educativo;instagram;17843;333;58,98;0,18;3,31;1,869;16;0;1552,00;26,31;14738;1,53;0
2024-03-08;CAMP001;Finanças do Zero | Perpétuo | Conversão;CONVERSIONS;AS001;Público 25-35 | Interesses Finanças;AD002;Carrossel_Dicas_Financas_v1;Carousel;Educativo;instagram;12765;203;64,15;0,32;5,03;1,591;11;0;1067,00;16,63;10323;1,63;0
2024-03-09;CAMP001;Finanças do Zero | Perpétuo | Conversão;CONVERSIONS;AS001;Público 25-35 | Interesses Finanças;AD002;Carrossel_Dicas_Financas_v1;Carousel;Educativo;facebook;16922;332;79,92;0,24;4,72;1,963;18;0;1746,00;21,85;12637;1,54;0
2024-03-10;CAMP001;Finanças do Zero | Perpétuo | Conversão;CONVERSIONS;AS001;Público 25-35 | Interesses Finanças;AD002;Carrossel_Dicas_Financas_v1;Carousel;Educativo;instagram;19851;380;83,87;0,22;4,23;1,919;22;0;2134,00;25,44;16227;1,41;0
2024-03-11;CAMP001;Finanças do Zero | Perpétuo | Conversão;CONVERSIONS;AS001;Público 25-35 | Interesses Finanças;AD002;Carrossel_Dicas_Financas_v1;Carousel;Educativo;facebook;23720;454;95,87;0,21;4,04;1,916;23;0;2231,00;23,27;17471;1,57;0
2024-03-12;CAMP001;Finanças do Zero | Perpétuo | Conversão;CONVERSIONS;AS001;Público 25-35 | Interesses Finanças;AD002;Carrossel_Dicas_Financas_v1;Carousel;Educativo;facebook;26292;484;83,97;0,17;3,19;1,842;27;0;2619,00;31,19;20708;1,26;0
2024-03-13;CAMP001;Finanças do Zero | Perpétuo | Conversão;CONVERSIONS;AS001;Público 25-35 | Interesses Finanças;AD002;Carrossel_Dicas_Financas_v1;Carousel;Educativo;instagram;24236;452;98,94;0,22;4,08;1,867;27;0;2619,00;26,47;16460;1,30;0
2024-03-14;CAMP001;Finanças do Zero | Perpétuo | Conversão;CONVERSIONS;AS001;Público 25-35 | Interesses Finanças;AD002;Carrossel_Dicas_Financas_v1;Carousel;Educativo;instagram;24008;438;107,69;0,25;4,49;1,828;25;0;2425,00;22,52;19107;1,68;0
2024-03-15;CAMP001;Finanças do Zero | Perpétuo | Conversão;CONVERSIONS;AS001;Público 25-35 | Interesses Finanças;AD002;Carrossel_Dicas_Financas_v1;Carousel;Educativo;instagram;27712;505;104,35;0,21;3,77;1,824;25;0;2425,00;23,24;22151;1,29;0
2024-03-16;CAMP001;Finanças do Zero | Perpétuo | Conversão;CONVERSIONS;AS001;Público 25-35 | Interesses Finanças;AD002;Carrossel_Dicas_Financas_v1;Carousel;Educativo;facebook;22344;376;96,34;0,26;4,31;1,683;23;0;2231,00;23,16;15609;1,65;0
2024-03-17;CAMP001;Finanças do Zero | Perpétuo | Conversão;CONVERSIONS;AS001;Público 25-35 | Interesses Finanças;AD002;Carrossel_Dicas_Financas_v1;Carousel;Educativo;facebook;22168;418;107,27;0,26;4,84;1,889;20;0;1940,00;18,09;17840;1,66;0
2024-03-18;CAMP001;Finanças do Zero | Perpétuo | Conversão;CONVERSIONS;AS001;Público 25-35 | Interesses Finanças;AD002;Carrossel_Dicas_Financas_v1;Carousel;Educativo;instagram;24849;421;96,26;0,23;3,87;1,698;22;0;2134,00;22,17;20563;1,46;0
2024-03-19;CAMP001;Finanças do Zero | Perpétuo | Conversão;CONVERSIONS;AS001;Público 25-35 | Interesses Finanças;AD002;Carrossel_Dicas_Financas_v1;Carousel;Educativo;instagram;20910;336;99,72;0,30;4,77;1,609;20;0;1940,00;19,45;15452;1,22;0
2024-03-20;CAMP001;Finanças do Zero | Perpétuo | Conversão;CONVERSIONS;AS001;Público 25-35 | Interesses Finanças;AD002;Carrossel_Dicas_Financas_v1;Carousel;Educativo;facebook;20565;328;74,01;0,23;3,60;1,599;19;0;1843,00;24,90;15850;1,41;0
2024-03-21;CAMP001;Finanças do Zero | Perpétuo | Conversão;CONVERSIONS;AS001;Público 25-35 | Interesses Finanças;AD002;Carrossel_Dicas_Financas_v1;Carousel;Educativo;instagram;17765;288;88,36;0,31;4,97;1,622;14;0;1358,00;15,37;13021;1,34;0
2024-03-22;CAMP001;Finanças do Zero | Perpétuo | Conversão;CONVERSIONS;AS001;Público 25-35 | Interesses Finanças;AD002;Carrossel_Dicas_Financas_v1;Carousel;Educativo;instagram;12152;221;70,25;0,32;5,78;1,821;13;0;1261,00;17,95;8780;1,43;0
2024-03-23;CAMP001;Finanças do Zero | Perpétuo | Conversão;CONVERSIONS;AS001;Público 25-35 | Interesses Finanças;AD002;Carrossel_Dicas_Financas_v1;Carousel;Educativo;facebook;15101;265;66,34;0,25;4,39;1,759;11;0;1067,00;16,08;11485;1,22;0
2024-03-24;CAMP001;Finanças do Zero | Perpétuo | Conversão;CONVERSIONS;AS001;Público 25-35 | Interesses Finanças;AD002;Carrossel_Dicas_Financas_v1;Carousel;Educativo;instagram;11096;188;57,29;0,30;5,16;1,695;10;0;970,00;16,93;8709;1,56;0
2024-03-25;CAMP001;Finanças do Zero | Perpétuo | Conversão;CONVERSIONS;AS001;Público 25-35 | Interesses Finanças;AD002;Carrossel_Dicas_Financas_v1;Carousel;Educativo;facebook;14809;296;62,49;0,21;4,22;1,999;16;0;1552,00;24,84;11058;1,38;0
2024-03-26;CAMP001;Finanças do Zero | Perpétuo | Conversão;CONVERSIONS;AS001;Público 25-35 | Interesses Finanças;AD002;Carrossel_Dicas_Financas_v1;Carousel;Educativo;instagram;10962;206;43,82;0,21;4,00;1,887;12;0;1164,00;26,56;8254;1,35;0
2024-03-27;CAMP001;Finanças do Zero | Perpétuo | Conversão;CONVERSIONS;AS001;Público 25-35 | Interesses Finanças;AD002;Carrossel_Dicas_Financas_v1;Carousel;Educativo;facebook;10409;195;37,98;0,19;3,65;1,875;12;0;1164,00;30,65;7762;1,16;0
2024-03-28;CAMP001;Finanças do Zero | Perpétuo | Conversão;CONVERSIONS;AS001;Público 25-35 | Interesses Finanças;AD002;Carrossel_Dicas_Financas_v1;Carousel;Educativo;facebook;11356;213;49,41;0,23;4,35;1,879;13;0;1261,00;25,52;7975;1,40;0
2024-03-29;CAMP001;Finanças do Zero | Perpétuo | Conversão;CONVERSIONS;AS001;Público 25-35 | Interesses Finanças;AD002;Carrossel_Dicas_Financas_v1;Carousel;Educativo;facebook;8208;159;45,92;0,29;5,59;1,945;8;0;776,00;16,90;6776;1,56;0
2024-03-30;CAMP001;Finanças do Zero | Perpétuo | Conversão;CONVERSIONS;AS001;Público 25-35 | Interesses Finanças;AD002;Carrossel_Dicas_Financas_v1;Carousel;Educativo;instagram;11798;214;49,58;0,23;4,20;1,818;9;0;873,00;17,61;8832;1,39;0
2024-03-31;CAMP001;Finanças do Zero | Perpétuo | Conversão;CONVERSIONS;AS001;Público 25-35 | Interesses Finanças;AD002;Carrossel_Dicas_Financas_v1;Carousel;Educativo;facebook;14551;292;49,46;0,17;3,40;2,009;19;0;1843,00;37,26;11568;1,28;0
2024-04-01;CAMP001;Finanças do Zero | Perpétuo | Conversão;CONVERSIONS;AS001;Público 25-35 | Interesses Finanças;AD002;Carrossel_Dicas_Financas_v1;Carousel;Educativo;facebook;4283;68;20,74;0,30;4,84;1,598;2;0;194,00;9,35;3179;1,60;0
2024-04-02;CAMP001;Finanças do Zero | Perpétuo | Conversão;CONVERSIONS;AS001;Público 25-35 | Interesses Finanças;AD002;Carrossel_Dicas_Financas_v1;Carousel;Educativo;instagram;4148;77;16,51;0,21;3,98;1,875;2;0;194,00;11,75;3195;1,18;0
2024-04-03;CAMP001;Finanças do Zero | Perpétuo | Conversão;CONVERSIONS;AS001;Público 25-35 | Interesses Finanças;AD002;Carrossel_Dicas_Financas_v1;Carousel;Educativo;facebook;4271;78;19,28;0,25;4,51;1,849;2;0;194,00;10,06;3141;1,40;0
2024-04-04;CAMP001;Finanças do Zero | Perpétuo | Conversão;CONVERSIONS;AS001;Público 25-35 | Interesses Finanças;AD002;Carrossel_Dicas_Financas_v1;Carousel;Educativo;facebook;4617;84;21,59;0,26;4,68;1,831;3;0;291,00;13,48;3646;1,50;0
2024-04-05;CAMP001;Finanças do Zero | Perpétuo | Conversão;CONVERSIONS;AS001;Público 25-35 | Interesses Finanças;AD002;Carrossel_Dicas_Financas_v1;Carousel;Educativo;facebook;5651;109;20,49;0,19;3,63;1,930;4;0;388,00;18,94;3909;1,38;0
2024-04-06;CAMP001;Finanças do Zero | Perpétuo | Conversão;CONVERSIONS;AS001;Público 25-35 | Interesses Finanças;AD002;Carrossel_Dicas_Financas_v1;Carousel;Educativo;facebook;6865;130;22,75;0,17;3,31;1,895;5;0;485,00;21,32;5023;1,29;0
2024-04-07;CAMP001;Finanças do Zero | Perpétuo | Conversão;CONVERSIONS;AS001;Público 25-35 | Interesses Finanças;AD002;Carrossel_Dicas_Financas_v1;Carousel;Educativo;instagram;4739;87;23,56;0,27;4,97;1,856;2;0;194,00;8,23;3435;1,31;0
2024-04-08;CAMP001;Finanças do Zero | Perpétuo | Conversão;CONVERSIONS;AS001;Público 25-35 | Interesses Finanças;AD002;Carrossel_Dicas_Financas_v1;Carousel;Educativo;facebook;5246;91;20,44;0,22;3,90;1,736;3;0;291,00;14,24;4387;1,46;0
2024-04-09;CAMP001;Finanças do Zero | Perpétuo | Conversão;CONVERSIONS;AS001;Público 25-35 | Interesses Finanças;AD002;Carrossel_Dicas_Financas_v1;Carousel;Educativo;instagram;4161;73;20,82;0,29;5,00;1,777;2;0;194,00;9,32;3219;1,46;0
2024-04-10;CAMP001;Finanças do Zero | Perpétuo | Conversão;CONVERSIONS;AS001;Público 25-35 | Interesses Finanças;AD002;Carrossel_Dicas_Financas_v1;Carousel;Educativo;facebook;3981;73;18,11;0,25;4,55;1,857;2;0;194,00;10,71;2684;1,60;0
2024-04-11;CAMP001;Finanças do Zero | Perpétuo | Conversão;CONVERSIONS;AS001;Público 25-35 | Interesses Finanças;AD002;Carrossel_Dicas_Financas_v1;Carousel;Educativo;instagram;4344;80;20,83;0,26;4,79;1,846;2;0;194,00;9,31;3451;1,62;0
2024-04-12;CAMP001;Finanças do Zero | Perpétuo | Conversão;CONVERSIONS;AS001;Público 25-35 | Interesses Finanças;AD002;Carrossel_Dicas_Financas_v1;Carousel;Educativo;facebook;4286;70;22,46;0,32;5,24;1,638;2;0;194,00;8,64;2991;1,26;0
2024-04-13;CAMP001;Finanças do Zero | Perpétuo | Conversão;CONVERSIONS;AS001;Público 25-35 | Interesses Finanças;AD002;Carrossel_Dicas_Financas_v1;Carousel;Educativo;facebook;4628;74;21,96;0,30;4,74;1,607;2;0;194,00;8,83;3141;1,41;0
2024-04-14;CAMP001;Finanças do Zero | Perpétuo | Conversão;CONVERSIONS;AS001;Público 25-35 | Interesses Finanças;AD002;Carrossel_Dicas_Financas_v1;Carousel;Educativo;facebook;4845;81;22,69;0,28;4,68;1,683;3;0;291,00;12,83;3312;1,37;0
2024-04-15;CAMP001;Finanças do Zero | Perpétuo | Conversão;CONVERSIONS;AS001;Público 25-35 | Interesses Finanças;AD002;Carrossel_Dicas_Financas_v1;Carousel;Educativo;instagram;4232;72;24,20;0,34;5,72;1,724;2;0;194,00;8,02;3210;1,67;0
2024-04-16;CAMP001;Finanças do Zero | Perpétuo | Conversão;CONVERSIONS;AS001;Público 25-35 | Interesses Finanças;AD002;Carrossel_Dicas_Financas_v1;Carousel;Educativo;instagram;5214;92;19,21;0,21;3,68;1,781;3;0;291,00;15,15;3932;1,61;0
2024-04-17;CAMP001;Finanças do Zero | Perpétuo | Conversão;CONVERSIONS;AS001;Público 25-35 | Interesses Finanças;AD002;Carrossel_Dicas_Financas_v1;Carousel;Educativo;instagram;4326;83;21,49;0,26;4,97;1,932;2;0;194,00;9,03;2976;1,32;0
2024-04-18;CAMP001;Finanças do Zero | Perpétuo | Conversão;CONVERSIONS;AS001;Público 25-35 | Interesses Finanças;AD002;Carrossel_Dicas_Financas_v1;Carousel;Educativo;instagram;4485;76;16,59;0,22;3,70;1,708;2;0;194,00;11,69;3724;1,51;0
2024-04-19;CAMP001;Finanças do Zero | Perpétuo | Conversão;CONVERSIONS;AS001;Público 25-35 | Interesses Finanças;AD002;Carrossel_Dicas_Financas_v1;Carousel;Educativo;instagram;3644;61;19,47;0,32;5,34;1,684;1;0;97,00;4,98;2983;1,33;0
2024-04-20;CAMP001;Finanças do Zero | Perpétuo | Conversão;CONVERSIONS;AS001;Público 25-35 | Interesses Finanças;AD002;Carrossel_Dicas_Financas_v1;Carousel;Educativo;facebook;4810;93;23,10;0,25;4,80;1,942;2;0;194,00;8,40;3621;1,16;0
2024-04-21;CAMP001;Finanças do Zero | Perpétuo | Conversão;CONVERSIONS;AS001;Público 25-35 | Interesses Finanças;AD002;Carrossel_Dicas_Financas_v1;Carousel;Educativo;facebook;6134;114;22,96;0,20;3,74;1,864;4;0;388,00;16,90;4990;1,27;0
2024-04-22;CAMP001;Finanças do Zero | Perpétuo | Conversão;CONVERSIONS;AS001;Público 25-35 | Interesses Finanças;AD002;Carrossel_Dicas_Financas_v1;Carousel;Educativo;facebook;4107;69;19,57;0,28;4,76;1,702;2;0;194,00;9,91;2823;1,23;0
2024-04-23;CAMP001;Finanças do Zero | Perpétuo | Conversão;CONVERSIONS;AS001;Público 25-35 | Interesses Finanças;AD002;Carrossel_Dicas_Financas_v1;Carousel;Educativo;facebook;4650;76;21,72;0,29;4,67;1,638;2;0;194,00;8,93;3195;1,12;0
2024-04-24;CAMP001;Finanças do Zero | Perpétuo | Conversão;CONVERSIONS;AS001;Público 25-35 | Interesses Finanças;AD002;Carrossel_Dicas_Financas_v1;Carousel;Educativo;instagram;4206;84;22,05;0,26;5,24;2,015;2;0;194,00;8,80;2836;1,56;0
2024-04-25;CAMP001;Finanças do Zero | Perpétuo | Conversão;CONVERSIONS;AS001;Público 25-35 | Interesses Finanças;AD002;Carrossel_Dicas_Financas_v1;Carousel;Educativo;instagram;4011;72;21,27;0,30;5,30;1,819;2;0;194,00;9,12;3237;1,62;0
2024-04-26;CAMP001;Finanças do Zero | Perpétuo | Conversão;CONVERSIONS;AS001;Público 25-35 | Interesses Finanças;AD002;Carrossel_Dicas_Financas_v1;Carousel;Educativo;facebook;4546;87;20,88;0,24;4,59;1,917;2;0;194,00;9,29;3163;1,53;0
2024-04-27;CAMP001;Finanças do Zero | Perpétuo | Conversão;CONVERSIONS;AS001;Público 25-35 | Interesses Finanças;AD002;Carrossel_Dicas_Financas_v1;Carousel;Educativo;facebook;4714;82;22,26;0,27;4,72;1,752;3;0;291,00;13,07;3645;1,64;0
2024-04-28;CAMP001;Finanças do Zero | Perpétuo | Conversão;CONVERSIONS;AS001;Público 25-35 | Interesses Finanças;AD002;Carrossel_Dicas_Financas_v1;Carousel;Educativo;facebook;5549;103;18,98;0,18;3,42;1,860;3;0;291,00;15,33;4634;1,62;0
2024-04-29;CAMP001;Finanças do Zero | Perpétuo | Conversão;CONVERSIONS;AS001;Público 25-35 | Interesses Finanças;AD002;Carrossel_Dicas_Financas_v1;Carousel;Educativo;facebook;3809;69;20,66;0,30;5,42;1,837;2;0;194,00;9,39;2912;1,26;0
2024-04-30;CAMP001;Finanças do Zero | Perpétuo | Conversão;CONVERSIONS;AS001;Público 25-35 | Interesses Finanças;AD002;Carrossel_Dicas_Financas_v1;Carousel;Educativo;instagram;4916;83;22,94;0,28;4,67;1,691;2;0;194,00;8,46;4068;1,50;0
2024-05-01;CAMP001;Finanças do Zero | Perpétuo | Conversão;CONVERSIONS;AS001;Público 25-35 | Interesses Finanças;AD002;Carrossel_Dicas_Financas_v1;Carousel;Educativo;facebook;5073;95;24,20;0,25;4,77;1,887;3;0;291,00;12,02;3637;1,19;0
2024-05-02;CAMP001;Finanças do Zero | Perpétuo | Conversão;CONVERSIONS;AS001;Público 25-35 | Interesses Finanças;AD002;Carrossel_Dicas_Financas_v1;Carousel;Educativo;facebook;4991;94;23,19;0,25;4,65;1,901;2;0;194,00;8,37;3519;1,33;0
2024-05-03;CAMP001;Finanças do Zero | Perpétuo | Conversão;CONVERSIONS;AS001;Público 25-35 | Interesses Finanças;AD002;Carrossel_Dicas_Financas_v1;Carousel;Educativo;instagram;4725;84;18,78;0,22;3,97;1,796;3;0;291,00;15,50;3741;1,42;0
2024-05-04;CAMP001;Finanças do Zero | Perpétuo | Conversão;CONVERSIONS;AS001;Público 25-35 | Interesses Finanças;AD002;Carrossel_Dicas_Financas_v1;Carousel;Educativo;instagram;6292;101;22,03;0,22;3,50;1,614;3;0;291,00;13,21;4766;1,29;0
2024-05-05;CAMP001;Finanças do Zero | Perpétuo | Conversão;CONVERSIONS;AS001;Público 25-35 | Interesses Finanças;AD002;Carrossel_Dicas_Financas_v1;Carousel;Educativo;facebook;5865;115;24,01;0,21;4,09;1,965;4;0;388,00;16,16;4209;1,32;0
2024-05-06;CAMP001;Finanças do Zero | Perpétuo | Conversão;CONVERSIONS;AS001;Público 25-35 | Interesses Finanças;AD002;Carrossel_Dicas_Financas_v1;Carousel;Educativo;instagram;5573;104;17,32;0,17;3,11;1,879;4;0;388,00;22,40;4001;1,21;0
2024-05-07;CAMP001;Finanças do Zero | Perpétuo | Conversão;CONVERSIONS;AS001;Público 25-35 | Interesses Finanças;AD002;Carrossel_Dicas_Financas_v1;Carousel;Educativo;facebook;4150;80;19,36;0,24;4,66;1,945;2;0;194,00;10,02;2818;1,61;0
2024-05-08;CAMP001;Finanças do Zero | Perpétuo | Conversão;CONVERSIONS;AS001;Público 25-35 | Interesses Finanças;AD002;Carrossel_Dicas_Financas_v1;Carousel;Educativo;facebook;3665;65;18,84;0,29;5,14;1,796;2;0;194,00;10,30;2660;1,45;0
2024-05-09;CAMP001;Finanças do Zero | Perpétuo | Conversão;CONVERSIONS;AS001;Público 25-35 | Interesses Finanças;AD002;Carrossel_Dicas_Financas_v1;Carousel;Educativo;facebook;4423;79;19,93;0,25;4,51;1,796;3;0;291,00;14,60;3206;1,16;0
2024-05-10;CAMP001;Finanças do Zero | Perpétuo | Conversão;CONVERSIONS;AS001;Público 25-35 | Interesses Finanças;AD002;Carrossel_Dicas_Financas_v1;Carousel;Educativo;facebook;6411;103;23,68;0,23;3,69;1,609;3;0;291,00;12,29;5194;1,42;0
2024-05-11;CAMP001;Finanças do Zero | Perpétuo | Conversão;CONVERSIONS;AS001;Público 25-35 | Interesses Finanças;AD002;Carrossel_Dicas_Financas_v1;Carousel;Educativo;facebook;4184;70;18,68;0,27;4,47;1,684;2;0;194,00;10,39;3190;1,23;0
2024-05-12;CAMP001;Finanças do Zero | Perpétuo | Conversão;CONVERSIONS;AS001;Público 25-35 | Interesses Finanças;AD002;Carrossel_Dicas_Financas_v1;Carousel;Educativo;instagram;6088;116;26,96;0,23;4,43;1,915;4;0;388,00;14,39;4985;1,50;0
2024-05-13;CAMP001;Finanças do Zero | Perpétuo | Conversão;CONVERSIONS;AS001;Público 25-35 | Interesses Finanças;AD002;Carrossel_Dicas_Financas_v1;Carousel;Educativo;instagram;3718;61;18,48;0,30;4,97;1,652;2;0;194,00;10,50;3057;1,37;0
2024-05-14;CAMP001;Finanças do Zero | Perpétuo | Conversão;CONVERSIONS;AS001;Público 25-35 | Interesses Finanças;AD002;Carrossel_Dicas_Financas_v1;Carousel;Educativo;facebook;6405;118;20,71;0,18;3,23;1,858;4;0;388,00;18,73;4876;1,30;0
2024-05-15;CAMP001;Finanças do Zero | Perpétuo | Conversão;CONVERSIONS;AS001;Público 25-35 | Interesses Finanças;AD002;Carrossel_Dicas_Financas_v1;Carousel;Educativo;facebook;5504;110;18,32;0,17;3,33;1,999;3;0;291,00;15,88;4606;1,34;0
2024-05-16;CAMP001;Finanças do Zero | Perpétuo | Conversão;CONVERSIONS;AS001;Público 25-35 | Interesses Finanças;AD002;Carrossel_Dicas_Financas_v1;Carousel;Educativo;facebook;5541;94;20,36;0,22;3,68;1,714;2;0;194,00;9,53;4426;1,60;0
2024-05-17;CAMP001;Finanças do Zero | Perpétuo | Conversão;CONVERSIONS;AS001;Público 25-35 | Interesses Finanças;AD002;Carrossel_Dicas_Financas_v1;Carousel;Educativo;instagram;6673;122;23,19;0,19;3,47;1,831;4;0;388,00;16,73;4831;1,17;0
2024-05-18;CAMP001;Finanças do Zero | Perpétuo | Conversão;CONVERSIONS;AS001;Público 25-35 | Interesses Finanças;AD002;Carrossel_Dicas_Financas_v1;Carousel;Educativo;facebook;4639;89;19,65;0,22;4,24;1,934;2;0;194,00;9,87;3674;1,34;0
2024-05-19;CAMP001;Finanças do Zero | Perpétuo | Conversão;CONVERSIONS;AS001;Público 25-35 | Interesses Finanças;AD002;Carrossel_Dicas_Financas_v1;Carousel;Educativo;instagram;5787;108;26,12;0,24;4,51;1,882;3;0;291,00;11,14;3858;1,63;0
2024-05-20;CAMP001;Finanças do Zero | Perpétuo | Conversão;CONVERSIONS;AS001;Público 25-35 | Interesses Finanças;AD002;Carrossel_Dicas_Financas_v1;Carousel;Educativo;facebook;5226;90;24,72;0,27;4,73;1,728;3;0;291,00;11,77;4267;1,36;0
2024-05-21;CAMP001;Finanças do Zero | Perpétuo | Conversão;CONVERSIONS;AS001;Público 25-35 | Interesses Finanças;AD002;Carrossel_Dicas_Financas_v1;Carousel;Educativo;facebook;4907;94;17,24;0,18;3,51;1,920;3;0;291,00;16,88;3520;1,29;0
2024-05-22;CAMP001;Finanças do Zero | Perpétuo | Conversão;CONVERSIONS;AS001;Público 25-35 | Interesses Finanças;AD002;Carrossel_Dicas_Financas_v1;Carousel;Educativo;facebook;4728;88;19,46;0,22;4,12;1,875;3;0;291,00;14,95;3309;1,66;0
2024-05-23;CAMP001;Finanças do Zero | Perpétuo | Conversão;CONVERSIONS;AS001;Público 25-35 | Interesses Finanças;AD002;Carrossel_Dicas_Financas_v1;Carousel;Educativo;facebook;3970;72;17,86;0,25;4,50;1,831;2;0;194,00;10,86;2904;1,34;0
2024-05-24;CAMP001;Finanças do Zero | Perpétuo | Conversão;CONVERSIONS;AS001;Público 25-35 | Interesses Finanças;AD002;Carrossel_Dicas_Financas_v1;Carousel;Educativo;facebook;5461;91;20,48;0,23;3,75;1,670;3;0;291,00;14,21;3842;1,44;0
2024-05-25;CAMP001;Finanças do Zero | Perpétuo | Conversão;CONVERSIONS;AS001;Público 25-35 | Interesses Finanças;AD002;Carrossel_Dicas_Financas_v1;Carousel;Educativo;facebook;5053;82;22,10;0,27;4,37;1,633;2;0;194,00;8,78;3626;1,32;0
2024-05-26;CAMP001;Finanças do Zero | Perpétuo | Conversão;CONVERSIONS;AS001;Público 25-35 | Interesses Finanças;AD002;Carrossel_Dicas_Financas_v1;Carousel;Educativo;facebook;4087;75;26,26;0,35;6,43;1,850;3;0;291,00;11,08;3021;1,37;0
2024-05-27;CAMP001;Finanças do Zero | Perpétuo | Conversão;CONVERSIONS;AS001;Público 25-35 | Interesses Finanças;AD002;Carrossel_Dicas_Financas_v1;Carousel;Educativo;facebook;4891;92;21,13;0,23;4,32;1,899;2;0;194,00;9,18;4063;1,53;0
2024-05-28;CAMP001;Finanças do Zero | Perpétuo | Conversão;CONVERSIONS;AS001;Público 25-35 | Interesses Finanças;AD002;Carrossel_Dicas_Financas_v1;Carousel;Educativo;facebook;6621;124;20,35;0,16;3,07;1,884;3;0;291,00;14,30;4765;1,37;0
2024-05-29;CAMP001;Finanças do Zero | Perpétuo | Conversão;CONVERSIONS;AS001;Público 25-35 | Interesses Finanças;AD002;Carrossel_Dicas_Financas_v1;Carousel;Educativo;facebook;4496;81;23,43;0,29;5,21;1,821;2;0;194,00;8,28;3272;1,68;0
2024-05-30;CAMP001;Finanças do Zero | Perpétuo | Conversão;CONVERSIONS;AS001;Público 25-35 | Interesses Finanças;AD002;Carrossel_Dicas_Financas_v1;Carousel;Educativo;instagram;5023;83;20,52;0,25;4,08;1,671;3;0;291,00;14,18;3907;1,27;0
2024-05-31;CAMP001;Finanças do Zero | Perpétuo | Conversão;CONVERSIONS;AS001;Público 25-35 | Interesses Finanças;AD002;Carrossel_Dicas_Financas_v1;Carousel;Educativo;instagram;3813;71;19,99;0,28;5,24;1,869;2;0;194,00;9,70;2675;1,13;0
2024-06-01;CAMP001;Finanças do Zero | Perpétuo | Conversão;CONVERSIONS;AS001;Público 25-35 | Interesses Finanças;AD002;Carrossel_Dicas_Financas_v1;Carousel;Educativo;instagram;5685;111;21,65;0,20;3,81;1,958;3;0;291,00;13,44;4325;1,22;0
2024-06-02;CAMP001;Finanças do Zero | Perpétuo | Conversão;CONVERSIONS;AS001;Público 25-35 | Interesses Finanças;AD002;Carrossel_Dicas_Financas_v1;Carousel;Educativo;instagram;4966;89;23,36;0,26;4,70;1,796;3;0;291,00;12,46;3595;1,13;0
2024-06-03;CAMP001;Finanças do Zero | Perpétuo | Conversão;CONVERSIONS;AS001;Público 25-35 | Interesses Finanças;AD002;Carrossel_Dicas_Financas_v1;Carousel;Educativo;facebook;6294;101;19,11;0,19;3,04;1,611;3;0;291,00;15,23;5223;1,34;0
2024-06-04;CAMP001;Finanças do Zero | Perpétuo | Conversão;CONVERSIONS;AS001;Público 25-35 | Interesses Finanças;AD002;Carrossel_Dicas_Financas_v1;Carousel;Educativo;facebook;4576;75;22,88;0,31;5,00;1,643;2;0;194,00;8,48;3363;1,41;0
2024-06-05;CAMP001;Finanças do Zero | Perpétuo | Conversão;CONVERSIONS;AS001;Público 25-35 | Interesses Finanças;AD002;Carrossel_Dicas_Financas_v1;Carousel;Educativo;facebook;4586;81;22,12;0,27;4,82;1,778;2;0;194,00;8,77;3738;1,49;0
2024-06-06;CAMP001;Finanças do Zero | Perpétuo | Conversão;CONVERSIONS;AS001;Público 25-35 | Interesses Finanças;AD002;Carrossel_Dicas_Financas_v1;Carousel;Educativo;facebook;5096;102;18,46;0,18;3,62;2,014;4;0;388,00;21,02;3654;1,20;0
2024-06-07;CAMP001;Finanças do Zero | Perpétuo | Conversão;CONVERSIONS;AS001;Público 25-35 | Interesses Finanças;AD002;Carrossel_Dicas_Financas_v1;Carousel;Educativo;instagram;5366;105;20,55;0,20;3,83;1,964;4;0;388,00;18,88;4469;1,55;0
2024-06-08;CAMP001;Finanças do Zero | Perpétuo | Conversão;CONVERSIONS;AS001;Público 25-35 | Interesses Finanças;AD002;Carrossel_Dicas_Financas_v1;Carousel;Educativo;facebook;6092;115;22,95;0,20;3,77;1,903;3;0;291,00;12,68;4223;1,23;0
2024-06-09;CAMP001;Finanças do Zero | Perpétuo | Conversão;CONVERSIONS;AS001;Público 25-35 | Interesses Finanças;AD002;Carrossel_Dicas_Financas_v1;Carousel;Educativo;instagram;5644;95;25,19;0,27;4,46;1,684;2;0;194,00;7,70;3805;1,50;0
2024-06-10;CAMP001;Finanças do Zero | Perpétuo | Conversão;CONVERSIONS;AS001;Público 25-35 | Interesses Finanças;AD002;Carrossel_Dicas_Financas_v1;Carousel;Educativo;instagram;4739;88;22,45;0,26;4,74;1,865;2;0;194,00;8,64;3245;1,34;0
2024-06-11;CAMP001;Finanças do Zero | Perpétuo | Conversão;CONVERSIONS;AS001;Público 25-35 | Interesses Finanças;AD002;Carrossel_Dicas_Financas_v1;Carousel;Educativo;facebook;3826;65;17,35;0,27;4,54;1,701;2;0;194,00;11,18;3047;1,54;0
2024-06-12;CAMP001;Finanças do Zero | Perpétuo | Conversão;CONVERSIONS;AS001;Público 25-35 | Interesses Finanças;AD002;Carrossel_Dicas_Financas_v1;Carousel;Educativo;facebook;5783;103;20,67;0,20;3,57;1,796;3;0;291,00;14,08;4261;1,38;0
2024-06-13;CAMP001;Finanças do Zero | Perpétuo | Conversão;CONVERSIONS;AS001;Público 25-35 | Interesses Finanças;AD002;Carrossel_Dicas_Financas_v1;Carousel;Educativo;facebook;5866;102;23,80;0,23;4,06;1,754;4;0;388,00;16,30;4421;1,44;0
2024-06-14;CAMP001;Finanças do Zero | Perpétuo | Conversão;CONVERSIONS;AS001;Público 25-35 | Interesses Finanças;AD002;Carrossel_Dicas_Financas_v1;Carousel;Educativo;instagram;4900;88;23,45;0,27;4,79;1,808;2;0;194,00;8,27;3689;1,53;0
2024-06-15;CAMP001;Finanças do Zero | Perpétuo | Conversão;CONVERSIONS;AS001;Público 25-35 | Interesses Finanças;AD002;Carrossel_Dicas_Financas_v1;Carousel;Educativo;instagram;4224;72;23,46;0,33;5,55;1,716;2;0;194,00;8,27;3011;1,38;0
2024-06-16;CAMP001;Finanças do Zero | Perpétuo | Conversão;CONVERSIONS;AS001;Público 25-35 | Interesses Finanças;AD002;Carrossel_Dicas_Financas_v1;Carousel;Educativo;facebook;7009;130;25,44;0,20;3,63;1,863;3;0;291,00;11,44;5608;1,40;0
2024-06-17;CAMP001;Finanças do Zero | Perpétuo | Conversão;CONVERSIONS;AS001;Público 25-35 | Interesses Finanças;AD002;Carrossel_Dicas_Financas_v1;Carousel;Educativo;facebook;5335;94;22,94;0,24;4,30;1,779;2;0;194,00;8,46;4368;1,45;0
2024-06-18;CAMP001;Finanças do Zero | Perpétuo | Conversão;CONVERSIONS;AS001;Público 25-35 | Interesses Finanças;AD002;Carrossel_Dicas_Financas_v1;Carousel;Educativo;instagram;4204;69;20,08;0,29;4,78;1,655;2;0;194,00;9,66;3254;1,17;0
2024-06-19;CAMP001;Finanças do Zero | Perpétuo | Conversão;CONVERSIONS;AS001;Público 25-35 | Interesses Finanças;AD002;Carrossel_Dicas_Financas_v1;Carousel;Educativo;facebook;5047;93;21,27;0,23;4,21;1,848;2;0;194,00;9,12;4028;1,43;0
2024-06-20;CAMP001;Finanças do Zero | Perpétuo | Conversão;CONVERSIONS;AS001;Público 25-35 | Interesses Finanças;AD002;Carrossel_Dicas_Financas_v1;Carousel;Educativo;instagram;5722;112;21,34;0,19;3,73;1,959;3;0;291,00;13,64;4093;1,52;0
2024-06-21;CAMP001;Finanças do Zero | Perpétuo | Conversão;CONVERSIONS;AS001;Público 25-35 | Interesses Finanças;AD002;Carrossel_Dicas_Financas_v1;Carousel;Educativo;instagram;5863;115;20,66;0,18;3,52;1,972;4;0;388,00;18,78;3882;1,12;0
2024-06-22;CAMP001;Finanças do Zero | Perpétuo | Conversão;CONVERSIONS;AS001;Público 25-35 | Interesses Finanças;AD002;Carrossel_Dicas_Financas_v1;Carousel;Educativo;instagram;5752;103;23,91;0,23;4,16;1,797;3;0;291,00;12,17;4220;1,49;0
2024-06-23;CAMP001;Finanças do Zero | Perpétuo | Conversão;CONVERSIONS;AS001;Público 25-35 | Interesses Finanças;AD002;Carrossel_Dicas_Financas_v1;Carousel;Educativo;facebook;4723;87;21,20;0,24;4,49;1,852;3;0;291,00;13,73;3274;1,58;0
2024-06-24;CAMP001;Finanças do Zero | Perpétuo | Conversão;CONVERSIONS;AS001;Público 25-35 | Interesses Finanças;AD002;Carrossel_Dicas_Financas_v1;Carousel;Educativo;facebook;3723;68;16,81;0,25;4,52;1,834;2;0;194,00;11,54;2490;1,31;0
2024-06-25;CAMP001;Finanças do Zero | Perpétuo | Conversão;CONVERSIONS;AS001;Público 25-35 | Interesses Finanças;AD002;Carrossel_Dicas_Financas_v1;Carousel;Educativo;facebook;4280;80;21,33;0,27;4,98;1,883;2;0;194,00;9,10;3569;1,56;0
2024-06-26;CAMP001;Finanças do Zero | Perpétuo | Conversão;CONVERSIONS;AS001;Público 25-35 | Interesses Finanças;AD002;Carrossel_Dicas_Financas_v1;Carousel;Educativo;instagram;4312;74;23,92;0,32;5,55;1,723;3;0;291,00;12,17;3500;1,58;0
2024-06-27;CAMP001;Finanças do Zero | Perpétuo | Conversão;CONVERSIONS;AS001;Público 25-35 | Interesses Finanças;AD002;Carrossel_Dicas_Financas_v1;Carousel;Educativo;facebook;3920;67;20,62;0,31;5,26;1,726;2;0;194,00;9,41;3019;1,24;0
2024-06-28;CAMP001;Finanças do Zero | Perpétuo | Conversão;CONVERSIONS;AS001;Público 25-35 | Interesses Finanças;AD002;Carrossel_Dicas_Financas_v1;Carousel;Educativo;instagram;5010;89;21,46;0,24;4,28;1,793;3;0;291,00;13,56;3691;1,64;0
2024-06-29;CAMP001;Finanças do Zero | Perpétuo | Conversão;CONVERSIONS;AS001;Público 25-35 | Interesses Finanças;AD002;Carrossel_Dicas_Financas_v1;Carousel;Educativo;instagram;5297;105;26,01;0,25;4,91;1,985;3;0;291,00;11,19;3965;1,40;0
2024-06-30;CAMP001;Finanças do Zero | Perpétuo | Conversão;CONVERSIONS;AS001;Público 25-35 | Interesses Finanças;AD002;Carrossel_Dicas_Financas_v1;Carousel;Educativo;facebook;5446;86;24,00;0,28;4,41;1,585;2;0;194,00;8,08;4317;1,47;0
2024-07-01;CAMP001;Finanças do Zero | Perpétuo | Conversão;CONVERSIONS;AS001;Público 25-35 | Interesses Finanças;AD002;Carrossel_Dicas_Financas_v1;Carousel;Educativo;facebook;9966;172;37,53;0,22;3,77;1,735;10;0;970,00;25,85;7815;1,24;0
2024-07-02;CAMP001;Finanças do Zero | Perpétuo | Conversão;CONVERSIONS;AS001;Público 25-35 | Interesses Finanças;AD002;Carrossel_Dicas_Financas_v1;Carousel;Educativo;instagram;7739;148;44,04;0,30;5,69;1,915;7;0;679,00;15,42;6116;1,31;0
2024-07-03;CAMP001;Finanças do Zero | Perpétuo | Conversão;CONVERSIONS;AS001;Público 25-35 | Interesses Finanças;AD002;Carrossel_Dicas_Financas_v1;Carousel;Educativo;facebook;8270;143;47,04;0,33;5,69;1,730;8;0;776,00;16,50;6419;1,63;0
2024-07-04;CAMP001;Finanças do Zero | Perpétuo | Conversão;CONVERSIONS;AS001;Público 25-35 | Interesses Finanças;AD002;Carrossel_Dicas_Financas_v1;Carousel;Educativo;facebook;13184;227;50,09;0,22;3,80;1,729;14;0;1358,00;27,11;10683;1,35;0
2024-07-05;CAMP001;Finanças do Zero | Perpétuo | Conversão;CONVERSIONS;AS001;Público 25-35 | Interesses Finanças;AD002;Carrossel_Dicas_Financas_v1;Carousel;Educativo;instagram;12158;203;50,82;0,25;4,18;1,674;12;0;1164,00;22,90;8169;1,57;0
2024-07-06;CAMP001;Finanças do Zero | Perpétuo | Conversão;CONVERSIONS;AS001;Público 25-35 | Interesses Finanças;AD002;Carrossel_Dicas_Financas_v1;Carousel;Educativo;facebook;13267;240;50,69;0,21;3,82;1,815;11;0;1067,00;21,05;10177;1,46;0
2024-07-07;CAMP001;Finanças do Zero | Perpétuo | Conversão;CONVERSIONS;AS001;Público 25-35 | Interesses Finanças;AD002;Carrossel_Dicas_Financas_v1;Carousel;Educativo;facebook;18153;290;64,79;0,22;3,57;1,598;15;0;1455,00;22,46;13195;1,40;0
2024-07-08;CAMP001;Finanças do Zero | Perpétuo | Conversão;CONVERSIONS;AS001;Público 25-35 | Interesses Finanças;AD002;Carrossel_Dicas_Financas_v1;Carousel;Educativo;facebook;15697;274;68,42;0,25;4,36;1,746;12;0;1164,00;17,01;11613;1,23;0
2024-07-09;CAMP001;Finanças do Zero | Perpétuo | Conversão;CONVERSIONS;AS001;Público 25-35 | Interesses Finanças;AD002;Carrossel_Dicas_Financas_v1;Carousel;Educativo;instagram;15395;305;62,43;0,20;4,06;1,983;18;0;1746,00;27,97;10557;1,41;0
2024-07-10;CAMP001;Finanças do Zero | Perpétuo | Conversão;CONVERSIONS;AS001;Público 25-35 | Interesses Finanças;AD002;Carrossel_Dicas_Financas_v1;Carousel;Educativo;facebook;26523;435;95,41;0,22;3,60;1,641;26;0;2522,00;26,43;17524;1,38;0
2024-07-11;CAMP001;Finanças do Zero | Perpétuo | Conversão;CONVERSIONS;AS001;Público 25-35 | Interesses Finanças;AD002;Carrossel_Dicas_Financas_v1;Carousel;Educativo;instagram;25805;460;91,41;0,20;3,54;1,786;21;0;2037,00;22,28;17135;1,41;0
2024-07-12;CAMP001;Finanças do Zero | Perpétuo | Conversão;CONVERSIONS;AS001;Público 25-35 | Interesses Finanças;AD002;Carrossel_Dicas_Financas_v1;Carousel;Educativo;facebook;23887;407;97,71;0,24;4,09;1,708;23;0;2231,00;22,83;16937;1,55;0
2024-07-13;CAMP001;Finanças do Zero | Perpétuo | Conversão;CONVERSIONS;AS001;Público 25-35 | Interesses Finanças;AD002;Carrossel_Dicas_Financas_v1;Carousel;Educativo;instagram;20464;333;97,68;0,29;4,77;1,628;18;0;1746,00;17,87;14027;1,43;0
2024-07-14;CAMP001;Finanças do Zero | Perpétuo | Conversão;CONVERSIONS;AS001;Público 25-35 | Interesses Finanças;AD002;Carrossel_Dicas_Financas_v1;Carousel;Educativo;facebook;22299;412;102,29;0,25;4,59;1,849;21;0;2037,00;19,91;14833;1,37;0
2024-07-15;CAMP001;Finanças do Zero | Perpétuo | Conversão;CONVERSIONS;AS001;Público 25-35 | Interesses Finanças;AD002;Carrossel_Dicas_Financas_v1;Carousel;Educativo;instagram;21701;380;108,66;0,29;5,01;1,753;23;0;2231,00;20,53;16730;1,62;0
2024-07-16;CAMP001;Finanças do Zero | Perpétuo | Conversão;CONVERSIONS;AS001;Público 25-35 | Interesses Finanças;AD002;Carrossel_Dicas_Financas_v1;Carousel;Educativo;instagram;28557;518;108,06;0,21;3,78;1,814;34;0;3298,00;30,52;21766;1,54;0
2024-07-17;CAMP001;Finanças do Zero | Perpétuo | Conversão;CONVERSIONS;AS001;Público 25-35 | Interesses Finanças;AD002;Carrossel_Dicas_Financas_v1;Carousel;Educativo;instagram;25811;443;85,52;0,19;3,31;1,718;26;0;2522,00;29,49;18111;1,55;0
2024-07-18;CAMP001;Finanças do Zero | Perpétuo | Conversão;CONVERSIONS;AS001;Público 25-35 | Interesses Finanças;AD002;Carrossel_Dicas_Financas_v1;Carousel;Educativo;instagram;25321;443;101,73;0,23;4,02;1,753;26;0;2522,00;24,79;18777;1,49;0
2024-07-19;CAMP001;Finanças do Zero | Perpétuo | Conversão;CONVERSIONS;AS001;Público 25-35 | Interesses Finanças;AD002;Carrossel_Dicas_Financas_v1;Carousel;Educativo;facebook;17896;296;80,80;0,27;4,52;1,658;18;0;1746,00;21,61;13447;1,46;0
2024-07-20;CAMP001;Finanças do Zero | Perpétuo | Conversão;CONVERSIONS;AS001;Público 25-35 | Interesses Finanças;AD002;Carrossel_Dicas_Financas_v1;Carousel;Educativo;instagram;18701;301;83,24;0,28;4,45;1,615;15;0;1455,00;17,48;13145;1,38;0
2024-07-21;CAMP001;Finanças do Zero | Perpétuo | Conversão;CONVERSIONS;AS001;Público 25-35 | Interesses Finanças;AD002;Carrossel_Dicas_Financas_v1;Carousel;Educativo;instagram;13936;233;64,00;0,27;4,59;1,674;14;0;1358,00;21,22;10620;1,36;0
2024-07-22;CAMP001;Finanças do Zero | Perpétuo | Conversão;CONVERSIONS;AS001;Público 25-35 | Interesses Finanças;AD002;Carrossel_Dicas_Financas_v1;Carousel;Educativo;facebook;15207;289;68,86;0,24;4,53;1,903;17;0;1649,00;23,95;11657;1,59;0
2024-07-23;CAMP001;Finanças do Zero | Perpétuo | Conversão;CONVERSIONS;AS001;Público 25-35 | Interesses Finanças;AD002;Carrossel_Dicas_Financas_v1;Carousel;Educativo;instagram;15678;313;56,99;0,18;3,64;1,997;14;0;1358,00;23,83;11271;1,18;0
2024-07-24;CAMP001;Finanças do Zero | Perpétuo | Conversão;CONVERSIONS;AS001;Público 25-35 | Interesses Finanças;AD002;Carrossel_Dicas_Financas_v1;Carousel;Educativo;facebook;10246;188;53,93;0,29;5,26;1,835;11;0;1067,00;19,78;7981;1,57;0
2024-07-25;CAMP001;Finanças do Zero | Perpétuo | Conversão;CONVERSIONS;AS001;Público 25-35 | Interesses Finanças;AD002;Carrossel_Dicas_Financas_v1;Carousel;Educativo;instagram;11249;188;51,67;0,27;4,59;1,673;12;0;1164,00;22,53;9284;1,29;0
2024-07-26;CAMP001;Finanças do Zero | Perpétuo | Conversão;CONVERSIONS;AS001;Público 25-35 | Interesses Finanças;AD002;Carrossel_Dicas_Financas_v1;Carousel;Educativo;facebook;15253;280;61,58;0,22;4,04;1,836;16;0;1552,00;25,20;12407;1,41;0
2024-07-27;CAMP001;Finanças do Zero | Perpétuo | Conversão;CONVERSIONS;AS001;Público 25-35 | Interesses Finanças;AD002;Carrossel_Dicas_Financas_v1;Carousel;Educativo;instagram;12827;234;37,58;0,16;2,93;1,826;15;0;1455,00;38,72;10464;1,18;0
2024-07-28;CAMP001;Finanças do Zero | Perpétuo | Conversão;CONVERSIONS;AS001;Público 25-35 | Interesses Finanças;AD002;Carrossel_Dicas_Financas_v1;Carousel;Educativo;facebook;10561;184;41,42;0,23;3,92;1,749;9;0;873,00;21,08;7872;1,43;0
2024-07-29;CAMP001;Finanças do Zero | Perpétuo | Conversão;CONVERSIONS;AS001;Público 25-35 | Interesses Finanças;AD002;Carrossel_Dicas_Financas_v1;Carousel;Educativo;facebook;10090;166;45,34;0,27;4,49;1,651;11;0;1067,00;23,53;6680;1,50;0
2024-07-30;CAMP001;Finanças do Zero | Perpétuo | Conversão;CONVERSIONS;AS001;Público 25-35 | Interesses Finanças;AD002;Carrossel_Dicas_Financas_v1;Carousel;Educativo;instagram;9837;197;48,08;0,24;4,89;2,005;9;0;873,00;18,16;8015;1,20;0
2024-07-31;CAMP001;Finanças do Zero | Perpétuo | Conversão;CONVERSIONS;AS001;Público 25-35 | Interesses Finanças;AD002;Carrossel_Dicas_Financas_v1;Carousel;Educativo;instagram;13376;238;50,03;0,21;3,74;1,780;12;0;1164,00;23,27;9683;1,58;0
2024-08-01;CAMP001;Finanças do Zero | Perpétuo | Conversão;CONVERSIONS;AS001;Público 25-35 | Interesses Finanças;AD002;Carrossel_Dicas_Financas_v1;Carousel;Educativo;instagram;4937;83;21,83;0,26;4,42;1,686;2;0;194,00;8,89;3288;1,35;0
2024-08-02;CAMP001;Finanças do Zero | Perpétuo | Conversão;CONVERSIONS;AS001;Público 25-35 | Interesses Finanças;AD002;Carrossel_Dicas_Financas_v1;Carousel;Educativo;instagram;4285;85;19,76;0,23;4,61;1,999;2;0;194,00;9,82;3186;1,53;0
2024-08-03;CAMP001;Finanças do Zero | Perpétuo | Conversão;CONVERSIONS;AS001;Público 25-35 | Interesses Finanças;AD002;Carrossel_Dicas_Financas_v1;Carousel;Educativo;instagram;5224;99;21,41;0,22;4,10;1,904;4;0;388,00;18,12;4024;1,16;0
2024-08-04;CAMP001;Finanças do Zero | Perpétuo | Conversão;CONVERSIONS;AS001;Público 25-35 | Interesses Finanças;AD002;Carrossel_Dicas_Financas_v1;Carousel;Educativo;instagram;5420;107;26,01;0,24;4,80;1,975;3;0;291,00;11,19;4514;1,31;0
2024-08-05;CAMP001;Finanças do Zero | Perpétuo | Conversão;CONVERSIONS;AS001;Público 25-35 | Interesses Finanças;AD002;Carrossel_Dicas_Financas_v1;Carousel;Educativo;facebook;4336;82;25,73;0,31;5,93;1,908;3;0;291,00;11,31;3352;1,44;0
2024-08-06;CAMP001;Finanças do Zero | Perpétuo | Conversão;CONVERSIONS;AS001;Público 25-35 | Interesses Finanças;AD002;Carrossel_Dicas_Financas_v1;Carousel;Educativo;facebook;5467;104;21,10;0,20;3,86;1,903;2;0;194,00;9,19;4105;1,39;0
2024-08-07;CAMP001;Finanças do Zero | Perpétuo | Conversão;CONVERSIONS;AS001;Público 25-35 | Interesses Finanças;AD002;Carrossel_Dicas_Financas_v1;Carousel;Educativo;facebook;4478;87;22,40;0,26;5,00;1,955;2;0;194,00;8,66;3689;1,18;0
2024-08-08;CAMP001;Finanças do Zero | Perpétuo | Conversão;CONVERSIONS;AS001;Público 25-35 | Interesses Finanças;AD002;Carrossel_Dicas_Financas_v1;Carousel;Educativo;facebook;5491;105;21,25;0,20;3,87;1,922;3;0;291,00;13,69;3962;1,22;0
2024-08-09;CAMP001;Finanças do Zero | Perpétuo | Conversão;CONVERSIONS;AS001;Público 25-35 | Interesses Finanças;AD002;Carrossel_Dicas_Financas_v1;Carousel;Educativo;facebook;4214;75;18,00;0,24;4,27;1,798;3;0;291,00;16,17;3282;1,55;0
2024-08-10;CAMP001;Finanças do Zero | Perpétuo | Conversão;CONVERSIONS;AS001;Público 25-35 | Interesses Finanças;AD002;Carrossel_Dicas_Financas_v1;Carousel;Educativo;facebook;5066;81;27,35;0,34;5,40;1,607;2;0;194,00;7,09;3496;1,58;0
2024-08-11;CAMP001;Finanças do Zero | Perpétuo | Conversão;CONVERSIONS;AS001;Público 25-35 | Interesses Finanças;AD002;Carrossel_Dicas_Financas_v1;Carousel;Educativo;instagram;5207;94;24,81;0,26;4,77;1,814;3;0;291,00;11,73;3682;1,52;0
2024-08-12;CAMP001;Finanças do Zero | Perpétuo | Conversão;CONVERSIONS;AS001;Público 25-35 | Interesses Finanças;AD002;Carrossel_Dicas_Financas_v1;Carousel;Educativo;facebook;4658;81;23,53;0,29;5,05;1,749;2;0;194,00;8,24;3155;1,42;0
2024-08-13;CAMP001;Finanças do Zero | Perpétuo | Conversão;CONVERSIONS;AS001;Público 25-35 | Interesses Finanças;AD002;Carrossel_Dicas_Financas_v1;Carousel;Educativo;facebook;5121;95;22,55;0,24;4,40;1,866;3;0;291,00;12,90;3615;1,27;0
2024-08-14;CAMP001;Finanças do Zero | Perpétuo | Conversão;CONVERSIONS;AS001;Público 25-35 | Interesses Finanças;AD002;Carrossel_Dicas_Financas_v1;Carousel;Educativo;facebook;5240;98;20,86;0,21;3,98;1,874;3;0;291,00;13,95;3753;1,41;0
2024-08-15;CAMP001;Finanças do Zero | Perpétuo | Conversão;CONVERSIONS;AS001;Público 25-35 | Interesses Finanças;AD002;Carrossel_Dicas_Financas_v1;Carousel;Educativo;instagram;3118;56;18,83;0,34;6,04;1,811;2;0;194,00;10,30;2199;1,32;0
2024-08-16;CAMP001;Finanças do Zero | Perpétuo | Conversão;CONVERSIONS;AS001;Público 25-35 | Interesses Finanças;AD002;Carrossel_Dicas_Financas_v1;Carousel;Educativo;facebook;4186;82;19,80;0,24;4,73;1,970;2;0;194,00;9,80;3296;1,46;0
2024-08-17;CAMP001;Finanças do Zero | Perpétuo | Conversão;CONVERSIONS;AS001;Público 25-35 | Interesses Finanças;AD002;Carrossel_Dicas_Financas_v1;Carousel;Educativo;facebook;5274;104;22,61;0,22;4,29;1,973;3;0;291,00;12,87;4141;1,66;0
2024-08-18;CAMP001;Finanças do Zero | Perpétuo | Conversão;CONVERSIONS;AS001;Público 25-35 | Interesses Finanças;AD002;Carrossel_Dicas_Financas_v1;Carousel;Educativo;instagram;5649;111;23,31;0,21;4,13;1,983;3;0;291,00;12,48;3990;1,36;0
2024-08-19;CAMP001;Finanças do Zero | Perpétuo | Conversão;CONVERSIONS;AS001;Público 25-35 | Interesses Finanças;AD002;Carrossel_Dicas_Financas_v1;Carousel;Educativo;facebook;4325;87;22,65;0,26;5,24;2,014;2;0;194,00;8,57;3197;1,58;0
2024-08-20;CAMP001;Finanças do Zero | Perpétuo | Conversão;CONVERSIONS;AS001;Público 25-35 | Interesses Finanças;AD002;Carrossel_Dicas_Financas_v1;Carousel;Educativo;facebook;6093;109;20,08;0,18;3,30;1,797;3;0;291,00;14,49;4694;1,55;0
2024-08-21;CAMP001;Finanças do Zero | Perpétuo | Conversão;CONVERSIONS;AS001;Público 25-35 | Interesses Finanças;AD002;Carrossel_Dicas_Financas_v1;Carousel;Educativo;facebook;4168;67;17,54;0,26;4,21;1,614;2;0;194,00;11,06;3423;1,56;0
2024-08-22;CAMP001;Finanças do Zero | Perpétuo | Conversão;CONVERSIONS;AS001;Público 25-35 | Interesses Finanças;AD002;Carrossel_Dicas_Financas_v1;Carousel;Educativo;facebook;5377;91;20,75;0,23;3,86;1,699;3;0;291,00;14,02;4047;1,63;0
2024-08-23;CAMP001;Finanças do Zero | Perpétuo | Conversão;CONVERSIONS;AS001;Público 25-35 | Interesses Finanças;AD002;Carrossel_Dicas_Financas_v1;Carousel;Educativo;facebook;5436;104;26,09;0,25;4,80;1,921;4;0;388,00;14,87;3963;1,42;0
2024-08-24;CAMP001;Finanças do Zero | Perpétuo | Conversão;CONVERSIONS;AS001;Público 25-35 | Interesses Finanças;AD002;Carrossel_Dicas_Financas_v1;Carousel;Educativo;facebook;5879;118;25,28;0,21;4,30;2,012;3;0;291,00;11,51;4549;1,29;0
2024-08-25;CAMP001;Finanças do Zero | Perpétuo | Conversão;CONVERSIONS;AS001;Público 25-35 | Interesses Finanças;AD002;Carrossel_Dicas_Financas_v1;Carousel;Educativo;facebook;5074;82;29,57;0,36;5,83;1,619;2;0;194,00;6,56;3510;1,55;0
2024-08-26;CAMP001;Finanças do Zero | Perpétuo | Conversão;CONVERSIONS;AS001;Público 25-35 | Interesses Finanças;AD002;Carrossel_Dicas_Financas_v1;Carousel;Educativo;facebook;3920;77;20,30;0,26;5,18;1,971;2;0;194,00;9,56;3211;1,32;0
2024-08-27;CAMP001;Finanças do Zero | Perpétuo | Conversão;CONVERSIONS;AS001;Público 25-35 | Interesses Finanças;AD002;Carrossel_Dicas_Financas_v1;Carousel;Educativo;instagram;3796;76;19,03;0,25;5,01;2,014;2;0;194,00;10,19;2846;1,34;0
2024-08-28;CAMP001;Finanças do Zero | Perpétuo | Conversão;CONVERSIONS;AS001;Público 25-35 | Interesses Finanças;AD002;Carrossel_Dicas_Financas_v1;Carousel;Educativo;instagram;7037;121;21,42;0,18;3,04;1,731;3;0;291,00;13,59;4794;1,52;0
2024-08-29;CAMP001;Finanças do Zero | Perpétuo | Conversão;CONVERSIONS;AS001;Público 25-35 | Interesses Finanças;AD002;Carrossel_Dicas_Financas_v1;Carousel;Educativo;facebook;5717;112;24,41;0,22;4,27;1,962;3;0;291,00;11,92;3811;1,44;0
2024-08-30;CAMP001;Finanças do Zero | Perpétuo | Conversão;CONVERSIONS;AS001;Público 25-35 | Interesses Finanças;AD002;Carrossel_Dicas_Financas_v1;Carousel;Educativo;facebook;4855;77;21,92;0,28;4,52;1,604;2;0;194,00;8,85;3757;1,19;0
2024-08-31;CAMP001;Finanças do Zero | Perpétuo | Conversão;CONVERSIONS;AS001;Público 25-35 | Interesses Finanças;AD002;Carrossel_Dicas_Financas_v1;Carousel;Educativo;facebook;6228;121;27,01;0,22;4,34;1,945;3;0;291,00;10,77;4667;1,58;0
2024-09-01;CAMP001;Finanças do Zero | Perpétuo | Conversão;CONVERSIONS;AS001;Público 25-35 | Interesses Finanças;AD002;Carrossel_Dicas_Financas_v1;Carousel;Educativo;instagram;5649;109;25,59;0,23;4,53;1,935;4;0;388,00;15,16;3851;1,50;0
2024-09-02;CAMP001;Finanças do Zero | Perpétuo | Conversão;CONVERSIONS;AS001;Público 25-35 | Interesses Finanças;AD002;Carrossel_Dicas_Financas_v1;Carousel;Educativo;facebook;5181;86;25,65;0,30;4,95;1,676;2;0;194,00;7,56;3532;1,22;0
2024-09-03;CAMP001;Finanças do Zero | Perpétuo | Conversão;CONVERSIONS;AS001;Público 25-35 | Interesses Finanças;AD002;Carrossel_Dicas_Financas_v1;Carousel;Educativo;facebook;4684;83;20,46;0,25;4,37;1,774;3;0;291,00;14,22;3758;1,14;0
2024-09-04;CAMP001;Finanças do Zero | Perpétuo | Conversão;CONVERSIONS;AS001;Público 25-35 | Interesses Finanças;AD002;Carrossel_Dicas_Financas_v1;Carousel;Educativo;instagram;4554;73;24,88;0,34;5,46;1,619;2;0;194,00;7,80;3346;1,64;0
2024-09-05;CAMP001;Finanças do Zero | Perpétuo | Conversão;CONVERSIONS;AS001;Público 25-35 | Interesses Finanças;AD002;Carrossel_Dicas_Financas_v1;Carousel;Educativo;facebook;6386;118;22,06;0,19;3,45;1,860;4;0;388,00;17,59;4916;1,35;0
2024-09-06;CAMP001;Finanças do Zero | Perpétuo | Conversão;CONVERSIONS;AS001;Público 25-35 | Interesses Finanças;AD002;Carrossel_Dicas_Financas_v1;Carousel;Educativo;facebook;3890;72;21,77;0,30;5,60;1,855;2;0;194,00;8,91;2957;1,31;0
2024-09-07;CAMP001;Finanças do Zero | Perpétuo | Conversão;CONVERSIONS;AS001;Público 25-35 | Interesses Finanças;AD002;Carrossel_Dicas_Financas_v1;Carousel;Educativo;instagram;6991;136;23,15;0,17;3,31;1,957;5;0;485,00;20,95;5583;1,40;0
2024-09-08;CAMP001;Finanças do Zero | Perpétuo | Conversão;CONVERSIONS;AS001;Público 25-35 | Interesses Finanças;AD002;Carrossel_Dicas_Financas_v1;Carousel;Educativo;facebook;4855;91;27,04;0,30;5,57;1,880;3;0;291,00;10,76;3343;1,39;0
2024-09-09;CAMP001;Finanças do Zero | Perpétuo | Conversão;CONVERSIONS;AS001;Público 25-35 | Interesses Finanças;AD002;Carrossel_Dicas_Financas_v1;Carousel;Educativo;instagram;4365;73;22,65;0,31;5,19;1,693;2;0;194,00;8,57;2914;1,62;0
2024-09-10;CAMP001;Finanças do Zero | Perpétuo | Conversão;CONVERSIONS;AS001;Público 25-35 | Interesses Finanças;AD002;Carrossel_Dicas_Financas_v1;Carousel;Educativo;instagram;5873;105;24,98;0,24;4,25;1,794;3;0;291,00;11,65;4502;1,62;0
2024-09-11;CAMP001;Finanças do Zero | Perpétuo | Conversão;CONVERSIONS;AS001;Público 25-35 | Interesses Finanças;AD002;Carrossel_Dicas_Financas_v1;Carousel;Educativo;instagram;4412;84;20,29;0,24;4,60;1,921;2;0;194,00;9,56;3602;1,17;0
2024-09-12;CAMP001;Finanças do Zero | Perpétuo | Conversão;CONVERSIONS;AS001;Público 25-35 | Interesses Finanças;AD002;Carrossel_Dicas_Financas_v1;Carousel;Educativo;instagram;4302;84;21,36;0,25;4,97;1,969;2;0;194,00;9,08;2977;1,64;0
2024-09-13;CAMP001;Finanças do Zero | Perpétuo | Conversão;CONVERSIONS;AS001;Público 25-35 | Interesses Finanças;AD002;Carrossel_Dicas_Financas_v1;Carousel;Educativo;facebook;4482;76;20,70;0,27;4,62;1,701;2;0;194,00;9,37;3184;1,14;0
2024-09-14;CAMP001;Finanças do Zero | Perpétuo | Conversão;CONVERSIONS;AS001;Público 25-35 | Interesses Finanças;AD002;Carrossel_Dicas_Financas_v1;Carousel;Educativo;facebook;4895;82;23,42;0,29;4,78;1,679;2;0;194,00;8,28;3740;1,21;0
2024-09-15;CAMP001;Finanças do Zero | Perpétuo | Conversão;CONVERSIONS;AS001;Público 25-35 | Interesses Finanças;AD002;Carrossel_Dicas_Financas_v1;Carousel;Educativo;instagram;4890;95;24,75;0,26;5,06;1,956;2;0;194,00;7,84;3473;1,39;0
2024-09-16;CAMP001;Finanças do Zero | Perpétuo | Conversão;CONVERSIONS;AS001;Público 25-35 | Interesses Finanças;AD002;Carrossel_Dicas_Financas_v1;Carousel;Educativo;facebook;5554;101;22,35;0,22;4,02;1,834;4;0;388,00;17,36;4579;1,45;0
2024-09-17;CAMP001;Finanças do Zero | Perpétuo | Conversão;CONVERSIONS;AS001;Público 25-35 | Interesses Finanças;AD002;Carrossel_Dicas_Financas_v1;Carousel;Educativo;instagram;4782;90;27,07;0,30;5,66;1,901;3;0;291,00;10,75;3568;1,36;0
2024-09-18;CAMP001;Finanças do Zero | Perpétuo | Conversão;CONVERSIONS;AS001;Público 25-35 | Interesses Finanças;AD002;Carrossel_Dicas_Financas_v1;Carousel;Educativo;facebook;6136;111;22,21;0,20;3,62;1,825;3;0;291,00;13,10;4196;1,53;0
2024-09-19;CAMP001;Finanças do Zero | Perpétuo | Conversão;CONVERSIONS;AS001;Público 25-35 | Interesses Finanças;AD002;Carrossel_Dicas_Financas_v1;Carousel;Educativo;facebook;4638;79;20,91;0,26;4,51;1,716;2;0;194,00;9,28;3876;1,60;0
2024-09-20;CAMP001;Finanças do Zero | Perpétuo | Conversão;CONVERSIONS;AS001;Público 25-35 | Interesses Finanças;AD002;Carrossel_Dicas_Financas_v1;Carousel;Educativo;facebook;4454;87;20,25;0,23;4,55;1,961;3;0;291,00;14,37;3629;1,51;0
2024-09-21;CAMP001;Finanças do Zero | Perpétuo | Conversão;CONVERSIONS;AS001;Público 25-35 | Interesses Finanças;AD002;Carrossel_Dicas_Financas_v1;Carousel;Educativo;facebook;5637;99;19,36;0,20;3,43;1,768;3;0;291,00;15,03;4519;1,65;0
2024-09-22;CAMP001;Finanças do Zero | Perpétuo | Conversão;CONVERSIONS;AS001;Público 25-35 | Interesses Finanças;AD002;Carrossel_Dicas_Financas_v1;Carousel;Educativo;facebook;6193;123;19,53;0,16;3,15;1,992;4;0;388,00;19,87;4514;1,62;0
2024-09-23;CAMP001;Finanças do Zero | Perpétuo | Conversão;CONVERSIONS;AS001;Público 25-35 | Interesses Finanças;AD002;Carrossel_Dicas_Financas_v1;Carousel;Educativo;facebook;3905;73;22,70;0,31;5,81;1,889;2;0;194,00;8,55;3267;1,55;0
2024-09-24;CAMP001;Finanças do Zero | Perpétuo | Conversão;CONVERSIONS;AS001;Público 25-35 | Interesses Finanças;AD002;Carrossel_Dicas_Financas_v1;Carousel;Educativo;facebook;3943;72;22,90;0,32;5,81;1,835;2;0;194,00;8,47;2829;1,24;0
2024-09-25;CAMP001;Finanças do Zero | Perpétuo | Conversão;CONVERSIONS;AS001;Público 25-35 | Interesses Finanças;AD002;Carrossel_Dicas_Financas_v1;Carousel;Educativo;facebook;5473;95;21,62;0,23;3,95;1,745;3;0;291,00;13,46;4075;1,40;0
2024-09-26;CAMP001;Finanças do Zero | Perpétuo | Conversão;CONVERSIONS;AS001;Público 25-35 | Interesses Finanças;AD002;Carrossel_Dicas_Financas_v1;Carousel;Educativo;facebook;6407;111;22,01;0,20;3,44;1,743;4;0;388,00;17,63;4445;1,51;0
2024-09-27;CAMP001;Finanças do Zero | Perpétuo | Conversão;CONVERSIONS;AS001;Público 25-35 | Interesses Finanças;AD002;Carrossel_Dicas_Financas_v1;Carousel;Educativo;facebook;4435;88;22,28;0,25;5,02;1,998;2;0;194,00;8,71;3483;1,21;0
2024-09-28;CAMP001;Finanças do Zero | Perpétuo | Conversão;CONVERSIONS;AS001;Público 25-35 | Interesses Finanças;AD002;Carrossel_Dicas_Financas_v1;Carousel;Educativo;facebook;6529;111;25,03;0,23;3,83;1,711;4;0;388,00;15,50;4866;1,42;0
2024-09-29;CAMP001;Finanças do Zero | Perpétuo | Conversão;CONVERSIONS;AS001;Público 25-35 | Interesses Finanças;AD002;Carrossel_Dicas_Financas_v1;Carousel;Educativo;instagram;5356;85;22,06;0,26;4,12;1,594;3;0;291,00;13,19;3931;1,59;0
2024-09-30;CAMP001;Finanças do Zero | Perpétuo | Conversão;CONVERSIONS;AS001;Público 25-35 | Interesses Finanças;AD002;Carrossel_Dicas_Financas_v1;Carousel;Educativo;instagram;4984;93;21,74;0,23;4,36;1,885;3;0;291,00;13,39;3798;1,37;0
2024-10-01;CAMP001;Finanças do Zero | Perpétuo | Conversão;CONVERSIONS;AS001;Público 25-35 | Interesses Finanças;AD002;Carrossel_Dicas_Financas_v1;Carousel;Educativo;facebook;5528;96;22,93;0,24;4,15;1,745;3;0;291,00;12,69;3999;1,59;0
2024-10-02;CAMP001;Finanças do Zero | Perpétuo | Conversão;CONVERSIONS;AS001;Público 25-35 | Interesses Finanças;AD002;Carrossel_Dicas_Financas_v1;Carousel;Educativo;facebook;4801;81;23,29;0,29;4,85;1,707;3;0;291,00;12,49;3308;1,59;0
2024-10-03;CAMP001;Finanças do Zero | Perpétuo | Conversão;CONVERSIONS;AS001;Público 25-35 | Interesses Finanças;AD002;Carrossel_Dicas_Financas_v1;Carousel;Educativo;instagram;5784;100;20,05;0,20;3,47;1,744;3;0;291,00;14,51;4835;1,52;0
2024-10-04;CAMP001;Finanças do Zero | Perpétuo | Conversão;CONVERSIONS;AS001;Público 25-35 | Interesses Finanças;AD002;Carrossel_Dicas_Financas_v1;Carousel;Educativo;facebook;5137;84;20,67;0,25;4,02;1,636;2;0;194,00;9,39;4266;1,64;0
2024-10-05;CAMP001;Finanças do Zero | Perpétuo | Conversão;CONVERSIONS;AS001;Público 25-35 | Interesses Finanças;AD002;Carrossel_Dicas_Financas_v1;Carousel;Educativo;instagram;5914;106;27,47;0,26;4,65;1,803;3;0;291,00;10,59;4935;1,29;0
2024-10-06;CAMP001;Finanças do Zero | Perpétuo | Conversão;CONVERSIONS;AS001;Público 25-35 | Interesses Finanças;AD002;Carrossel_Dicas_Financas_v1;Carousel;Educativo;facebook;7597;144;28,02;0,19;3,69;1,899;5;0;485,00;17,31;6014;1,31;0
2024-10-07;CAMP001;Finanças do Zero | Perpétuo | Conversão;CONVERSIONS;AS001;Público 25-35 | Interesses Finanças;AD002;Carrossel_Dicas_Financas_v1;Carousel;Educativo;facebook;4819;84;23,42;0,28;4,86;1,758;3;0;291,00;12,43;3463;1,37;0
2024-10-08;CAMP001;Finanças do Zero | Perpétuo | Conversão;CONVERSIONS;AS001;Público 25-35 | Interesses Finanças;AD002;Carrossel_Dicas_Financas_v1;Carousel;Educativo;instagram;4614;88;24,53;0,28;5,32;1,915;2;0;194,00;7,91;3607;1,17;0
2024-10-09;CAMP001;Finanças do Zero | Perpétuo | Conversão;CONVERSIONS;AS001;Público 25-35 | Interesses Finanças;AD002;Carrossel_Dicas_Financas_v1;Carousel;Educativo;instagram;6725;124;24,80;0,20;3,69;1,845;4;0;388,00;15,65;4919;1,15;0
2024-10-10;CAMP001;Finanças do Zero | Perpétuo | Conversão;CONVERSIONS;AS001;Público 25-35 | Interesses Finanças;AD002;Carrossel_Dicas_Financas_v1;Carousel;Educativo;facebook;5105;88;20,80;0,24;4,07;1,733;2;0;194,00;9,33;3567;1,37;0
2024-10-11;CAMP001;Finanças do Zero | Perpétuo | Conversão;CONVERSIONS;AS001;Público 25-35 | Interesses Finanças;AD002;Carrossel_Dicas_Financas_v1;Carousel;Educativo;instagram;6096;100;24,15;0,24;3,96;1,655;3;0;291,00;12,05;4176;1,62;0
2024-10-12;CAMP001;Finanças do Zero | Perpétuo | Conversão;CONVERSIONS;AS001;Público 25-35 | Interesses Finanças;AD002;Carrossel_Dicas_Financas_v1;Carousel;Educativo;instagram;4411;86;25,00;0,29;5,67;1,959;3;0;291,00;11,64;2981;1,16;0
2024-10-13;CAMP001;Finanças do Zero | Perpétuo | Conversão;CONVERSIONS;AS001;Público 25-35 | Interesses Finanças;AD002;Carrossel_Dicas_Financas_v1;Carousel;Educativo;facebook;6408;121;24,43;0,20;3,81;1,891;4;0;388,00;15,88;5189;1,20;0
2024-10-14;CAMP001;Finanças do Zero | Perpétuo | Conversão;CONVERSIONS;AS001;Público 25-35 | Interesses Finanças;AD002;Carrossel_Dicas_Financas_v1;Carousel;Educativo;facebook;5249;96;20,26;0,21;3,86;1,837;3;0;291,00;14,36;3489;1,53;0
2024-10-15;CAMP001;Finanças do Zero | Perpétuo | Conversão;CONVERSIONS;AS001;Público 25-35 | Interesses Finanças;AD002;Carrossel_Dicas_Financas_v1;Carousel;Educativo;instagram;4513;80;21,31;0,27;4,72;1,788;2;0;194,00;9,10;3124;1,62;0
2024-10-16;CAMP001;Finanças do Zero | Perpétuo | Conversão;CONVERSIONS;AS001;Público 25-35 | Interesses Finanças;AD002;Carrossel_Dicas_Financas_v1;Carousel;Educativo;instagram;5330;95;26,15;0,28;4,91;1,797;3;0;291,00;11,13;4075;1,46;0
2024-10-17;CAMP001;Finanças do Zero | Perpétuo | Conversão;CONVERSIONS;AS001;Público 25-35 | Interesses Finanças;AD002;Carrossel_Dicas_Financas_v1;Carousel;Educativo;facebook;6257;117;22,62;0,19;3,62;1,884;3;0;291,00;12,86;5081;1,41;0
2024-10-18;CAMP001;Finanças do Zero | Perpétuo | Conversão;CONVERSIONS;AS001;Público 25-35 | Interesses Finanças;AD002;Carrossel_Dicas_Financas_v1;Carousel;Educativo;instagram;3660;60;22,46;0,37;6,14;1,643;1;0;97,00;4,32;2834;1,27;0
2024-10-19;CAMP001;Finanças do Zero | Perpétuo | Conversão;CONVERSIONS;AS001;Público 25-35 | Interesses Finanças;AD002;Carrossel_Dicas_Financas_v1;Carousel;Educativo;facebook;4800;77;28,24;0,37;5,88;1,617;2;0;194,00;6,87;3685;1,47;0
2024-10-20;CAMP001;Finanças do Zero | Perpétuo | Conversão;CONVERSIONS;AS001;Público 25-35 | Interesses Finanças;AD002;Carrossel_Dicas_Financas_v1;Carousel;Educativo;instagram;4600;88;24,55;0,28;5,34;1,930;2;0;194,00;7,90;3115;1,51;0
2024-10-21;CAMP001;Finanças do Zero | Perpétuo | Conversão;CONVERSIONS;AS001;Público 25-35 | Interesses Finanças;AD002;Carrossel_Dicas_Financas_v1;Carousel;Educativo;facebook;5288;92;22,93;0,25;4,34;1,745;3;0;291,00;12,69;3587;1,31;0
2024-10-22;CAMP001;Finanças do Zero | Perpétuo | Conversão;CONVERSIONS;AS001;Público 25-35 | Interesses Finanças;AD002;Carrossel_Dicas_Financas_v1;Carousel;Educativo;facebook;3841;71;22,50;0,32;5,86;1,849;2;0;194,00;8,62;2823;1,41;0
2024-10-23;CAMP001;Finanças do Zero | Perpétuo | Conversão;CONVERSIONS;AS001;Público 25-35 | Interesses Finanças;AD002;Carrossel_Dicas_Financas_v1;Carousel;Educativo;instagram;4303;74;21,78;0,29;5,06;1,734;2;0;194,00;8,91;3529;1,20;0
2024-10-24;CAMP001;Finanças do Zero | Perpétuo | Conversão;CONVERSIONS;AS001;Público 25-35 | Interesses Finanças;AD002;Carrossel_Dicas_Financas_v1;Carousel;Educativo;facebook;5654;90;24,08;0,27;4,26;1,596;3;0;291,00;12,08;4431;1,24;0
2024-10-25;CAMP001;Finanças do Zero | Perpétuo | Conversão;CONVERSIONS;AS001;Público 25-35 | Interesses Finanças;AD002;Carrossel_Dicas_Financas_v1;Carousel;Educativo;instagram;4789;91;20,98;0,23;4,38;1,914;2;0;194,00;9,25;3813;1,13;0
2024-10-26;CAMP001;Finanças do Zero | Perpétuo | Conversão;CONVERSIONS;AS001;Público 25-35 | Interesses Finanças;AD002;Carrossel_Dicas_Financas_v1;Carousel;Educativo;facebook;4479;72;22,01;0,31;4,91;1,610;2;0;194,00;8,81;3199;1,26;0
2024-10-27;CAMP001;Finanças do Zero | Perpétuo | Conversão;CONVERSIONS;AS001;Público 25-35 | Interesses Finanças;AD002;Carrossel_Dicas_Financas_v1;Carousel;Educativo;facebook;3751;68;22,28;0,33;5,94;1,838;2;0;194,00;8,71;2536;1,50;0
2024-10-28;CAMP001;Finanças do Zero | Perpétuo | Conversão;CONVERSIONS;AS001;Público 25-35 | Interesses Finanças;AD002;Carrossel_Dicas_Financas_v1;Carousel;Educativo;facebook;7367;121;23,37;0,19;3,17;1,653;4;0;388,00;16,60;5531;1,53;0
2024-10-29;CAMP001;Finanças do Zero | Perpétuo | Conversão;CONVERSIONS;AS001;Público 25-35 | Interesses Finanças;AD002;Carrossel_Dicas_Financas_v1;Carousel;Educativo;facebook;5592;105;20,22;0,19;3,62;1,893;4;0;388,00;19,19;4670;1,22;0
2024-10-30;CAMP001;Finanças do Zero | Perpétuo | Conversão;CONVERSIONS;AS001;Público 25-35 | Interesses Finanças;AD002;Carrossel_Dicas_Financas_v1;Carousel;Educativo;facebook;4080;71;21,25;0,30;5,21;1,742;2;0;194,00;9,13;2825;1,37;0
2024-10-31;CAMP001;Finanças do Zero | Perpétuo | Conversão;CONVERSIONS;AS001;Público 25-35 | Interesses Finanças;AD002;Carrossel_Dicas_Financas_v1;Carousel;Educativo;facebook;4389;71;20,21;0,28;4,60;1,633;2;0;194,00;9,60;3307;1,19;0
2024-11-01;CAMP001;Finanças do Zero | Perpétuo | Conversão;CONVERSIONS;AS001;Público 25-35 | Interesses Finanças;AD002;Carrossel_Dicas_Financas_v1;Carousel;Educativo;instagram;9285;150;47,68;0,32;5,13;1,620;8;0;776,00;16,28;7131;1,34;0
2024-11-02;CAMP001;Finanças do Zero | Perpétuo | Conversão;CONVERSIONS;AS001;Público 25-35 | Interesses Finanças;AD002;Carrossel_Dicas_Financas_v1;Carousel;Educativo;facebook;12094;206;44,73;0,22;3,70;1,710;13;0;1261,00;28,19;9929;1,23;0
2024-11-03;CAMP001;Finanças do Zero | Perpétuo | Conversão;CONVERSIONS;AS001;Público 25-35 | Interesses Finanças;AD002;Carrossel_Dicas_Financas_v1;Carousel;Educativo;facebook;13569;254;45,18;0,18;3,33;1,875;15;0;1455,00;32,20;9246;1,34;0
2024-11-04;CAMP001;Finanças do Zero | Perpétuo | Conversão;CONVERSIONS;AS001;Público 25-35 | Interesses Finanças;AD002;Carrossel_Dicas_Financas_v1;Carousel;Educativo;facebook;13518;266;51,43;0,19;3,80;1,970;12;0;1164,00;22,63;9745;1,32;0
2024-11-05;CAMP001;Finanças do Zero | Perpétuo | Conversão;CONVERSIONS;AS001;Público 25-35 | Interesses Finanças;AD002;Carrossel_Dicas_Financas_v1;Carousel;Educativo;instagram;13740;260;58,53;0,23;4,26;1,897;13;0;1261,00;21,54;10938;1,52;0
2024-11-06;CAMP001;Finanças do Zero | Perpétuo | Conversão;CONVERSIONS;AS001;Público 25-35 | Interesses Finanças;AD002;Carrossel_Dicas_Financas_v1;Carousel;Educativo;facebook;16204;323;63,63;0,20;3,93;1,994;21;0;2037,00;32,01;12934;1,41;0
2024-11-07;CAMP001;Finanças do Zero | Perpétuo | Conversão;CONVERSIONS;AS001;Público 25-35 | Interesses Finanças;AD002;Carrossel_Dicas_Financas_v1;Carousel;Educativo;facebook;11575;190;58,23;0,31;5,03;1,642;8;0;776,00;13,33;8677;1,15;0
2024-11-08;CAMP001;Finanças do Zero | Perpétuo | Conversão;CONVERSIONS;AS001;Público 25-35 | Interesses Finanças;AD002;Carrossel_Dicas_Financas_v1;Carousel;Educativo;instagram;12367;212;58,43;0,28;4,72;1,715;12;0;1164,00;19,92;9926;1,55;0
2024-11-09;CAMP001;Finanças do Zero | Perpétuo | Conversão;CONVERSIONS;AS001;Público 25-35 | Interesses Finanças;AD002;Carrossel_Dicas_Financas_v1;Carousel;Educativo;facebook;17361;300;66,64;0,22;3,84;1,732;19;0;1843,00;27,66;14554;1,43;0
2024-11-10;CAMP001;Finanças do Zero | Perpétuo | Conversão;CONVERSIONS;AS001;Público 25-35 | Interesses Finanças;AD002;Carrossel_Dicas_Financas_v1;Carousel;Educativo;instagram;17387;308;99,46;0,32;5,72;1,775;14;0;1358,00;13,65;14244;1,22;0
2024-11-11;CAMP001;Finanças do Zero | Perpétuo | Conversão;CONVERSIONS;AS001;Público 25-35 | Interesses Finanças;AD002;Carrossel_Dicas_Financas_v1;Carousel;Educativo;instagram;18004;344;82,27;0,24;4,57;1,914;19;0;1843,00;22,40;13424;1,39;0
2024-11-12;CAMP001;Finanças do Zero | Perpétuo | Conversão;CONVERSIONS;AS001;Público 25-35 | Interesses Finanças;AD002;Carrossel_Dicas_Financas_v1;Carousel;Educativo;instagram;24163;484;107,42;0,22;4,45;2,003;28;0;2716,00;25,28;17341;1,32;0
2024-11-13;CAMP001;Finanças do Zero | Perpétuo | Conversão;CONVERSIONS;AS001;Público 25-35 | Interesses Finanças;AD002;Carrossel_Dicas_Financas_v1;Carousel;Educativo;instagram;18555;353;89,67;0,25;4,83;1,905;16;0;1552,00;17,31;13517;1,62;0
2024-11-14;CAMP001;Finanças do Zero | Perpétuo | Conversão;CONVERSIONS;AS001;Público 25-35 | Interesses Finanças;AD002;Carrossel_Dicas_Financas_v1;Carousel;Educativo;facebook;29192;493;95,45;0,19;3,27;1,690;24;0;2328,00;24,39;24050;1,29;0
2024-11-15;CAMP001;Finanças do Zero | Perpétuo | Conversão;CONVERSIONS;AS001;Público 25-35 | Interesses Finanças;AD002;Carrossel_Dicas_Financas_v1;Carousel;Educativo;instagram;19931;343;87,17;0,25;4,37;1,725;18;0;1746,00;20,03;14110;1,60;0
2024-11-16;CAMP001;Finanças do Zero | Perpétuo | Conversão;CONVERSIONS;AS001;Público 25-35 | Interesses Finanças;AD002;Carrossel_Dicas_Financas_v1;Carousel;Educativo;facebook;30344;531;110,47;0,21;3,64;1,753;30;0;2910,00;26,34;23800;1,57;0
2024-11-17;CAMP001;Finanças do Zero | Perpétuo | Conversão;CONVERSIONS;AS001;Público 25-35 | Interesses Finanças;AD002;Carrossel_Dicas_Financas_v1;Carousel;Educativo;facebook;24071;398;101,44;0,25;4,21;1,656;20;0;1940,00;19,12;18040;1,66;0
2024-11-18;CAMP001;Finanças do Zero | Perpétuo | Conversão;CONVERSIONS;AS001;Público 25-35 | Interesses Finanças;AD002;Carrossel_Dicas_Financas_v1;Carousel;Educativo;instagram;30053;513;108,31;0,21;3,60;1,708;23;0;2231,00;20,60;24187;1,68;0
2024-11-19;CAMP001;Finanças do Zero | Perpétuo | Conversão;CONVERSIONS;AS001;Público 25-35 | Interesses Finanças;AD002;Carrossel_Dicas_Financas_v1;Carousel;Educativo;instagram;27474;505;96,45;0,19;3,51;1,840;25;0;2425,00;25,14;20245;1,44;0
2024-11-20;CAMP001;Finanças do Zero | Perpétuo | Conversão;CONVERSIONS;AS001;Público 25-35 | Interesses Finanças;AD002;Carrossel_Dicas_Financas_v1;Carousel;Educativo;instagram;16372;280;81,04;0,29;4,95;1,714;16;0;1552,00;19,15;11991;1,30;0
2024-11-21;CAMP001;Finanças do Zero | Perpétuo | Conversão;CONVERSIONS;AS001;Público 25-35 | Interesses Finanças;AD002;Carrossel_Dicas_Financas_v1;Carousel;Educativo;instagram;18784;299;72,40;0,24;3,85;1,592;18;0;1746,00;24,12;13117;1,60;0
2024-11-22;CAMP001;Finanças do Zero | Perpétuo | Conversão;CONVERSIONS;AS001;Público 25-35 | Interesses Finanças;AD002;Carrossel_Dicas_Financas_v1;Carousel;Educativo;instagram;19269;349;84,41;0,24;4,38;1,814;20;0;1940,00;22,98;15959;1,55;0
2024-11-23;CAMP001;Finanças do Zero | Perpétuo | Conversão;CONVERSIONS;AS001;Público 25-35 | Interesses Finanças;AD002;Carrossel_Dicas_Financas_v1;Carousel;Educativo;instagram;11348;191;65,15;0,34;5,74;1,688;11;0;1067,00;16,38;8327;1,55;0
2024-11-24;CAMP001;Finanças do Zero | Perpétuo | Conversão;CONVERSIONS;AS001;Público 25-35 | Interesses Finanças;AD002;Carrossel_Dicas_Financas_v1;Carousel;Educativo;facebook;17347;294;67,14;0,23;3,87;1,699;15;0;1455,00;21,67;12716;1,21;0
2024-11-25;CAMP001;Finanças do Zero | Perpétuo | Conversão;CONVERSIONS;AS001;Público 25-35 | Interesses Finanças;AD002;Carrossel_Dicas_Financas_v1;Carousel;Educativo;facebook;8981;160;51,79;0,32;5,77;1,785;9;0;873,00;16,86;6253;1,36;0
2024-11-26;CAMP001;Finanças do Zero | Perpétuo | Conversão;CONVERSIONS;AS001;Público 25-35 | Interesses Finanças;AD002;Carrossel_Dicas_Financas_v1;Carousel;Educativo;instagram;9223;168;44,63;0,27;4,84;1,822;9;0;873,00;19,56;7385;1,14;0
2024-11-27;CAMP001;Finanças do Zero | Perpétuo | Conversão;CONVERSIONS;AS001;Público 25-35 | Interesses Finanças;AD002;Carrossel_Dicas_Financas_v1;Carousel;Educativo;facebook;10977;176;40,55;0,23;3,69;1,611;11;0;1067,00;26,31;8029;1,62;0
2024-11-28;CAMP001;Finanças do Zero | Perpétuo | Conversão;CONVERSIONS;AS001;Público 25-35 | Interesses Finanças;AD002;Carrossel_Dicas_Financas_v1;Carousel;Educativo;instagram;12381;222;50,87;0,23;4,11;1,800;10;0;970,00;19,07;9277;1,49;0
2024-11-29;CAMP001;Finanças do Zero | Perpétuo | Conversão;CONVERSIONS;AS001;Público 25-35 | Interesses Finanças;AD002;Carrossel_Dicas_Financas_v1;Carousel;Educativo;facebook;10446;203;39,02;0,19;3,74;1,944;12;0;1164,00;29,83;8653;1,57;0
2024-11-30;CAMP001;Finanças do Zero | Perpétuo | Conversão;CONVERSIONS;AS001;Público 25-35 | Interesses Finanças;AD002;Carrossel_Dicas_Financas_v1;Carousel;Educativo;instagram;7406;130;39,45;0,30;5,33;1,760;8;0;776,00;19,67;5820;1,15;0
2024-12-01;CAMP001;Finanças do Zero | Perpétuo | Conversão;CONVERSIONS;AS001;Público 25-35 | Interesses Finanças;AD002;Carrossel_Dicas_Financas_v1;Carousel;Educativo;instagram;5350;91;21,55;0,24;4,03;1,704;3;0;291,00;13,50;4220;1,20;0
2024-12-02;CAMP001;Finanças do Zero | Perpétuo | Conversão;CONVERSIONS;AS001;Público 25-35 | Interesses Finanças;AD002;Carrossel_Dicas_Financas_v1;Carousel;Educativo;facebook;5016;97;25,40;0,26;5,06;1,948;3;0;291,00;11,46;3538;1,65;0
2024-12-03;CAMP001;Finanças do Zero | Perpétuo | Conversão;CONVERSIONS;AS001;Público 25-35 | Interesses Finanças;AD002;Carrossel_Dicas_Financas_v1;Carousel;Educativo;instagram;5716;107;24,53;0,23;4,29;1,880;3;0;291,00;11,86;4172;1,25;0
2024-12-04;CAMP001;Finanças do Zero | Perpétuo | Conversão;CONVERSIONS;AS001;Público 25-35 | Interesses Finanças;AD002;Carrossel_Dicas_Financas_v1;Carousel;Educativo;facebook;6175;100;23,78;0,24;3,85;1,623;3;0;291,00;12,24;5030;1,25;0
2024-12-05;CAMP001;Finanças do Zero | Perpétuo | Conversão;CONVERSIONS;AS001;Público 25-35 | Interesses Finanças;AD002;Carrossel_Dicas_Financas_v1;Carousel;Educativo;facebook;4521;84;22,71;0,27;5,02;1,862;3;0;291,00;12,81;3653;1,27;0
2024-12-06;CAMP001;Finanças do Zero | Perpétuo | Conversão;CONVERSIONS;AS001;Público 25-35 | Interesses Finanças;AD002;Carrossel_Dicas_Financas_v1;Carousel;Educativo;facebook;5655;107;27,51;0,26;4,87;1,894;4;0;388,00;14,10;4443;1,58;0
2024-12-07;CAMP001;Finanças do Zero | Perpétuo | Conversão;CONVERSIONS;AS001;Público 25-35 | Interesses Finanças;AD002;Carrossel_Dicas_Financas_v1;Carousel;Educativo;facebook;5586;106;27,24;0,26;4,88;1,903;3;0;291,00;10,68;4331;1,14;0
2024-12-08;CAMP001;Finanças do Zero | Perpétuo | Conversão;CONVERSIONS;AS001;Público 25-35 | Interesses Finanças;AD002;Carrossel_Dicas_Financas_v1;Carousel;Educativo;facebook;5422;90;20,59;0,23;3,80;1,670;2;0;194,00;9,42;3732;1,44;0
2024-12-09;CAMP001;Finanças do Zero | Perpétuo | Conversão;CONVERSIONS;AS001;Público 25-35 | Interesses Finanças;AD002;Carrossel_Dicas_Financas_v1;Carousel;Educativo;instagram;6902;134;24,55;0,18;3,56;1,950;5;0;485,00;19,76;5116;1,56;0
2024-12-10;CAMP001;Finanças do Zero | Perpétuo | Conversão;CONVERSIONS;AS001;Público 25-35 | Interesses Finanças;AD002;Carrossel_Dicas_Financas_v1;Carousel;Educativo;instagram;4465;77;25,62;0,33;5,74;1,726;2;0;194,00;7,57;3093;1,17;0
2024-12-11;CAMP001;Finanças do Zero | Perpétuo | Conversão;CONVERSIONS;AS001;Público 25-35 | Interesses Finanças;AD002;Carrossel_Dicas_Financas_v1;Carousel;Educativo;facebook;7518;149;23,42;0,16;3,12;1,994;6;0;582,00;24,85;6189;1,48;0
2024-12-12;CAMP001;Finanças do Zero | Perpétuo | Conversão;CONVERSIONS;AS001;Público 25-35 | Interesses Finanças;AD002;Carrossel_Dicas_Financas_v1;Carousel;Educativo;facebook;5366;94;23,58;0,25;4,39;1,757;3;0;291,00;12,34;4466;1,27;0
2024-12-13;CAMP001;Finanças do Zero | Perpétuo | Conversão;CONVERSIONS;AS001;Público 25-35 | Interesses Finanças;AD002;Carrossel_Dicas_Financas_v1;Carousel;Educativo;instagram;4428;84;21,31;0,25;4,81;1,918;3;0;291,00;13,66;3016;1,58;0
2024-12-14;CAMP001;Finanças do Zero | Perpétuo | Conversão;CONVERSIONS;AS001;Público 25-35 | Interesses Finanças;AD002;Carrossel_Dicas_Financas_v1;Carousel;Educativo;facebook;5754;98;28,40;0,29;4,94;1,708;3;0;291,00;10,25;4419;1,19;0
2024-12-15;CAMP001;Finanças do Zero | Perpétuo | Conversão;CONVERSIONS;AS001;Público 25-35 | Interesses Finanças;AD002;Carrossel_Dicas_Financas_v1;Carousel;Educativo;instagram;6146;108;27,75;0,26;4,52;1,760;3;0;291,00;10,49;4316;1,28;0
2024-12-16;CAMP001;Finanças do Zero | Perpétuo | Conversão;CONVERSIONS;AS001;Público 25-35 | Interesses Finanças;AD002;Carrossel_Dicas_Financas_v1;Carousel;Educativo;instagram;4748;76;23,53;0,31;4,96;1,621;2;0;194,00;8,24;3720;1,61;0
2024-12-17;CAMP001;Finanças do Zero | Perpétuo | Conversão;CONVERSIONS;AS001;Público 25-35 | Interesses Finanças;AD002;Carrossel_Dicas_Financas_v1;Carousel;Educativo;facebook;6408;104;22,76;0,22;3,55;1,625;2;0;194,00;8,52;4772;1,31;0
2024-12-18;CAMP001;Finanças do Zero | Perpétuo | Conversão;CONVERSIONS;AS001;Público 25-35 | Interesses Finanças;AD002;Carrossel_Dicas_Financas_v1;Carousel;Educativo;instagram;5560;105;23,81;0,23;4,28;1,891;4;0;388,00;16,30;3972;1,12;0
2024-12-19;CAMP001;Finanças do Zero | Perpétuo | Conversão;CONVERSIONS;AS001;Público 25-35 | Interesses Finanças;AD002;Carrossel_Dicas_Financas_v1;Carousel;Educativo;instagram;5413;99;22,74;0,23;4,20;1,835;3;0;291,00;12,80;4427;1,40;0
2024-12-20;CAMP001;Finanças do Zero | Perpétuo | Conversão;CONVERSIONS;AS001;Público 25-35 | Interesses Finanças;AD002;Carrossel_Dicas_Financas_v1;Carousel;Educativo;instagram;4472;73;19,17;0,26;4,29;1,634;2;0;194,00;10,12;3553;1,19;0
2024-12-21;CAMP001;Finanças do Zero | Perpétuo | Conversão;CONVERSIONS;AS001;Público 25-35 | Interesses Finanças;AD002;Carrossel_Dicas_Financas_v1;Carousel;Educativo;facebook;6334;121;28,64;0,24;4,52;1,913;3;0;291,00;10,16;4540;1,30;0
2024-12-22;CAMP001;Finanças do Zero | Perpétuo | Conversão;CONVERSIONS;AS001;Público 25-35 | Interesses Finanças;AD002;Carrossel_Dicas_Financas_v1;Carousel;Educativo;facebook;6648;124;30,70;0,25;4,62;1,868;4;0;388,00;12,64;4452;1,15;0
2024-12-23;CAMP001;Finanças do Zero | Perpétuo | Conversão;CONVERSIONS;AS001;Público 25-35 | Interesses Finanças;AD002;Carrossel_Dicas_Financas_v1;Carousel;Educativo;instagram;4434;72;21,08;0,29;4,75;1,634;2;0;194,00;9,20;3210;1,40;0
2024-12-24;CAMP001;Finanças do Zero | Perpétuo | Conversão;CONVERSIONS;AS001;Público 25-35 | Interesses Finanças;AD002;Carrossel_Dicas_Financas_v1;Carousel;Educativo;instagram;5510;107;26,16;0,24;4,75;1,958;3;0;291,00;11,12;3815;1,17;0
2024-12-25;CAMP001;Finanças do Zero | Perpétuo | Conversão;CONVERSIONS;AS001;Público 25-35 | Interesses Finanças;AD002;Carrossel_Dicas_Financas_v1;Carousel;Educativo;facebook;4620;84;23,15;0,28;5,01;1,837;3;0;291,00;12,57;3395;1,66;0
2024-12-26;CAMP001;Finanças do Zero | Perpétuo | Conversão;CONVERSIONS;AS001;Público 25-35 | Interesses Finanças;AD002;Carrossel_Dicas_Financas_v1;Carousel;Educativo;instagram;5532;88;22,59;0,26;4,08;1,595;3;0;291,00;12,88;4023;1,50;0
2024-12-27;CAMP001;Finanças do Zero | Perpétuo | Conversão;CONVERSIONS;AS001;Público 25-35 | Interesses Finanças;AD002;Carrossel_Dicas_Financas_v1;Carousel;Educativo;instagram;4630;82;22,50;0,27;4,86;1,783;3;0;291,00;12,93;3551;1,39;0
2024-12-28;CAMP001;Finanças do Zero | Perpétuo | Conversão;CONVERSIONS;AS001;Público 25-35 | Interesses Finanças;AD002;Carrossel_Dicas_Financas_v1;Carousel;Educativo;facebook;6407;110;24,71;0,22;3,86;1,724;4;0;388,00;15,70;4472;1,53;0
2024-12-29;CAMP001;Finanças do Zero | Perpétuo | Conversão;CONVERSIONS;AS001;Público 25-35 | Interesses Finanças;AD002;Carrossel_Dicas_Financas_v1;Carousel;Educativo;instagram;5278;85;20,15;0,24;3,82;1,615;3;0;291,00;14,44;3725;1,33;0
2024-12-30;CAMP001;Finanças do Zero | Perpétuo | Conversão;CONVERSIONS;AS001;Público 25-35 | Interesses Finanças;AD002;Carrossel_Dicas_Financas_v1;Carousel;Educativo;facebook;5409;90;19,08;0,21;3,53;1,674;3;0;291,00;15,25;3687;1,35;0
2024-12-31;CAMP001;Finanças do Zero | Perpétuo | Conversão;CONVERSIONS;AS001;Público 25-35 | Interesses Finanças;AD002;Carrossel_Dicas_Financas_v1;Carousel;Educativo;instagram;5499;103;21,90;0,21;3,98;1,880;3;0;291,00;13,29;4136;1,49;0
2025-01-01;CAMP001;Finanças do Zero | Perpétuo | Conversão;CONVERSIONS;AS001;Público 25-35 | Interesses Finanças;AD002;Carrossel_Dicas_Financas_v1;Carousel;Educativo;facebook;6206;109;23,59;0,22;3,80;1,767;4;0;388,00;16,45;4580;1,57;0
2025-01-02;CAMP001;Finanças do Zero | Perpétuo | Conversão;CONVERSIONS;AS001;Público 25-35 | Interesses Finanças;AD002;Carrossel_Dicas_Financas_v1;Carousel;Educativo;instagram;4052;68;22,69;0,33;5,60;1,681;2;0;194,00;8,55;3058;1,21;0
2025-01-03;CAMP001;Finanças do Zero | Perpétuo | Conversão;CONVERSIONS;AS001;Público 25-35 | Interesses Finanças;AD002;Carrossel_Dicas_Financas_v1;Carousel;Educativo;instagram;4510;87;21,69;0,25;4,81;1,930;2;0;194,00;8,94;3659;1,67;0
2025-01-04;CAMP001;Finanças do Zero | Perpétuo | Conversão;CONVERSIONS;AS001;Público 25-35 | Interesses Finanças;AD002;Carrossel_Dicas_Financas_v1;Carousel;Educativo;facebook;4814;77;23,15;0,30;4,81;1,603;2;0;194,00;8,38;3579;1,36;0
2025-01-05;CAMP001;Finanças do Zero | Perpétuo | Conversão;CONVERSIONS;AS001;Público 25-35 | Interesses Finanças;AD002;Carrossel_Dicas_Financas_v1;Carousel;Educativo;instagram;6806;130;27,54;0,21;4,05;1,916;3;0;291,00;10,57;4711;1,53;0
2025-01-06;CAMP001;Finanças do Zero | Perpétuo | Conversão;CONVERSIONS;AS001;Público 25-35 | Interesses Finanças;AD002;Carrossel_Dicas_Financas_v1;Carousel;Educativo;instagram;4247;72;23,47;0,33;5,53;1,713;2;0;194,00;8,27;3279;1,37;0
2025-01-07;CAMP001;Finanças do Zero | Perpétuo | Conversão;CONVERSIONS;AS001;Público 25-35 | Interesses Finanças;AD002;Carrossel_Dicas_Financas_v1;Carousel;Educativo;facebook;6625;110;20,34;0,18;3,07;1,664;4;0;388,00;19,08;4889;1,46;0
2025-01-08;CAMP001;Finanças do Zero | Perpétuo | Conversão;CONVERSIONS;AS001;Público 25-35 | Interesses Finanças;AD002;Carrossel_Dicas_Financas_v1;Carousel;Educativo;instagram;3994;71;21,37;0,30;5,35;1,783;2;0;194,00;9,08;2853;1,49;0
2025-01-09;CAMP001;Finanças do Zero | Perpétuo | Conversão;CONVERSIONS;AS001;Público 25-35 | Interesses Finanças;AD002;Carrossel_Dicas_Financas_v1;Carousel;Educativo;facebook;6331;118;27,84;0,24;4,40;1,876;4;0;388,00;13,94;4194;1,17;0
2025-01-10;CAMP001;Finanças do Zero | Perpétuo | Conversão;CONVERSIONS;AS001;Público 25-35 | Interesses Finanças;AD002;Carrossel_Dicas_Financas_v1;Carousel;Educativo;instagram;4270;71;22,95;0,32;5,37;1,674;2;0;194,00;8,45;3465;1,48;0
2025-01-11;CAMP001;Finanças do Zero | Perpétuo | Conversão;CONVERSIONS;AS001;Público 25-35 | Interesses Finanças;AD002;Carrossel_Dicas_Financas_v1;Carousel;Educativo;facebook;5862;96;29,64;0,31;5,06;1,648;3;0;291,00;9,82;4648;1,19;0
2025-01-12;CAMP001;Finanças do Zero | Perpétuo | Conversão;CONVERSIONS;AS001;Público 25-35 | Interesses Finanças;AD002;Carrossel_Dicas_Financas_v1;Carousel;Educativo;instagram;5113;86;24,99;0,29;4,89;1,689;2;0;194,00;7,76;3421;1,58;0
2025-01-13;CAMP001;Finanças do Zero | Perpétuo | Conversão;CONVERSIONS;AS001;Público 25-35 | Interesses Finanças;AD002;Carrossel_Dicas_Financas_v1;Carousel;Educativo;instagram;5249;102;22,91;0,22;4,37;1,951;3;0;291,00;12,70;3499;1,45;0
2025-01-14;CAMP001;Finanças do Zero | Perpétuo | Conversão;CONVERSIONS;AS001;Público 25-35 | Interesses Finanças;AD002;Carrossel_Dicas_Financas_v1;Carousel;Educativo;facebook;5543;109;25,11;0,23;4,53;1,975;4;0;388,00;15,45;4185;1,25;0
2025-01-15;CAMP001;Finanças do Zero | Perpétuo | Conversão;CONVERSIONS;AS001;Público 25-35 | Interesses Finanças;AD002;Carrossel_Dicas_Financas_v1;Carousel;Educativo;instagram;4330;76;25,02;0,33;5,78;1,764;2;0;194,00;7,75;3207;1,40;0
2025-01-16;CAMP001;Finanças do Zero | Perpétuo | Conversão;CONVERSIONS;AS001;Público 25-35 | Interesses Finanças;AD002;Carrossel_Dicas_Financas_v1;Carousel;Educativo;instagram;4744;84;22,77;0,27;4,80;1,773;2;0;194,00;8,52;3918;1,45;0
2025-01-17;CAMP001;Finanças do Zero | Perpétuo | Conversão;CONVERSIONS;AS001;Público 25-35 | Interesses Finanças;AD002;Carrossel_Dicas_Financas_v1;Carousel;Educativo;instagram;6309;119;27,60;0,23;4,37;1,896;3;0;291,00;10,54;5067;1,35;0
2025-01-18;CAMP001;Finanças do Zero | Perpétuo | Conversão;CONVERSIONS;AS001;Público 25-35 | Interesses Finanças;AD002;Carrossel_Dicas_Financas_v1;Carousel;Educativo;facebook;7478;142;26,04;0,18;3,48;1,908;5;0;485,00;18,63;5145;1,19;0
2025-01-19;CAMP001;Finanças do Zero | Perpétuo | Conversão;CONVERSIONS;AS001;Público 25-35 | Interesses Finanças;AD002;Carrossel_Dicas_Financas_v1;Carousel;Educativo;instagram;7340;123;25,54;0,21;3,48;1,685;4;0;388,00;15,19;6008;1,68;0
2025-01-20;CAMP001;Finanças do Zero | Perpétuo | Conversão;CONVERSIONS;AS001;Público 25-35 | Interesses Finanças;AD002;Carrossel_Dicas_Financas_v1;Carousel;Educativo;facebook;4753;75;24,63;0,33;5,18;1,598;2;0;194,00;7,88;3240;1,36;0
2025-01-21;CAMP001;Finanças do Zero | Perpétuo | Conversão;CONVERSIONS;AS001;Público 25-35 | Interesses Finanças;AD002;Carrossel_Dicas_Financas_v1;Carousel;Educativo;facebook;4305;69;21,00;0,30;4,88;1,604;2;0;194,00;9,24;3502;1,27;0
2025-01-22;CAMP001;Finanças do Zero | Perpétuo | Conversão;CONVERSIONS;AS001;Público 25-35 | Interesses Finanças;AD002;Carrossel_Dicas_Financas_v1;Carousel;Educativo;facebook;5524;110;22,65;0,21;4,10;1,993;4;0;388,00;17,13;4614;1,66;0
2025-01-23;CAMP001;Finanças do Zero | Perpétuo | Conversão;CONVERSIONS;AS001;Público 25-35 | Interesses Finanças;AD002;Carrossel_Dicas_Financas_v1;Carousel;Educativo;facebook;6509;118;22,50;0,19;3,46;1,827;4;0;388,00;17,24;5316;1,21;0
2025-01-24;CAMP001;Finanças do Zero | Perpétuo | Conversão;CONVERSIONS;AS001;Público 25-35 | Interesses Finanças;AD002;Carrossel_Dicas_Financas_v1;Carousel;Educativo;instagram;4759;85;25,24;0,30;5,30;1,803;3;0;291,00;11,53;3427;1,18;0
2025-01-25;CAMP001;Finanças do Zero | Perpétuo | Conversão;CONVERSIONS;AS001;Público 25-35 | Interesses Finanças;AD002;Carrossel_Dicas_Financas_v1;Carousel;Educativo;instagram;6107;117;22,93;0,20;3,75;1,916;3;0;291,00;12,69;4345;1,57;0
2025-01-26;CAMP001;Finanças do Zero | Perpétuo | Conversão;CONVERSIONS;AS001;Público 25-35 | Interesses Finanças;AD002;Carrossel_Dicas_Financas_v1;Carousel;Educativo;instagram;5129;95;23,13;0,24;4,51;1,856;2;0;194,00;8,39;4111;1,54;0
2025-01-27;CAMP001;Finanças do Zero | Perpétuo | Conversão;CONVERSIONS;AS001;Público 25-35 | Interesses Finanças;AD002;Carrossel_Dicas_Financas_v1;Carousel;Educativo;facebook;5217;104;23,31;0,22;4,47;1,995;3;0;291,00;12,48;3858;1,50;0
2025-01-28;CAMP001;Finanças do Zero | Perpétuo | Conversão;CONVERSIONS;AS001;Público 25-35 | Interesses Finanças;AD002;Carrossel_Dicas_Financas_v1;Carousel;Educativo;instagram;6272;108;22,25;0,21;3,55;1,730;3;0;291,00;13,08;4208;1,55;0
2025-01-29;CAMP001;Finanças do Zero | Perpétuo | Conversão;CONVERSIONS;AS001;Público 25-35 | Interesses Finanças;AD002;Carrossel_Dicas_Financas_v1;Carousel;Educativo;instagram;6295;101;27,14;0,27;4,31;1,609;3;0;291,00;10,72;4629;1,52;0
2025-01-30;CAMP001;Finanças do Zero | Perpétuo | Conversão;CONVERSIONS;AS001;Público 25-35 | Interesses Finanças;AD002;Carrossel_Dicas_Financas_v1;Carousel;Educativo;facebook;6937;119;26,81;0,23;3,86;1,720;3;0;291,00;10,85;5452;1,58;0
2025-01-31;CAMP001;Finanças do Zero | Perpétuo | Conversão;CONVERSIONS;AS001;Público 25-35 | Interesses Finanças;AD002;Carrossel_Dicas_Financas_v1;Carousel;Educativo;instagram;4660;86;24,59;0,29;5,28;1,866;3;0;291,00;11,83;3726;1,62;0
2024-02-01;CAMP001;Finanças do Zero | Perpétuo | Conversão;CONVERSIONS;AS002;Público 35-50 | Interesses Investimentos;AD003;Imagem_CTA_Inscricao_v1;Image;CTA Direto;instagram;4150;78;21,25;0,27;5,12;1,895;3;0;291,00;13,69;2898;1,41;0
2024-02-02;CAMP001;Finanças do Zero | Perpétuo | Conversão;CONVERSIONS;AS002;Público 35-50 | Interesses Investimentos;AD003;Imagem_CTA_Inscricao_v1;Image;CTA Direto;instagram;4074;64;20,71;0,32;5,08;1,594;2;0;194,00;9,37;2865;1,42;0
2024-02-03;CAMP001;Finanças do Zero | Perpétuo | Conversão;CONVERSIONS;AS002;Público 35-50 | Interesses Investimentos;AD003;Imagem_CTA_Inscricao_v1;Image;CTA Direto;instagram;6616;106;21,26;0,20;3,21;1,610;3;0;291,00;13,69;4514;1,47;0
2024-02-04;CAMP001;Finanças do Zero | Perpétuo | Conversão;CONVERSIONS;AS002;Público 35-50 | Interesses Investimentos;AD003;Imagem_CTA_Inscricao_v1;Image;CTA Direto;facebook;6323;100;23,76;0,24;3,76;1,586;3;0;291,00;12,25;4571;1,25;0
2024-02-05;CAMP001;Finanças do Zero | Perpétuo | Conversão;CONVERSIONS;AS002;Público 35-50 | Interesses Investimentos;AD003;Imagem_CTA_Inscricao_v1;Image;CTA Direto;instagram;5155;97;19,75;0,20;3,83;1,893;3;0;291,00;14,73;3881;1,26;0
2024-02-06;CAMP001;Finanças do Zero | Perpétuo | Conversão;CONVERSIONS;AS002;Público 35-50 | Interesses Investimentos;AD003;Imagem_CTA_Inscricao_v1;Image;CTA Direto;instagram;4724;83;16,95;0,20;3,59;1,768;2;0;194,00;11,45;3873;1,17;0
2024-02-07;CAMP001;Finanças do Zero | Perpétuo | Conversão;CONVERSIONS;AS002;Público 35-50 | Interesses Investimentos;AD003;Imagem_CTA_Inscricao_v1;Image;CTA Direto;instagram;4326;79;20,01;0,25;4,63;1,838;2;0;194,00;9,70;3310;1,34;0
2024-02-08;CAMP001;Finanças do Zero | Perpétuo | Conversão;CONVERSIONS;AS002;Público 35-50 | Interesses Investimentos;AD003;Imagem_CTA_Inscricao_v1;Image;CTA Direto;facebook;6038;114;22,87;0,20;3,79;1,900;3;0;291,00;12,72;4511;1,21;0
2024-02-09;CAMP001;Finanças do Zero | Perpétuo | Conversão;CONVERSIONS;AS002;Público 35-50 | Interesses Investimentos;AD003;Imagem_CTA_Inscricao_v1;Image;CTA Direto;facebook;5497;103;19,94;0,19;3,63;1,884;3;0;291,00;14,59;4562;1,14;0
2024-02-10;CAMP001;Finanças do Zero | Perpétuo | Conversão;CONVERSIONS;AS002;Público 35-50 | Interesses Investimentos;AD003;Imagem_CTA_Inscricao_v1;Image;CTA Direto;facebook;6007;98;20,84;0,21;3,47;1,636;3;0;291,00;13,96;4091;1,14;0
2024-02-11;CAMP001;Finanças do Zero | Perpétuo | Conversão;CONVERSIONS;AS002;Público 35-50 | Interesses Investimentos;AD003;Imagem_CTA_Inscricao_v1;Image;CTA Direto;instagram;4334;71;18,59;0,26;4,29;1,646;2;0;194,00;10,44;3554;1,36;0
2024-02-12;CAMP001;Finanças do Zero | Perpétuo | Conversão;CONVERSIONS;AS002;Público 35-50 | Interesses Investimentos;AD003;Imagem_CTA_Inscricao_v1;Image;CTA Direto;instagram;4867;84;16,95;0,20;3,48;1,735;3;0;291,00;17,17;3707;1,35;0
2024-02-13;CAMP001;Finanças do Zero | Perpétuo | Conversão;CONVERSIONS;AS002;Público 35-50 | Interesses Investimentos;AD003;Imagem_CTA_Inscricao_v1;Image;CTA Direto;instagram;5625;103;23,08;0,22;4,10;1,846;3;0;291,00;12,61;4483;1,40;0
2024-02-14;CAMP001;Finanças do Zero | Perpétuo | Conversão;CONVERSIONS;AS002;Público 35-50 | Interesses Investimentos;AD003;Imagem_CTA_Inscricao_v1;Image;CTA Direto;instagram;4276;79;18,75;0,24;4,39;1,854;2;0;194,00;10,35;3083;1,34;0
2024-02-15;CAMP001;Finanças do Zero | Perpétuo | Conversão;CONVERSIONS;AS002;Público 35-50 | Interesses Investimentos;AD003;Imagem_CTA_Inscricao_v1;Image;CTA Direto;instagram;4342;70;16,87;0,24;3,88;1,622;2;0;194,00;11,50;3304;1,13;0
2024-02-16;CAMP001;Finanças do Zero | Perpétuo | Conversão;CONVERSIONS;AS002;Público 35-50 | Interesses Investimentos;AD003;Imagem_CTA_Inscricao_v1;Image;CTA Direto;facebook;3975;72;18,71;0,26;4,71;1,833;2;0;194,00;10,37;3160;1,44;0
2024-02-17;CAMP001;Finanças do Zero | Perpétuo | Conversão;CONVERSIONS;AS002;Público 35-50 | Interesses Investimentos;AD003;Imagem_CTA_Inscricao_v1;Image;CTA Direto;instagram;4155;83;22,18;0,27;5,34;2,000;2;0;194,00;8,75;2805;1,24;0
2024-02-18;CAMP001;Finanças do Zero | Perpétuo | Conversão;CONVERSIONS;AS002;Público 35-50 | Interesses Investimentos;AD003;Imagem_CTA_Inscricao_v1;Image;CTA Direto;facebook;4802;95;22,13;0,23;4,61;1,987;3;0;291,00;13,15;3912;1,22;0
2024-02-19;CAMP001;Finanças do Zero | Perpétuo | Conversão;CONVERSIONS;AS002;Público 35-50 | Interesses Investimentos;AD003;Imagem_CTA_Inscricao_v1;Image;CTA Direto;facebook;3570;59;17,28;0,29;4,84;1,657;1;0;97,00;5,61;2455;1,26;0
2024-02-20;CAMP001;Finanças do Zero | Perpétuo | Conversão;CONVERSIONS;AS002;Público 35-50 | Interesses Investimentos;AD003;Imagem_CTA_Inscricao_v1;Image;CTA Direto;facebook;4913;81;24,62;0,30;5,01;1,662;3;0;291,00;11,82;3525;1,29;0
2024-02-21;CAMP001;Finanças do Zero | Perpétuo | Conversão;CONVERSIONS;AS002;Público 35-50 | Interesses Investimentos;AD003;Imagem_CTA_Inscricao_v1;Image;CTA Direto;facebook;4035;66;21,12;0,32;5,23;1,636;2;0;194,00;9,19;3021;1,54;0
2024-02-22;CAMP001;Finanças do Zero | Perpétuo | Conversão;CONVERSIONS;AS002;Público 35-50 | Interesses Investimentos;AD003;Imagem_CTA_Inscricao_v1;Image;CTA Direto;instagram;4206;75;18,97;0,25;4,51;1,785;2;0;194,00;10,23;3255;1,39;0
2024-02-23;CAMP001;Finanças do Zero | Perpétuo | Conversão;CONVERSIONS;AS002;Público 35-50 | Interesses Investimentos;AD003;Imagem_CTA_Inscricao_v1;Image;CTA Direto;facebook;4050;65;22,44;0,35;5,54;1,628;2;0;194,00;8,65;2895;1,48;0
2024-02-24;CAMP001;Finanças do Zero | Perpétuo | Conversão;CONVERSIONS;AS002;Público 35-50 | Interesses Investimentos;AD003;Imagem_CTA_Inscricao_v1;Image;CTA Direto;facebook;4183;83;19,98;0,24;4,78;2,002;2;0;194,00;9,71;3165;1,67;0
2024-02-25;CAMP001;Finanças do Zero | Perpétuo | Conversão;CONVERSIONS;AS002;Público 35-50 | Interesses Investimentos;AD003;Imagem_CTA_Inscricao_v1;Image;CTA Direto;facebook;5788;103;19,01;0,18;3,28;1,785;4;0;388,00;20,41;3820;1,28;0
2024-02-26;CAMP001;Finanças do Zero | Perpétuo | Conversão;CONVERSIONS;AS002;Público 35-50 | Interesses Investimentos;AD003;Imagem_CTA_Inscricao_v1;Image;CTA Direto;instagram;5157;90;23,88;0,27;4,63;1,748;2;0;194,00;8,12;3445;1,47;0
2024-02-27;CAMP001;Finanças do Zero | Perpétuo | Conversão;CONVERSIONS;AS002;Público 35-50 | Interesses Investimentos;AD003;Imagem_CTA_Inscricao_v1;Image;CTA Direto;instagram;4758;77;20,62;0,27;4,33;1,637;2;0;194,00;9,41;3892;1,43;0
2024-02-28;CAMP001;Finanças do Zero | Perpétuo | Conversão;CONVERSIONS;AS002;Público 35-50 | Interesses Investimentos;AD003;Imagem_CTA_Inscricao_v1;Image;CTA Direto;instagram;4600;91;20,33;0,22;4,42;1,992;3;0;291,00;14,31;3262;1,67;0
2024-02-29;CAMP001;Finanças do Zero | Perpétuo | Conversão;CONVERSIONS;AS002;Público 35-50 | Interesses Investimentos;AD003;Imagem_CTA_Inscricao_v1;Image;CTA Direto;facebook;4102;70;23,07;0,33;5,62;1,726;2;0;194,00;8,41;3156;1,19;0
2024-03-01;CAMP001;Finanças do Zero | Perpétuo | Conversão;CONVERSIONS;AS002;Público 35-50 | Interesses Investimentos;AD003;Imagem_CTA_Inscricao_v1;Image;CTA Direto;facebook;6657;125;40,45;0,32;6,08;1,885;6;0;582,00;14,39;5337;1,34;0
2024-03-02;CAMP001;Finanças do Zero | Perpétuo | Conversão;CONVERSIONS;AS002;Público 35-50 | Interesses Investimentos;AD003;Imagem_CTA_Inscricao_v1;Image;CTA Direto;instagram;7981;149;51,72;0,35;6,48;1,874;8;0;776,00;15,00;6456;1,32;0
2024-03-03;CAMP001;Finanças do Zero | Perpétuo | Conversão;CONVERSIONS;AS002;Público 35-50 | Interesses Investimentos;AD003;Imagem_CTA_Inscricao_v1;Image;CTA Direto;instagram;9696;153;48,26;0,32;4,98;1,588;8;0;776,00;16,08;6415;1,64;0
2024-03-04;CAMP001;Finanças do Zero | Perpétuo | Conversão;CONVERSIONS;AS002;Público 35-50 | Interesses Investimentos;AD003;Imagem_CTA_Inscricao_v1;Image;CTA Direto;facebook;14088;234;55,43;0,24;3,93;1,667;14;0;1358,00;24,50;9892;1,47;0
2024-03-05;CAMP001;Finanças do Zero | Perpétuo | Conversão;CONVERSIONS;AS002;Público 35-50 | Interesses Investimentos;AD003;Imagem_CTA_Inscricao_v1;Image;CTA Direto;instagram;10830;204;57,98;0,28;5,35;1,889;10;0;970,00;16,73;7364;1,23;0
2024-03-06;CAMP001;Finanças do Zero | Perpétuo | Conversão;CONVERSIONS;AS002;Público 35-50 | Interesses Investimentos;AD003;Imagem_CTA_Inscricao_v1;Image;CTA Direto;facebook;11441;217;50,04;0,23;4,37;1,903;12;0;1164,00;23,26;7685;1,46;0
2024-03-07;CAMP001;Finanças do Zero | Perpétuo | Conversão;CONVERSIONS;AS002;Público 35-50 | Interesses Investimentos;AD003;Imagem_CTA_Inscricao_v1;Image;CTA Direto;facebook;9980;167;57,74;0,35;5,79;1,682;9;0;873,00;15,12;8109;1,56;0
2024-03-08;CAMP001;Finanças do Zero | Perpétuo | Conversão;CONVERSIONS;AS002;Público 35-50 | Interesses Investimentos;AD003;Imagem_CTA_Inscricao_v1;Image;CTA Direto;instagram;17587;330;62,57;0,19;3,56;1,878;21;0;2037,00;32,56;13636;1,12;0
2024-03-09;CAMP001;Finanças do Zero | Perpétuo | Conversão;CONVERSIONS;AS002;Público 35-50 | Interesses Investimentos;AD003;Imagem_CTA_Inscricao_v1;Image;CTA Direto;instagram;17238;347;82,86;0,24;4,81;2,014;17;0;1649,00;19,90;12914;1,50;0
2024-03-10;CAMP001;Finanças do Zero | Perpétuo | Conversão;CONVERSIONS;AS002;Público 35-50 | Interesses Investimentos;AD003;Imagem_CTA_Inscricao_v1;Image;CTA Direto;instagram;16380;324;75,20;0,23;4,59;1,981;18;0;1746,00;23,22;11384;1,30;0
2024-03-11;CAMP001;Finanças do Zero | Perpétuo | Conversão;CONVERSIONS;AS002;Público 35-50 | Interesses Investimentos;AD003;Imagem_CTA_Inscricao_v1;Image;CTA Direto;facebook;17380;348;87,41;0,25;5,03;2,007;18;0;1746,00;19,97;12086;1,16;0
2024-03-12;CAMP001;Finanças do Zero | Perpétuo | Conversão;CONVERSIONS;AS002;Público 35-50 | Interesses Investimentos;AD003;Imagem_CTA_Inscricao_v1;Image;CTA Direto;instagram;18241;322;84,29;0,26;4,62;1,771;14;0;1358,00;16,11;14798;1,57;0
2024-03-13;CAMP001;Finanças do Zero | Perpétuo | Conversão;CONVERSIONS;AS002;Público 35-50 | Interesses Investimentos;AD003;Imagem_CTA_Inscricao_v1;Image;CTA Direto;facebook;24875;482;106,42;0,22;4,28;1,939;27;0;2619,00;24,61;19890;1,25;0
2024-03-14;CAMP001;Finanças do Zero | Perpétuo | Conversão;CONVERSIONS;AS002;Público 35-50 | Interesses Investimentos;AD003;Imagem_CTA_Inscricao_v1;Image;CTA Direto;instagram;29532;478;113,93;0,24;3,86;1,621;22;0;2134,00;18,73;24222;1,14;0
2024-03-15;CAMP001;Finanças do Zero | Perpétuo | Conversão;CONVERSIONS;AS002;Público 35-50 | Interesses Investimentos;AD003;Imagem_CTA_Inscricao_v1;Image;CTA Direto;facebook;26602;427;123,46;0,29;4,64;1,608;24;0;2328,00;18,86;20801;1,36;0
2024-03-16;CAMP001;Finanças do Zero | Perpétuo | Conversão;CONVERSIONS;AS002;Público 35-50 | Interesses Investimentos;AD003;Imagem_CTA_Inscricao_v1;Image;CTA Direto;facebook;22437;428;99,55;0,23;4,44;1,909;21;0;2037,00;20,46;16639;1,46;0
2024-03-17;CAMP001;Finanças do Zero | Perpétuo | Conversão;CONVERSIONS;AS002;Público 35-50 | Interesses Investimentos;AD003;Imagem_CTA_Inscricao_v1;Image;CTA Direto;instagram;23846;444;94,07;0,21;3,94;1,865;26;0;2522,00;26,81;18261;1,13;0
2024-03-18;CAMP001;Finanças do Zero | Perpétuo | Conversão;CONVERSIONS;AS002;Público 35-50 | Interesses Investimentos;AD003;Imagem_CTA_Inscricao_v1;Image;CTA Direto;instagram;17107;333;91,80;0,28;5,37;1,947;21;0;2037,00;22,19;12384;1,19;0
2024-03-19;CAMP001;Finanças do Zero | Perpétuo | Conversão;CONVERSIONS;AS002;Público 35-50 | Interesses Investimentos;AD003;Imagem_CTA_Inscricao_v1;Image;CTA Direto;instagram;20484;328;83,56;0,25;4,08;1,603;15;0;1455,00;17,41;14666;1,45;0
2024-03-20;CAMP001;Finanças do Zero | Perpétuo | Conversão;CONVERSIONS;AS002;Público 35-50 | Interesses Investimentos;AD003;Imagem_CTA_Inscricao_v1;Image;CTA Direto;facebook;21642;374;87,58;0,23;4,05;1,732;19;0;1843,00;21,04;14507;1,12;0
2024-03-21;CAMP001;Finanças do Zero | Perpétuo | Conversão;CONVERSIONS;AS002;Público 35-50 | Interesses Investimentos;AD003;Imagem_CTA_Inscricao_v1;Image;CTA Direto;facebook;21824;364;74,83;0,21;3,43;1,668;17;0;1649,00;22,04;15745;1,63;0
2024-03-22;CAMP001;Finanças do Zero | Perpétuo | Conversão;CONVERSIONS;AS002;Público 35-50 | Interesses Investimentos;AD003;Imagem_CTA_Inscricao_v1;Image;CTA Direto;instagram;19912;343;73,25;0,21;3,68;1,727;19;0;1843,00;25,16;14642;1,66;0
2024-03-23;CAMP001;Finanças do Zero | Perpétuo | Conversão;CONVERSIONS;AS002;Público 35-50 | Interesses Investimentos;AD003;Imagem_CTA_Inscricao_v1;Image;CTA Direto;facebook;13812;231;51,00;0,22;3,69;1,679;10;0;970,00;19,02;10275;1,24;0
2024-03-24;CAMP001;Finanças do Zero | Perpétuo | Conversão;CONVERSIONS;AS002;Público 35-50 | Interesses Investimentos;AD003;Imagem_CTA_Inscricao_v1;Image;CTA Direto;facebook;12898;249;57,15;0,23;4,43;1,933;13;0;1261,00;22,06;9355;1,34;0
2024-03-25;CAMP001;Finanças do Zero | Perpétuo | Conversão;CONVERSIONS;AS002;Público 35-50 | Interesses Investimentos;AD003;Imagem_CTA_Inscricao_v1;Image;CTA Direto;facebook;7892;131;45,13;0,34;5,72;1,668;7;0;679,00;15,05;6594;1,55;0
2024-03-26;CAMP001;Finanças do Zero | Perpétuo | Conversão;CONVERSIONS;AS002;Público 35-50 | Interesses Investimentos;AD003;Imagem_CTA_Inscricao_v1;Image;CTA Direto;facebook;8992;149;43,62;0,29;4,85;1,659;9;0;873,00;20,01;5969;1,26;0
2024-03-27;CAMP001;Finanças do Zero | Perpétuo | Conversão;CONVERSIONS;AS002;Público 35-50 | Interesses Investimentos;AD003;Imagem_CTA_Inscricao_v1;Image;CTA Direto;facebook;12386;216;53,83;0,25;4,35;1,748;13;0;1261,00;23,43;8854;1,18;0
2024-03-28;CAMP001;Finanças do Zero | Perpétuo | Conversão;CONVERSIONS;AS002;Público 35-50 | Interesses Investimentos;AD003;Imagem_CTA_Inscricao_v1;Image;CTA Direto;facebook;11752;235;47,95;0,20;4,08;2,006;15;0;1455,00;30,34;8006;1,61;0
2024-03-29;CAMP001;Finanças do Zero | Perpétuo | Conversão;CONVERSIONS;AS002;Público 35-50 | Interesses Investimentos;AD003;Imagem_CTA_Inscricao_v1;Image;CTA Direto;facebook;8840;166;49,86;0,30;5,64;1,884;8;0;776,00;15,56;7299;1,36;0
2024-03-30;CAMP001;Finanças do Zero | Perpétuo | Conversão;CONVERSIONS;AS002;Público 35-50 | Interesses Investimentos;AD003;Imagem_CTA_Inscricao_v1;Image;CTA Direto;instagram;12319;203;45,21;0,22;3,67;1,648;10;0;970,00;21,46;10066;1,47;0
2024-03-31;CAMP001;Finanças do Zero | Perpétuo | Conversão;CONVERSIONS;AS002;Público 35-50 | Interesses Investimentos;AD003;Imagem_CTA_Inscricao_v1;Image;CTA Direto;facebook;14560;235;44,78;0,19;3,08;1,619;13;0;1261,00;28,16;10048;1,49;0
2024-04-01;CAMP001;Finanças do Zero | Perpétuo | Conversão;CONVERSIONS;AS002;Público 35-50 | Interesses Investimentos;AD003;Imagem_CTA_Inscricao_v1;Image;CTA Direto;instagram;5701;103;19,44;0,19;3,41;1,808;3;0;291,00;14,97;4497;1,52;0
2024-04-02;CAMP001;Finanças do Zero | Perpétuo | Conversão;CONVERSIONS;AS002;Público 35-50 | Interesses Investimentos;AD003;Imagem_CTA_Inscricao_v1;Image;CTA Direto;facebook;4154;76;22,65;0,30;5,45;1,836;2;0;194,00;8,57;3079;1,24;0
2024-04-03;CAMP001;Finanças do Zero | Perpétuo | Conversão;CONVERSIONS;AS002;Público 35-50 | Interesses Investimentos;AD003;Imagem_CTA_Inscricao_v1;Image;CTA Direto;facebook;3823;63;18,72;0,30;4,90;1,652;2;0;194,00;10,36;2615;1,26;0
2024-04-04;CAMP001;Finanças do Zero | Perpétuo | Conversão;CONVERSIONS;AS002;Público 35-50 | Interesses Investimentos;AD003;Imagem_CTA_Inscricao_v1;Image;CTA Direto;instagram;4013;71;18,92;0,27;4,71;1,785;2;0;194,00;10,25;2960;1,36;0
2024-04-05;CAMP001;Finanças do Zero | Perpétuo | Conversão;CONVERSIONS;AS002;Público 35-50 | Interesses Investimentos;AD003;Imagem_CTA_Inscricao_v1;Image;CTA Direto;facebook;4332;76;17,67;0,23;4,08;1,775;2;0;194,00;10,98;3088;1,16;0
2024-04-06;CAMP001;Finanças do Zero | Perpétuo | Conversão;CONVERSIONS;AS002;Público 35-50 | Interesses Investimentos;AD003;Imagem_CTA_Inscricao_v1;Image;CTA Direto;facebook;4781;80;21,45;0,27;4,49;1,682;2;0;194,00;9,04;3442;1,32;0
2024-04-07;CAMP001;Finanças do Zero | Perpétuo | Conversão;CONVERSIONS;AS002;Público 35-50 | Interesses Investimentos;AD003;Imagem_CTA_Inscricao_v1;Image;CTA Direto;facebook;5125;99;25,13;0,25;4,90;1,949;3;0;291,00;11,58;4303;1,46;0
2024-04-08;CAMP001;Finanças do Zero | Perpétuo | Conversão;CONVERSIONS;AS002;Público 35-50 | Interesses Investimentos;AD003;Imagem_CTA_Inscricao_v1;Image;CTA Direto;instagram;6098;104;19,27;0,19;3,16;1,713;4;0;388,00;20,13;5062;1,56;0
2024-04-09;CAMP001;Finanças do Zero | Perpétuo | Conversão;CONVERSIONS;AS002;Público 35-50 | Interesses Investimentos;AD003;Imagem_CTA_Inscricao_v1;Image;CTA Direto;facebook;5011;100;23,01;0,23;4,59;2,011;4;0;388,00;16,86;3511;1,60;0
2024-04-10;CAMP001;Finanças do Zero | Perpétuo | Conversão;CONVERSIONS;AS002;Público 35-50 | Interesses Investimentos;AD003;Imagem_CTA_Inscricao_v1;Image;CTA Direto;facebook;4984;95;23,33;0,25;4,68;1,911;3;0;291,00;12,47;3570;1,38;0
2024-04-11;CAMP001;Finanças do Zero | Perpétuo | Conversão;CONVERSIONS;AS002;Público 35-50 | Interesses Investimentos;AD003;Imagem_CTA_Inscricao_v1;Image;CTA Direto;facebook;5130;91;17,73;0,19;3,46;1,778;3;0;291,00;16,41;3667;1,33;0
2024-04-12;CAMP001;Finanças do Zero | Perpétuo | Conversão;CONVERSIONS;AS002;Público 35-50 | Interesses Investimentos;AD003;Imagem_CTA_Inscricao_v1;Image;CTA Direto;instagram;5198;87;21,02;0,24;4,04;1,681;2;0;194,00;9,23;3735;1,54;0
2024-04-13;CAMP001;Finanças do Zero | Perpétuo | Conversão;CONVERSIONS;AS002;Público 35-50 | Interesses Investimentos;AD003;Imagem_CTA_Inscricao_v1;Image;CTA Direto;instagram;5713;114;18,40;0,16;3,22;1,996;3;0;291,00;15,82;4778;1,47;0
2024-04-14;CAMP001;Finanças do Zero | Perpétuo | Conversão;CONVERSIONS;AS002;Público 35-50 | Interesses Investimentos;AD003;Imagem_CTA_Inscricao_v1;Image;CTA Direto;instagram;4649;75;19,48;0,26;4,19;1,631;2;0;194,00;9,96;3146;1,37;0
2024-04-15;CAMP001;Finanças do Zero | Perpétuo | Conversão;CONVERSIONS;AS002;Público 35-50 | Interesses Investimentos;AD003;Imagem_CTA_Inscricao_v1;Image;CTA Direto;instagram;3894;69;19,49;0,28;5,01;1,795;2;0;194,00;9,95;2768;1,16;0
2024-04-16;CAMP001;Finanças do Zero | Perpétuo | Conversão;CONVERSIONS;AS002;Público 35-50 | Interesses Investimentos;AD003;Imagem_CTA_Inscricao_v1;Image;CTA Direto;instagram;4252;76;17,23;0,23;4,05;1,808;2;0;194,00;11,26;3105;1,60;0
2024-04-17;CAMP001;Finanças do Zero | Perpétuo | Conversão;CONVERSIONS;AS002;Público 35-50 | Interesses Investimentos;AD003;Imagem_CTA_Inscricao_v1;Image;CTA Direto;facebook;4354;76;24,36;0,32;5,60;1,752;3;0;291,00;11,95;3116;1,24;0
2024-04-18;CAMP001;Finanças do Zero | Perpétuo | Conversão;CONVERSIONS;AS002;Público 35-50 | Interesses Investimentos;AD003;Imagem_CTA_Inscricao_v1;Image;CTA Direto;instagram;5017;86;22,57;0,26;4,50;1,718;2;0;194,00;8,60;3559;1,52;0
2024-04-19;CAMP001;Finanças do Zero | Perpétuo | Conversão;CONVERSIONS;AS002;Público 35-50 | Interesses Investimentos;AD003;Imagem_CTA_Inscricao_v1;Image;CTA Direto;instagram;3159;61;17,73;0,29;5,61;1,933;2;0;194,00;10,94;2346;1,63;0
2024-04-20;CAMP001;Finanças do Zero | Perpétuo | Conversão;CONVERSIONS;AS002;Público 35-50 | Interesses Investimentos;AD003;Imagem_CTA_Inscricao_v1;Image;CTA Direto;instagram;5556;98;25,18;0,26;4,53;1,781;3;0;291,00;11,56;4058;1,52;0
2024-04-21;CAMP001;Finanças do Zero | Perpétuo | Conversão;CONVERSIONS;AS002;Público 35-50 | Interesses Investimentos;AD003;Imagem_CTA_Inscricao_v1;Image;CTA Direto;facebook;6338;117;22,54;0,19;3,56;1,851;3;0;291,00;12,91;4979;1,34;0
2024-04-22;CAMP001;Finanças do Zero | Perpétuo | Conversão;CONVERSIONS;AS002;Público 35-50 | Interesses Investimentos;AD003;Imagem_CTA_Inscricao_v1;Image;CTA Direto;facebook;4138;68;20,32;0,30;4,91;1,652;2;0;194,00;9,55;3251;1,42;0
2024-04-23;CAMP001;Finanças do Zero | Perpétuo | Conversão;CONVERSIONS;AS002;Público 35-50 | Interesses Investimentos;AD003;Imagem_CTA_Inscricao_v1;Image;CTA Direto;facebook;4370;79;24,26;0,31;5,55;1,823;3;0;291,00;12,00;3280;1,16;0
2024-04-24;CAMP001;Finanças do Zero | Perpétuo | Conversão;CONVERSIONS;AS002;Público 35-50 | Interesses Investimentos;AD003;Imagem_CTA_Inscricao_v1;Image;CTA Direto;instagram;4467;71;20,44;0,29;4,58;1,603;2;0;194,00;9,49;3254;1,48;0
2024-04-25;CAMP001;Finanças do Zero | Perpétuo | Conversão;CONVERSIONS;AS002;Público 35-50 | Interesses Investimentos;AD003;Imagem_CTA_Inscricao_v1;Image;CTA Direto;instagram;5650;92;19,25;0,21;3,41;1,634;3;0;291,00;15,12;4222;1,30;0
2024-04-26;CAMP001;Finanças do Zero | Perpétuo | Conversão;CONVERSIONS;AS002;Público 35-50 | Interesses Investimentos;AD003;Imagem_CTA_Inscricao_v1;Image;CTA Direto;facebook;4068;66;20,46;0,31;5,03;1,645;2;0;194,00;9,48;3298;1,59;0
2024-04-27;CAMP001;Finanças do Zero | Perpétuo | Conversão;CONVERSIONS;AS002;Público 35-50 | Interesses Investimentos;AD003;Imagem_CTA_Inscricao_v1;Image;CTA Direto;instagram;4180;69;24,59;0,36;5,88;1,657;2;0;194,00;7,89;2874;1,13;0
2024-04-28;CAMP001;Finanças do Zero | Perpétuo | Conversão;CONVERSIONS;AS002;Público 35-50 | Interesses Investimentos;AD003;Imagem_CTA_Inscricao_v1;Image;CTA Direto;facebook;3920;65;22,81;0,35;5,82;1,677;2;0;194,00;8,51;2862;1,59;0
2024-04-29;CAMP001;Finanças do Zero | Perpétuo | Conversão;CONVERSIONS;AS002;Público 35-50 | Interesses Investimentos;AD003;Imagem_CTA_Inscricao_v1;Image;CTA Direto;facebook;3207;61;20,94;0,34;6,53;1,915;2;0;194,00;9,26;2232;1,33;0
2024-04-30;CAMP001;Finanças do Zero | Perpétuo | Conversão;CONVERSIONS;AS002;Público 35-50 | Interesses Investimentos;AD003;Imagem_CTA_Inscricao_v1;Image;CTA Direto;facebook;2940;55;19,61;0,36;6,67;1,878;1;0;97,00;4,95;2362;1,66;0
2024-05-01;CAMP001;Finanças do Zero | Perpétuo | Conversão;CONVERSIONS;AS002;Público 35-50 | Interesses Investimentos;AD003;Imagem_CTA_Inscricao_v1;Image;CTA Direto;facebook;4084;66;22,10;0,33;5,41;1,631;2;0;194,00;8,78;3154;1,43;0
2024-05-02;CAMP001;Finanças do Zero | Perpétuo | Conversão;CONVERSIONS;AS002;Público 35-50 | Interesses Investimentos;AD003;Imagem_CTA_Inscricao_v1;Image;CTA Direto;instagram;4978;81;21,60;0,27;4,34;1,630;2;0;194,00;8,98;3296;1,13;0
2024-05-03;CAMP001;Finanças do Zero | Perpétuo | Conversão;CONVERSIONS;AS002;Público 35-50 | Interesses Investimentos;AD003;Imagem_CTA_Inscricao_v1;Image;CTA Direto;instagram;4079;75;18,42;0,25;4,52;1,854;2;0;194,00;10,53;2913;1,62;0
2024-05-04;CAMP001;Finanças do Zero | Perpétuo | Conversão;CONVERSIONS;AS002;Público 35-50 | Interesses Investimentos;AD003;Imagem_CTA_Inscricao_v1;Image;CTA Direto;facebook;5924;119;23,74;0,20;4,01;2,012;4;0;388,00;16,34;4549;1,22;0
2024-05-05;CAMP001;Finanças do Zero | Perpétuo | Conversão;CONVERSIONS;AS002;Público 35-50 | Interesses Investimentos;AD003;Imagem_CTA_Inscricao_v1;Image;CTA Direto;instagram;6675;125;28,55;0,23;4,28;1,884;4;0;388,00;13,59;5580;1,48;0
2024-05-06;CAMP001;Finanças do Zero | Perpétuo | Conversão;CONVERSIONS;AS002;Público 35-50 | Interesses Investimentos;AD003;Imagem_CTA_Inscricao_v1;Image;CTA Direto;facebook;3589;63;23,88;0,38;6,65;1,778;2;0;194,00;8,12;2519;1,54;0
2024-05-07;CAMP001;Finanças do Zero | Perpétuo | Conversão;CONVERSIONS;AS002;Público 35-50 | Interesses Investimentos;AD003;Imagem_CTA_Inscricao_v1;Image;CTA Direto;instagram;5527;105;22,71;0,22;4,11;1,911;3;0;291,00;12,81;4143;1,15;0
2024-05-08;CAMP001;Finanças do Zero | Perpétuo | Conversão;CONVERSIONS;AS002;Público 35-50 | Interesses Investimentos;AD003;Imagem_CTA_Inscricao_v1;Image;CTA Direto;instagram;4366;82;18,19;0,22;4,17;1,897;3;0;291,00;16,00;2987;1,37;0
2024-05-09;CAMP001;Finanças do Zero | Perpétuo | Conversão;CONVERSIONS;AS002;Público 35-50 | Interesses Investimentos;AD003;Imagem_CTA_Inscricao_v1;Image;CTA Direto;facebook;4598;81;21,38;0,26;4,65;1,763;3;0;291,00;13,61;3735;1,54;0
2024-05-10;CAMP001;Finanças do Zero | Perpétuo | Conversão;CONVERSIONS;AS002;Público 35-50 | Interesses Investimentos;AD003;Imagem_CTA_Inscricao_v1;Image;CTA Direto;facebook;4134;77;22,01;0,29;5,32;1,871;2;0;194,00;8,81;3180;1,50;0
2024-05-11;CAMP001;Finanças do Zero | Perpétuo | Conversão;CONVERSIONS;AS002;Público 35-50 | Interesses Investimentos;AD003;Imagem_CTA_Inscricao_v1;Image;CTA Direto;facebook;4673;91;19,69;0,22;4,21;1,960;2;0;194,00;9,85;3873;1,23;0
2024-05-12;CAMP001;Finanças do Zero | Perpétuo | Conversão;CONVERSIONS;AS002;Público 35-50 | Interesses Investimentos;AD003;Imagem_CTA_Inscricao_v1;Image;CTA Direto;instagram;4178;69;22,41;0,32;5,36;1,672;2;0;194,00;8,66;2991;1,36;0
2024-05-13;CAMP001;Finanças do Zero | Perpétuo | Conversão;CONVERSIONS;AS002;Público 35-50 | Interesses Investimentos;AD003;Imagem_CTA_Inscricao_v1;Image;CTA Direto;instagram;4151;70;20,69;0,30;4,98;1,707;2;0;194,00;9,38;3384;1,48;0
2024-05-14;CAMP001;Finanças do Zero | Perpétuo | Conversão;CONVERSIONS;AS002;Público 35-50 | Interesses Investimentos;AD003;Imagem_CTA_Inscricao_v1;Image;CTA Direto;instagram;5530;98;20,19;0,21;3,65;1,787;3;0;291,00;14,41;4406;1,46;0
2024-05-15;CAMP001;Finanças do Zero | Perpétuo | Conversão;CONVERSIONS;AS002;Público 35-50 | Interesses Investimentos;AD003;Imagem_CTA_Inscricao_v1;Image;CTA Direto;facebook;5163;100;21,86;0,22;4,23;1,953;3;0;291,00;13,31;3921;1,64;0
2024-05-16;CAMP001;Finanças do Zero | Perpétuo | Conversão;CONVERSIONS;AS002;Público 35-50 | Interesses Investimentos;AD003;Imagem_CTA_Inscricao_v1;Image;CTA Direto;instagram;4006;73;18,27;0,25;4,56;1,827;2;0;194,00;10,62;2785;1,31;0
2024-05-17;CAMP001;Finanças do Zero | Perpétuo | Conversão;CONVERSIONS;AS002;Público 35-50 | Interesses Investimentos;AD003;Imagem_CTA_Inscricao_v1;Image;CTA Direto;instagram;4507;78;24,26;0,31;5,38;1,746;2;0;194,00;8,00;3761;1,35;0
2024-05-18;CAMP001;Finanças do Zero | Perpétuo | Conversão;CONVERSIONS;AS002;Público 35-50 | Interesses Investimentos;AD003;Imagem_CTA_Inscricao_v1;Image;CTA Direto;instagram;5276;92;22,76;0,25;4,31;1,761;2;0;194,00;8,52;4367;1,64;0
2024-05-19;CAMP001;Finanças do Zero | Perpétuo | Conversão;CONVERSIONS;AS002;Público 35-50 | Interesses Investimentos;AD003;Imagem_CTA_Inscricao_v1;Image;CTA Direto;instagram;6008;114;22,50;0,20;3,75;1,909;3;0;291,00;12,93;4718;1,52;0
2024-05-20;CAMP001;Finanças do Zero | Perpétuo | Conversão;CONVERSIONS;AS002;Público 35-50 | Interesses Investimentos;AD003;Imagem_CTA_Inscricao_v1;Image;CTA Direto;facebook;6238;99;20,32;0,21;3,26;1,599;3;0;291,00;14,32;4900;1,47;0
2024-05-21;CAMP001;Finanças do Zero | Perpétuo | Conversão;CONVERSIONS;AS002;Público 35-50 | Interesses Investimentos;AD003;Imagem_CTA_Inscricao_v1;Image;CTA Direto;facebook;4410;74;22,57;0,30;5,12;1,694;2;0;194,00;8,60;2920;1,65;0
2024-05-22;CAMP001;Finanças do Zero | Perpétuo | Conversão;CONVERSIONS;AS002;Público 35-50 | Interesses Investimentos;AD003;Imagem_CTA_Inscricao_v1;Image;CTA Direto;facebook;5985;109;21,71;0,20;3,63;1,837;4;0;388,00;17,87;4893;1,41;0
2024-05-23;CAMP001;Finanças do Zero | Perpétuo | Conversão;CONVERSIONS;AS002;Público 35-50 | Interesses Investimentos;AD003;Imagem_CTA_Inscricao_v1;Image;CTA Direto;instagram;4477;81;19,23;0,24;4,29;1,814;3;0;291,00;15,13;3561;1,45;0
2024-05-24;CAMP001;Finanças do Zero | Perpétuo | Conversão;CONVERSIONS;AS002;Público 35-50 | Interesses Investimentos;AD003;Imagem_CTA_Inscricao_v1;Image;CTA Direto;facebook;5570;107;23,43;0,22;4,21;1,929;4;0;388,00;16,56;4608;1,27;0
2024-05-25;CAMP001;Finanças do Zero | Perpétuo | Conversão;CONVERSIONS;AS002;Público 35-50 | Interesses Investimentos;AD003;Imagem_CTA_Inscricao_v1;Image;CTA Direto;instagram;5280;83;24,13;0,29;4,57;1,585;2;0;194,00;8,04;4106;1,51;0
2024-05-26;CAMP001;Finanças do Zero | Perpétuo | Conversão;CONVERSIONS;AS002;Público 35-50 | Interesses Investimentos;AD003;Imagem_CTA_Inscricao_v1;Image;CTA Direto;instagram;4639;77;25,46;0,33;5,49;1,670;2;0;194,00;7,62;3535;1,65;0
2024-05-27;CAMP001;Finanças do Zero | Perpétuo | Conversão;CONVERSIONS;AS002;Público 35-50 | Interesses Investimentos;AD003;Imagem_CTA_Inscricao_v1;Image;CTA Direto;instagram;4127;68;20,90;0,31;5,06;1,667;2;0;194,00;9,28;3189;1,61;0
2024-05-28;CAMP001;Finanças do Zero | Perpétuo | Conversão;CONVERSIONS;AS002;Público 35-50 | Interesses Investimentos;AD003;Imagem_CTA_Inscricao_v1;Image;CTA Direto;facebook;5283;92;20,46;0,22;3,87;1,747;2;0;194,00;9,48;3941;1,31;0
2024-05-29;CAMP001;Finanças do Zero | Perpétuo | Conversão;CONVERSIONS;AS002;Público 35-50 | Interesses Investimentos;AD003;Imagem_CTA_Inscricao_v1;Image;CTA Direto;facebook;3701;58;23,08;0,40;6,24;1,587;2;0;194,00;8,41;2583;1,67;0
2024-05-30;CAMP001;Finanças do Zero | Perpétuo | Conversão;CONVERSIONS;AS002;Público 35-50 | Interesses Investimentos;AD003;Imagem_CTA_Inscricao_v1;Image;CTA Direto;instagram;4889;83;24,84;0,30;5,08;1,699;2;0;194,00;7,81;3522;1,54;0
2024-05-31;CAMP001;Finanças do Zero | Perpétuo | Conversão;CONVERSIONS;AS002;Público 35-50 | Interesses Investimentos;AD003;Imagem_CTA_Inscricao_v1;Image;CTA Direto;instagram;4467;77;20,45;0,27;4,58;1,740;2;0;194,00;9,49;3650;1,46;0
2024-06-01;CAMP001;Finanças do Zero | Perpétuo | Conversão;CONVERSIONS;AS002;Público 35-50 | Interesses Investimentos;AD003;Imagem_CTA_Inscricao_v1;Image;CTA Direto;facebook;4915;95;24,44;0,26;4,97;1,945;3;0;291,00;11,91;4012;1,13;0
2024-06-02;CAMP001;Finanças do Zero | Perpétuo | Conversão;CONVERSIONS;AS002;Público 35-50 | Interesses Investimentos;AD003;Imagem_CTA_Inscricao_v1;Image;CTA Direto;instagram;5937;109;21,39;0,20;3,60;1,851;4;0;388,00;18,14;4623;1,39;0
2024-06-03;CAMP001;Finanças do Zero | Perpétuo | Conversão;CONVERSIONS;AS002;Público 35-50 | Interesses Investimentos;AD003;Imagem_CTA_Inscricao_v1;Image;CTA Direto;instagram;5035;93;17,88;0,19;3,55;1,858;3;0;291,00;16,28;3937;1,66;0
2024-06-04;CAMP001;Finanças do Zero | Perpétuo | Conversão;CONVERSIONS;AS002;Público 35-50 | Interesses Investimentos;AD003;Imagem_CTA_Inscricao_v1;Image;CTA Direto;instagram;4793;83;21,24;0,26;4,43;1,734;3;0;291,00;13,70;4014;1,65;0
2024-06-05;CAMP001;Finanças do Zero | Perpétuo | Conversão;CONVERSIONS;AS002;Público 35-50 | Interesses Investimentos;AD003;Imagem_CTA_Inscricao_v1;Image;CTA Direto;facebook;6576;109;21,88;0,20;3,33;1,668;3;0;291,00;13,30;4491;1,41;0
2024-06-06;CAMP001;Finanças do Zero | Perpétuo | Conversão;CONVERSIONS;AS002;Público 35-50 | Interesses Investimentos;AD003;Imagem_CTA_Inscricao_v1;Image;CTA Direto;facebook;4970;97;22,98;0,24;4,62;1,962;2;0;194,00;8,44;3711;1,37;0
2024-06-07;CAMP001;Finanças do Zero | Perpétuo | Conversão;CONVERSIONS;AS002;Público 35-50 | Interesses Investimentos;AD003;Imagem_CTA_Inscricao_v1;Image;CTA Direto;facebook;4028;75;23,69;0,32;5,88;1,886;2;0;194,00;8,19;2774;1,68;0
2024-06-08;CAMP001;Finanças do Zero | Perpétuo | Conversão;CONVERSIONS;AS002;Público 35-50 | Interesses Investimentos;AD003;Imagem_CTA_Inscricao_v1;Image;CTA Direto;facebook;7395;125;23,99;0,19;3,24;1,695;4;0;388,00;16,17;5766;1,62;0
2024-06-09;CAMP001;Finanças do Zero | Perpétuo | Conversão;CONVERSIONS;AS002;Público 35-50 | Interesses Investimentos;AD003;Imagem_CTA_Inscricao_v1;Image;CTA Direto;facebook;6238;107;27,51;0,26;4,41;1,728;3;0;291,00;10,58;4840;1,44;0
2024-06-10;CAMP001;Finanças do Zero | Perpétuo | Conversão;CONVERSIONS;AS002;Público 35-50 | Interesses Investimentos;AD003;Imagem_CTA_Inscricao_v1;Image;CTA Direto;facebook;5472;101;19,99;0,20;3,65;1,861;3;0;291,00;14,56;3831;1,60;0
2024-06-11;CAMP001;Finanças do Zero | Perpétuo | Conversão;CONVERSIONS;AS002;Público 35-50 | Interesses Investimentos;AD003;Imagem_CTA_Inscricao_v1;Image;CTA Direto;instagram;3274;65;20,36;0,31;6,22;1,989;2;0;194,00;9,53;2235;1,19;0
2024-06-12;CAMP001;Finanças do Zero | Perpétuo | Conversão;CONVERSIONS;AS002;Público 35-50 | Interesses Investimentos;AD003;Imagem_CTA_Inscricao_v1;Image;CTA Direto;instagram;4666;85;19,33;0,23;4,14;1,839;2;0;194,00;10,04;3348;1,34;0
2024-06-13;CAMP001;Finanças do Zero | Perpétuo | Conversão;CONVERSIONS;AS002;Público 35-50 | Interesses Investimentos;AD003;Imagem_CTA_Inscricao_v1;Image;CTA Direto;instagram;5447;100;20,61;0,21;3,78;1,844;3;0;291,00;14,12;3904;1,34;0
2024-06-14;CAMP001;Finanças do Zero | Perpétuo | Conversão;CONVERSIONS;AS002;Público 35-50 | Interesses Investimentos;AD003;Imagem_CTA_Inscricao_v1;Image;CTA Direto;facebook;4459;73;23,79;0,33;5,34;1,648;2;0;194,00;8,15;3423;1,54;0
2024-06-15;CAMP001;Finanças do Zero | Perpétuo | Conversão;CONVERSIONS;AS002;Público 35-50 | Interesses Investimentos;AD003;Imagem_CTA_Inscricao_v1;Image;CTA Direto;instagram;5647;106;24,90;0,23;4,41;1,889;3;0;291,00;11,69;4023;1,58;0
2024-06-16;CAMP001;Finanças do Zero | Perpétuo | Conversão;CONVERSIONS;AS002;Público 35-50 | Interesses Investimentos;AD003;Imagem_CTA_Inscricao_v1;Image;CTA Direto;facebook;5178;98;23,77;0,24;4,59;1,894;3;0;291,00;12,24;4070;1,64;0
2024-06-17;CAMP001;Finanças do Zero | Perpétuo | Conversão;CONVERSIONS;AS002;Público 35-50 | Interesses Investimentos;AD003;Imagem_CTA_Inscricao_v1;Image;CTA Direto;facebook;4655;81;18,87;0,23;4,05;1,753;3;0;291,00;15,42;3902;1,49;0
2024-06-18;CAMP001;Finanças do Zero | Perpétuo | Conversão;CONVERSIONS;AS002;Público 35-50 | Interesses Investimentos;AD003;Imagem_CTA_Inscricao_v1;Image;CTA Direto;instagram;4779;91;23,97;0,26;5,02;1,911;3;0;291,00;12,14;3397;1,42;0
2024-06-19;CAMP001;Finanças do Zero | Perpétuo | Conversão;CONVERSIONS;AS002;Público 35-50 | Interesses Investimentos;AD003;Imagem_CTA_Inscricao_v1;Image;CTA Direto;facebook;5908;101;21,10;0,21;3,57;1,724;3;0;291,00;13,79;4803;1,60;0
2024-06-20;CAMP001;Finanças do Zero | Perpétuo | Conversão;CONVERSIONS;AS002;Público 35-50 | Interesses Investimentos;AD003;Imagem_CTA_Inscricao_v1;Image;CTA Direto;facebook;4620;87;20,33;0,23;4,40;1,885;2;0;194,00;9,54;3718;1,20;0
2024-06-21;CAMP001;Finanças do Zero | Perpétuo | Conversão;CONVERSIONS;AS002;Público 35-50 | Interesses Investimentos;AD003;Imagem_CTA_Inscricao_v1;Image;CTA Direto;instagram;4657;75;21,33;0,28;4,58;1,628;2;0;194,00;9,10;3870;1,60;0
2024-06-22;CAMP001;Finanças do Zero | Perpétuo | Conversão;CONVERSIONS;AS002;Público 35-50 | Interesses Investimentos;AD003;Imagem_CTA_Inscricao_v1;Image;CTA Direto;instagram;6671;133;20,69;0,16;3,10;2,005;4;0;388,00;18,75;5115;1,15;0
2024-06-23;CAMP001;Finanças do Zero | Perpétuo | Conversão;CONVERSIONS;AS002;Público 35-50 | Interesses Investimentos;AD003;Imagem_CTA_Inscricao_v1;Image;CTA Direto;facebook;6152;103;23,05;0,22;3,75;1,688;3;0;291,00;12,62;4783;1,51;0
2024-06-24;CAMP001;Finanças do Zero | Perpétuo | Conversão;CONVERSIONS;AS002;Público 35-50 | Interesses Investimentos;AD003;Imagem_CTA_Inscricao_v1;Image;CTA Direto;instagram;5487;105;21,35;0,20;3,89;1,920;4;0;388,00;18,17;4245;1,48;0
2024-06-25;CAMP001;Finanças do Zero | Perpétuo | Conversão;CONVERSIONS;AS002;Público 35-50 | Interesses Investimentos;AD003;Imagem_CTA_Inscricao_v1;Image;CTA Direto;instagram;3441;64;19,02;0,30;5,53;1,861;2;0;194,00;10,20;2440;1,25;0
2024-06-26;CAMP001;Finanças do Zero | Perpétuo | Conversão;CONVERSIONS;AS002;Público 35-50 | Interesses Investimentos;AD003;Imagem_CTA_Inscricao_v1;Image;CTA Direto;facebook;5378;100;22,36;0,22;4,16;1,862;3;0;291,00;13,01;3864;1,44;0
2024-06-27;CAMP001;Finanças do Zero | Perpétuo | Conversão;CONVERSIONS;AS002;Público 35-50 | Interesses Investimentos;AD003;Imagem_CTA_Inscricao_v1;Image;CTA Direto;instagram;5986;112;21,78;0,19;3,64;1,887;3;0;291,00;13,36;4019;1,58;0
2024-06-28;CAMP001;Finanças do Zero | Perpétuo | Conversão;CONVERSIONS;AS002;Público 35-50 | Interesses Investimentos;AD003;Imagem_CTA_Inscricao_v1;Image;CTA Direto;facebook;5769;110;23,75;0,22;4,12;1,910;3;0;291,00;12,25;3995;1,49;0
2024-06-29;CAMP001;Finanças do Zero | Perpétuo | Conversão;CONVERSIONS;AS002;Público 35-50 | Interesses Investimentos;AD003;Imagem_CTA_Inscricao_v1;Image;CTA Direto;facebook;4789;78;25,60;0,33;5,34;1,637;2;0;194,00;7,58;3236;1,24;0
2024-06-30;CAMP001;Finanças do Zero | Perpétuo | Conversão;CONVERSIONS;AS002;Público 35-50 | Interesses Investimentos;AD003;Imagem_CTA_Inscricao_v1;Image;CTA Direto;facebook;5047;86;19,98;0,23;3,96;1,713;3;0;291,00;14,56;3556;1,22;0
2024-07-01;CAMP001;Finanças do Zero | Perpétuo | Conversão;CONVERSIONS;AS002;Público 35-50 | Interesses Investimentos;AD003;Imagem_CTA_Inscricao_v1;Image;CTA Direto;instagram;12162;220;38,37;0,17;3,16;1,815;10;0;970,00;25,28;9171;1,39;0
2024-07-02;CAMP001;Finanças do Zero | Perpétuo | Conversão;CONVERSIONS;AS002;Público 35-50 | Interesses Investimentos;AD003;Imagem_CTA_Inscricao_v1;Image;CTA Direto;facebook;11215;182;48,05;0,26;4,28;1,627;11;0;1067,00;22,21;7687;1,25;0
2024-07-03;CAMP001;Finanças do Zero | Perpétuo | Conversão;CONVERSIONS;AS002;Público 35-50 | Interesses Investimentos;AD003;Imagem_CTA_Inscricao_v1;Image;CTA Direto;instagram;9519;175;52,43;0,30;5,51;1,840;8;0;776,00;14,80;6409;1,53;0
2024-07-04;CAMP001;Finanças do Zero | Perpétuo | Conversão;CONVERSIONS;AS002;Público 35-50 | Interesses Investimentos;AD003;Imagem_CTA_Inscricao_v1;Image;CTA Direto;facebook;11232;181;45,81;0,25;4,08;1,620;9;0;873,00;19,06;8496;1,36;0
2024-07-05;CAMP001;Finanças do Zero | Perpétuo | Conversão;CONVERSIONS;AS002;Público 35-50 | Interesses Investimentos;AD003;Imagem_CTA_Inscricao_v1;Image;CTA Direto;facebook;13453;224;49,72;0,22;3,70;1,667;11;0;1067,00;21,46;9895;1,49;0
2024-07-06;CAMP001;Finanças do Zero | Perpétuo | Conversão;CONVERSIONS;AS002;Público 35-50 | Interesses Investimentos;AD003;Imagem_CTA_Inscricao_v1;Image;CTA Direto;facebook;14376;265;46,36;0,17;3,23;1,845;12;0;1164,00;25,11;11258;1,19;0
2024-07-07;CAMP001;Finanças do Zero | Perpétuo | Conversão;CONVERSIONS;AS002;Público 35-50 | Interesses Investimentos;AD003;Imagem_CTA_Inscricao_v1;Image;CTA Direto;instagram;11699;224;66,94;0,30;5,72;1,920;10;0;970,00;14,49;7742;1,57;0
2024-07-08;CAMP001;Finanças do Zero | Perpétuo | Conversão;CONVERSIONS;AS002;Público 35-50 | Interesses Investimentos;AD003;Imagem_CTA_Inscricao_v1;Image;CTA Direto;instagram;17941;355;60,42;0,17;3,37;1,984;17;0;1649,00;27,29;13742;1,53;0
2024-07-09;CAMP001;Finanças do Zero | Perpétuo | Conversão;CONVERSIONS;AS002;Público 35-50 | Interesses Investimentos;AD003;Imagem_CTA_Inscricao_v1;Image;CTA Direto;facebook;14930;254;83,15;0,33;5,57;1,706;12;0;1164,00;14,00;10312;1,18;0
2024-07-10;CAMP001;Finanças do Zero | Perpétuo | Conversão;CONVERSIONS;AS002;Público 35-50 | Interesses Investimentos;AD003;Imagem_CTA_Inscricao_v1;Image;CTA Direto;instagram;19613;392;98,42;0,25;5,02;2,002;22;0;2134,00;21,68;14628;1,45;0
2024-07-11;CAMP001;Finanças do Zero | Perpétuo | Conversão;CONVERSIONS;AS002;Público 35-50 | Interesses Investimentos;AD003;Imagem_CTA_Inscricao_v1;Image;CTA Direto;facebook;15196;249;76,79;0,31;5,05;1,639;13;0;1261,00;16,42;12541;1,53;0
2024-07-12;CAMP001;Finanças do Zero | Perpétuo | Conversão;CONVERSIONS;AS002;Público 35-50 | Interesses Investimentos;AD003;Imagem_CTA_Inscricao_v1;Image;CTA Direto;instagram;23711;418;106,82;0,26;4,51;1,765;23;0;2231,00;20,89;19057;1,37;0
2024-07-13;CAMP001;Finanças do Zero | Perpétuo | Conversão;CONVERSIONS;AS002;Público 35-50 | Interesses Investimentos;AD003;Imagem_CTA_Inscricao_v1;Image;CTA Direto;facebook;21414;420;116,11;0,28;5,42;1,965;26;0;2522,00;21,72;17785;1,29;0
2024-07-14;CAMP001;Finanças do Zero | Perpétuo | Conversão;CONVERSIONS;AS002;Público 35-50 | Interesses Investimentos;AD003;Imagem_CTA_Inscricao_v1;Image;CTA Direto;facebook;20240;384;95,53;0,25;4,72;1,899;25;0;2425,00;25,38;13666;1,21;0
2024-07-15;CAMP001;Finanças do Zero | Perpétuo | Conversão;CONVERSIONS;AS002;Público 35-50 | Interesses Investimentos;AD003;Imagem_CTA_Inscricao_v1;Image;CTA Direto;facebook;30590;609;92,09;0,15;3,01;1,994;36;0;3492,00;37,92;22830;1,64;0
2024-07-16;CAMP001;Finanças do Zero | Perpétuo | Conversão;CONVERSIONS;AS002;Público 35-50 | Interesses Investimentos;AD003;Imagem_CTA_Inscricao_v1;Image;CTA Direto;facebook;33364;586;114,27;0,20;3,42;1,759;34;0;3298,00;28,86;26309;1,63;0
2024-07-17;CAMP001;Finanças do Zero | Perpétuo | Conversão;CONVERSIONS;AS002;Público 35-50 | Interesses Investimentos;AD003;Imagem_CTA_Inscricao_v1;Image;CTA Direto;facebook;26331;525;116,34;0,22;4,42;1,995;33;0;3201,00;27,51;20257;1,61;0
2024-07-18;CAMP001;Finanças do Zero | Perpétuo | Conversão;CONVERSIONS;AS002;Público 35-50 | Interesses Investimentos;AD003;Imagem_CTA_Inscricao_v1;Image;CTA Direto;instagram;29763;500;110,80;0,22;3,72;1,681;23;0;2231,00;20,14;24746;1,59;0
2024-07-19;CAMP001;Finanças do Zero | Perpétuo | Conversão;CONVERSIONS;AS002;Público 35-50 | Interesses Investimentos;AD003;Imagem_CTA_Inscricao_v1;Image;CTA Direto;facebook;19062;377;81,85;0,22;4,29;1,979;18;0;1746,00;21,33;13576;1,42;0
2024-07-20;CAMP001;Finanças do Zero | Perpétuo | Conversão;CONVERSIONS;AS002;Público 35-50 | Interesses Investimentos;AD003;Imagem_CTA_Inscricao_v1;Image;CTA Direto;facebook;15215;266;86,33;0,32;5,67;1,754;17;0;1649,00;19,10;12603;1,64;0
2024-07-21;CAMP001;Finanças do Zero | Perpétuo | Conversão;CONVERSIONS;AS002;Público 35-50 | Interesses Investimentos;AD003;Imagem_CTA_Inscricao_v1;Image;CTA Direto;instagram;19717;351;73,42;0,21;3,72;1,783;18;0;1746,00;23,78;16172;1,18;0
2024-07-22;CAMP001;Finanças do Zero | Perpétuo | Conversão;CONVERSIONS;AS002;Público 35-50 | Interesses Investimentos;AD003;Imagem_CTA_Inscricao_v1;Image;CTA Direto;facebook;12389;200;63,47;0,32;5,12;1,621;11;0;1067,00;16,81;10212;1,21;0
2024-07-23;CAMP001;Finanças do Zero | Perpétuo | Conversão;CONVERSIONS;AS002;Público 35-50 | Interesses Investimentos;AD003;Imagem_CTA_Inscricao_v1;Image;CTA Direto;instagram;13277;231;54,59;0,24;4,11;1,746;12;0;1164,00;21,32;9022;1,62;0
2024-07-24;CAMP001;Finanças do Zero | Perpétuo | Conversão;CONVERSIONS;AS002;Público 35-50 | Interesses Investimentos;AD003;Imagem_CTA_Inscricao_v1;Image;CTA Direto;facebook;13634;241;54,25;0,23;3,98;1,771;12;0;1164,00;21,46;9270;1,61;0
2024-07-25;CAMP001;Finanças do Zero | Perpétuo | Conversão;CONVERSIONS;AS002;Público 35-50 | Interesses Investimentos;AD003;Imagem_CTA_Inscricao_v1;Image;CTA Direto;instagram;9523;152;48,17;0,32;5,06;1,598;9;0;873,00;18,12;6488;1,65;0
2024-07-26;CAMP001;Finanças do Zero | Perpétuo | Conversão;CONVERSIONS;AS002;Público 35-50 | Interesses Investimentos;AD003;Imagem_CTA_Inscricao_v1;Image;CTA Direto;instagram;11915;227;45,29;0,20;3,80;1,908;14;0;1358,00;29,98;8145;1,34;0
2024-07-27;CAMP001;Finanças do Zero | Perpétuo | Conversão;CONVERSIONS;AS002;Público 35-50 | Interesses Investimentos;AD003;Imagem_CTA_Inscricao_v1;Image;CTA Direto;instagram;12495;198;50,96;0,26;4,08;1,590;11;0;1067,00;20,94;9213;1,15;0
2024-07-28;CAMP001;Finanças do Zero | Perpétuo | Conversão;CONVERSIONS;AS002;Público 35-50 | Interesses Investimentos;AD003;Imagem_CTA_Inscricao_v1;Image;CTA Direto;facebook;8515;137;44,85;0,33;5,27;1,620;7;0;679,00;15,14;6002;1,47;0
2024-07-29;CAMP001;Finanças do Zero | Perpétuo | Conversão;CONVERSIONS;AS002;Público 35-50 | Interesses Investimentos;AD003;Imagem_CTA_Inscricao_v1;Image;CTA Direto;facebook;14367;278;45,29;0,16;3,15;1,939;13;0;1261,00;27,84;11295;1,52;0
2024-07-30;CAMP001;Finanças do Zero | Perpétuo | Conversão;CONVERSIONS;AS002;Público 35-50 | Interesses Investimentos;AD003;Imagem_CTA_Inscricao_v1;Image;CTA Direto;facebook;9915;184;45,74;0,25;4,61;1,858;9;0;873,00;19,09;7032;1,19;0
2024-07-31;CAMP001;Finanças do Zero | Perpétuo | Conversão;CONVERSIONS;AS002;Público 35-50 | Interesses Investimentos;AD003;Imagem_CTA_Inscricao_v1;Image;CTA Direto;facebook;7075;138;38,15;0,28;5,39;1,957;7;0;679,00;17,80;4951;1,41;0
2024-08-01;CAMP001;Finanças do Zero | Perpétuo | Conversão;CONVERSIONS;AS002;Público 35-50 | Interesses Investimentos;AD003;Imagem_CTA_Inscricao_v1;Image;CTA Direto;instagram;3915;63;19,11;0,30;4,88;1,632;2;0;194,00;10,15;2757;1,65;0
2024-08-02;CAMP001;Finanças do Zero | Perpétuo | Conversão;CONVERSIONS;AS002;Público 35-50 | Interesses Investimentos;AD003;Imagem_CTA_Inscricao_v1;Image;CTA Direto;facebook;4162;71;24,79;0,35;5,96;1,723;2;0;194,00;7,83;3069;1,28;0
2024-08-03;CAMP001;Finanças do Zero | Perpétuo | Conversão;CONVERSIONS;AS002;Público 35-50 | Interesses Investimentos;AD003;Imagem_CTA_Inscricao_v1;Image;CTA Direto;facebook;4962;92;20,45;0,22;4,12;1,873;3;0;291,00;14,23;3570;1,55;0
2024-08-04;CAMP001;Finanças do Zero | Perpétuo | Conversão;CONVERSIONS;AS002;Público 35-50 | Interesses Investimentos;AD003;Imagem_CTA_Inscricao_v1;Image;CTA Direto;instagram;5850;102;25,54;0,25;4,37;1,745;3;0;291,00;11,39;3952;1,24;0
2024-08-05;CAMP001;Finanças do Zero | Perpétuo | Conversão;CONVERSIONS;AS002;Público 35-50 | Interesses Investimentos;AD003;Imagem_CTA_Inscricao_v1;Image;CTA Direto;facebook;4913;98;17,57;0,18;3,58;2,002;3;0;291,00;16,56;3865;1,58;0
2024-08-06;CAMP001;Finanças do Zero | Perpétuo | Conversão;CONVERSIONS;AS002;Público 35-50 | Interesses Investimentos;AD003;Imagem_CTA_Inscricao_v1;Image;CTA Direto;facebook;4554;86;23,12;0,27;5,08;1,897;3;0;291,00;12,59;3041;1,23;0
2024-08-07;CAMP001;Finanças do Zero | Perpétuo | Conversão;CONVERSIONS;AS002;Público 35-50 | Interesses Investimentos;AD003;Imagem_CTA_Inscricao_v1;Image;CTA Direto;instagram;4463;87;22,01;0,25;4,93;1,953;3;0;291,00;13,22;3305;1,67;0
2024-08-08;CAMP001;Finanças do Zero | Perpétuo | Conversão;CONVERSIONS;AS002;Público 35-50 | Interesses Investimentos;AD003;Imagem_CTA_Inscricao_v1;Image;CTA Direto;instagram;5572;110;22,49;0,20;4,04;1,986;3;0;291,00;12,94;4376;1,13;0
2024-08-09;CAMP001;Finanças do Zero | Perpétuo | Conversão;CONVERSIONS;AS002;Público 35-50 | Interesses Investimentos;AD003;Imagem_CTA_Inscricao_v1;Image;CTA Direto;facebook;3722;70;21,26;0,30;5,71;1,884;2;0;194,00;9,13;2567;1,34;0
2024-08-10;CAMP001;Finanças do Zero | Perpétuo | Conversão;CONVERSIONS;AS002;Público 35-50 | Interesses Investimentos;AD003;Imagem_CTA_Inscricao_v1;Image;CTA Direto;facebook;5925;100;24,82;0,25;4,19;1,701;3;0;291,00;11,72;4541;1,21;0
2024-08-11;CAMP001;Finanças do Zero | Perpétuo | Conversão;CONVERSIONS;AS002;Público 35-50 | Interesses Investimentos;AD003;Imagem_CTA_Inscricao_v1;Image;CTA Direto;instagram;5789;109;21,17;0,19;3,66;1,895;3;0;291,00;13,75;4558;1,60;0
2024-08-12;CAMP001;Finanças do Zero | Perpétuo | Conversão;CONVERSIONS;AS002;Público 35-50 | Interesses Investimentos;AD003;Imagem_CTA_Inscricao_v1;Image;CTA Direto;facebook;3876;62;20,69;0,33;5,34;1,601;1;0;97,00;4,69;2746;1,61;0
2024-08-13;CAMP001;Finanças do Zero | Perpétuo | Conversão;CONVERSIONS;AS002;Público 35-50 | Interesses Investimentos;AD003;Imagem_CTA_Inscricao_v1;Image;CTA Direto;instagram;5352;97;25,13;0,26;4,70;1,815;2;0;194,00;7,72;3844;1,31;0
2024-08-14;CAMP001;Finanças do Zero | Perpétuo | Conversão;CONVERSIONS;AS002;Público 35-50 | Interesses Investimentos;AD003;Imagem_CTA_Inscricao_v1;Image;CTA Direto;facebook;6111;120;22,01;0,18;3,60;1,972;3;0;291,00;13,22;4939;1,67;0
2024-08-15;CAMP001;Finanças do Zero | Perpétuo | Conversão;CONVERSIONS;AS002;Público 35-50 | Interesses Investimentos;AD003;Imagem_CTA_Inscricao_v1;Image;CTA Direto;facebook;5185;94;22,63;0,24;4,36;1,816;3;0;291,00;12,86;4096;1,56;0
2024-08-16;CAMP001;Finanças do Zero | Perpétuo | Conversão;CONVERSIONS;AS002;Público 35-50 | Interesses Investimentos;AD003;Imagem_CTA_Inscricao_v1;Image;CTA Direto;instagram;5891;108;23,47;0,22;3,98;1,845;3;0;291,00;12,40;4173;1,37;0
2024-08-17;CAMP001;Finanças do Zero | Perpétuo | Conversão;CONVERSIONS;AS002;Público 35-50 | Interesses Investimentos;AD003;Imagem_CTA_Inscricao_v1;Image;CTA Direto;instagram;6762;113;22,43;0,20;3,32;1,684;4;0;388,00;17,30;4576;1,33;0
2024-08-18;CAMP001;Finanças do Zero | Perpétuo | Conversão;CONVERSIONS;AS002;Público 35-50 | Interesses Investimentos;AD003;Imagem_CTA_Inscricao_v1;Image;CTA Direto;facebook;4778;85;20,49;0,24;4,29;1,796;3;0;291,00;14,20;3420;1,48;0
2024-08-19;CAMP001;Finanças do Zero | Perpétuo | Conversão;CONVERSIONS;AS002;Público 35-50 | Interesses Investimentos;AD003;Imagem_CTA_Inscricao_v1;Image;CTA Direto;instagram;6514;107;22,03;0,21;3,38;1,646;3;0;291,00;13,21;4416;1,37;0
2024-08-20;CAMP001;Finanças do Zero | Perpétuo | Conversão;CONVERSIONS;AS002;Público 35-50 | Interesses Investimentos;AD003;Imagem_CTA_Inscricao_v1;Image;CTA Direto;facebook;5953;104;22,48;0,22;3,78;1,747;2;0;194,00;8,63;4070;1,58;0
2024-08-21;CAMP001;Finanças do Zero | Perpétuo | Conversão;CONVERSIONS;AS002;Público 35-50 | Interesses Investimentos;AD003;Imagem_CTA_Inscricao_v1;Image;CTA Direto;instagram;5304;102;23,77;0,23;4,48;1,926;2;0;194,00;8,16;4314;1,56;0
2024-08-22;CAMP001;Finanças do Zero | Perpétuo | Conversão;CONVERSIONS;AS002;Público 35-50 | Interesses Investimentos;AD003;Imagem_CTA_Inscricao_v1;Image;CTA Direto;facebook;4043;78;21,48;0,28;5,31;1,936;2;0;194,00;9,03;2709;1,39;0
2024-08-23;CAMP001;Finanças do Zero | Perpétuo | Conversão;CONVERSIONS;AS002;Público 35-50 | Interesses Investimentos;AD003;Imagem_CTA_Inscricao_v1;Image;CTA Direto;instagram;5035;81;24,58;0,30;4,88;1,628;2;0;194,00;7,89;3451;1,41;0
2024-08-24;CAMP001;Finanças do Zero | Perpétuo | Conversão;CONVERSIONS;AS002;Público 35-50 | Interesses Investimentos;AD003;Imagem_CTA_Inscricao_v1;Image;CTA Direto;instagram;4722;88;24,12;0,27;5,11;1,867;2;0;194,00;8,04;3700;1,61;0
2024-08-25;CAMP001;Finanças do Zero | Perpétuo | Conversão;CONVERSIONS;AS002;Público 35-50 | Interesses Investimentos;AD003;Imagem_CTA_Inscricao_v1;Image;CTA Direto;facebook;6799;114;28,19;0,25;4,15;1,681;4;0;388,00;13,76;5240;1,28;0
2024-08-26;CAMP001;Finanças do Zero | Perpétuo | Conversão;CONVERSIONS;AS002;Público 35-50 | Interesses Investimentos;AD003;Imagem_CTA_Inscricao_v1;Image;CTA Direto;facebook;5936;109;21,68;0,20;3,65;1,845;3;0;291,00;13,42;4643;1,42;0
2024-08-27;CAMP001;Finanças do Zero | Perpétuo | Conversão;CONVERSIONS;AS002;Público 35-50 | Interesses Investimentos;AD003;Imagem_CTA_Inscricao_v1;Image;CTA Direto;instagram;4692;81;21,49;0,27;4,58;1,735;2;0;194,00;9,03;3884;1,63;0
2024-08-28;CAMP001;Finanças do Zero | Perpétuo | Conversão;CONVERSIONS;AS002;Público 35-50 | Interesses Investimentos;AD003;Imagem_CTA_Inscricao_v1;Image;CTA Direto;instagram;5284;104;20,63;0,20;3,90;1,987;3;0;291,00;14,11;3627;1,49;0
2024-08-29;CAMP001;Finanças do Zero | Perpétuo | Conversão;CONVERSIONS;AS002;Público 35-50 | Interesses Investimentos;AD003;Imagem_CTA_Inscricao_v1;Image;CTA Direto;facebook;6227;101;23,15;0,23;3,72;1,633;3;0;291,00;12,57;4211;1,53;0
2024-08-30;CAMP001;Finanças do Zero | Perpétuo | Conversão;CONVERSIONS;AS002;Público 35-50 | Interesses Investimentos;AD003;Imagem_CTA_Inscricao_v1;Image;CTA Direto;instagram;4700;83;23,33;0,28;4,96;1,767;3;0;291,00;12,47;3218;1,35;0
2024-08-31;CAMP001;Finanças do Zero | Perpétuo | Conversão;CONVERSIONS;AS002;Público 35-50 | Interesses Investimentos;AD003;Imagem_CTA_Inscricao_v1;Image;CTA Direto;facebook;7019;127;26,85;0,21;3,83;1,817;4;0;388,00;14,45;5118;1,42;0
2024-09-01;CAMP001;Finanças do Zero | Perpétuo | Conversão;CONVERSIONS;AS002;Público 35-50 | Interesses Investimentos;AD003;Imagem_CTA_Inscricao_v1;Image;CTA Direto;facebook;5609;106;25,93;0,24;4,62;1,907;4;0;388,00;14,96;3907;1,25;0
2024-09-02;CAMP001;Finanças do Zero | Perpétuo | Conversão;CONVERSIONS;AS002;Público 35-50 | Interesses Investimentos;AD003;Imagem_CTA_Inscricao_v1;Image;CTA Direto;facebook;5148;83;21,85;0,26;4,24;1,632;3;0;291,00;13,32;3670;1,32;0
2024-09-03;CAMP001;Finanças do Zero | Perpétuo | Conversão;CONVERSIONS;AS002;Público 35-50 | Interesses Investimentos;AD003;Imagem_CTA_Inscricao_v1;Image;CTA Direto;facebook;5970;100;22,22;0,22;3,72;1,689;3;0;291,00;13,10;4066;1,15;0
2024-09-04;CAMP001;Finanças do Zero | Perpétuo | Conversão;CONVERSIONS;AS002;Público 35-50 | Interesses Investimentos;AD003;Imagem_CTA_Inscricao_v1;Image;CTA Direto;facebook;4747;83;24,23;0,29;5,10;1,767;2;0;194,00;8,01;3540;1,18;0
2024-09-05;CAMP001;Finanças do Zero | Perpétuo | Conversão;CONVERSIONS;AS002;Público 35-50 | Interesses Investimentos;AD003;Imagem_CTA_Inscricao_v1;Image;CTA Direto;instagram;4050;68;20,65;0,30;5,10;1,690;1;0;97,00;4,70;2782;1,59;0
2024-09-06;CAMP001;Finanças do Zero | Perpétuo | Conversão;CONVERSIONS;AS002;Público 35-50 | Interesses Investimentos;AD003;Imagem_CTA_Inscricao_v1;Image;CTA Direto;facebook;5502;94;21,39;0,23;3,89;1,713;3;0;291,00;13,60;3915;1,31;0
2024-09-07;CAMP001;Finanças do Zero | Perpétuo | Conversão;CONVERSIONS;AS002;Público 35-50 | Interesses Investimentos;AD003;Imagem_CTA_Inscricao_v1;Image;CTA Direto;instagram;5308;95;23,65;0,25;4,45;1,801;2;0;194,00;8,20;4032;1,59;0
2024-09-08;CAMP001;Finanças do Zero | Perpétuo | Conversão;CONVERSIONS;AS002;Público 35-50 | Interesses Investimentos;AD003;Imagem_CTA_Inscricao_v1;Image;CTA Direto;instagram;7136;126;27,55;0,22;3,86;1,767;3;0;291,00;10,56;5965;1,66;0
2024-09-09;CAMP001;Finanças do Zero | Perpétuo | Conversão;CONVERSIONS;AS002;Público 35-50 | Interesses Investimentos;AD003;Imagem_CTA_Inscricao_v1;Image;CTA Direto;facebook;4161;69;18,75;0,27;4,51;1,663;2;0;194,00;10,35;3357;1,43;0
2024-09-10;CAMP001;Finanças do Zero | Perpétuo | Conversão;CONVERSIONS;AS002;Público 35-50 | Interesses Investimentos;AD003;Imagem_CTA_Inscricao_v1;Image;CTA Direto;facebook;4792;79;23,66;0,30;4,94;1,655;3;0;291,00;12,30;3395;1,48;0
2024-09-11;CAMP001;Finanças do Zero | Perpétuo | Conversão;CONVERSIONS;AS002;Público 35-50 | Interesses Investimentos;AD003;Imagem_CTA_Inscricao_v1;Image;CTA Direto;facebook;4615;77;19,21;0,25;4,16;1,687;2;0;194,00;10,10;3541;1,18;0
2024-09-12;CAMP001;Finanças do Zero | Perpétuo | Conversão;CONVERSIONS;AS002;Público 35-50 | Interesses Investimentos;AD003;Imagem_CTA_Inscricao_v1;Image;CTA Direto;facebook;5009;80;24,24;0,30;4,84;1,598;2;0;194,00;8,00;3814;1,67;0
2024-09-13;CAMP001;Finanças do Zero | Perpétuo | Conversão;CONVERSIONS;AS002;Público 35-50 | Interesses Investimentos;AD003;Imagem_CTA_Inscricao_v1;Image;CTA Direto;instagram;4168;66;26,16;0,40;6,28;1,588;2;0;194,00;7,42;3126;1,28;0
2024-09-14;CAMP001;Finanças do Zero | Perpétuo | Conversão;CONVERSIONS;AS002;Público 35-50 | Interesses Investimentos;AD003;Imagem_CTA_Inscricao_v1;Image;CTA Direto;facebook;4912;92;21,16;0,23;4,31;1,875;3;0;291,00;13,75;3685;1,62;0
2024-09-15;CAMP001;Finanças do Zero | Perpétuo | Conversão;CONVERSIONS;AS002;Público 35-50 | Interesses Investimentos;AD003;Imagem_CTA_Inscricao_v1;Image;CTA Direto;instagram;5061;99;25,77;0,26;5,09;1,959;2;0;194,00;7,53;3412;1,21;0
2024-09-16;CAMP001;Finanças do Zero | Perpétuo | Conversão;CONVERSIONS;AS002;Público 35-50 | Interesses Investimentos;AD003;Imagem_CTA_Inscricao_v1;Image;CTA Direto;instagram;5863;110;21,21;0,19;3,62;1,878;3;0;291,00;13,72;4341;1,52;0
2024-09-17;CAMP001;Finanças do Zero | Perpétuo | Conversão;CONVERSIONS;AS002;Público 35-50 | Interesses Investimentos;AD003;Imagem_CTA_Inscricao_v1;Image;CTA Direto;facebook;4336;69;22,27;0,32;5,14;1,601;2;0;194,00;8,71;3024;1,50;0
2024-09-18;CAMP001;Finanças do Zero | Perpétuo | Conversão;CONVERSIONS;AS002;Público 35-50 | Interesses Investimentos;AD003;Imagem_CTA_Inscricao_v1;Image;CTA Direto;instagram;3898;70;23,38;0,33;6,00;1,799;2;0;194,00;8,30;2956;1,20;0
2024-09-19;CAMP001;Finanças do Zero | Perpétuo | Conversão;CONVERSIONS;AS002;Público 35-50 | Interesses Investimentos;AD003;Imagem_CTA_Inscricao_v1;Image;CTA Direto;instagram;5718;98;22,19;0,23;3,88;1,720;4;0;388,00;17,49;4367;1,21;0
2024-09-20;CAMP001;Finanças do Zero | Perpétuo | Conversão;CONVERSIONS;AS002;Público 35-50 | Interesses Investimentos;AD003;Imagem_CTA_Inscricao_v1;Image;CTA Direto;instagram;4191;84;21,12;0,25;5,04;2,010;3;0;291,00;13,78;3256;1,55;0
2024-09-21;CAMP001;Finanças do Zero | Perpétuo | Conversão;CONVERSIONS;AS002;Público 35-50 | Interesses Investimentos;AD003;Imagem_CTA_Inscricao_v1;Image;CTA Direto;facebook;4344;84;19,76;0,24;4,55;1,955;2;0;194,00;9,82;3211;1,60;0
2024-09-22;CAMP001;Finanças do Zero | Perpétuo | Conversão;CONVERSIONS;AS002;Público 35-50 | Interesses Investimentos;AD003;Imagem_CTA_Inscricao_v1;Image;CTA Direto;facebook;5647;99;21,95;0,22;3,89;1,762;3;0;291,00;13,26;4357;1,61;0
2024-09-23;CAMP001;Finanças do Zero | Perpétuo | Conversão;CONVERSIONS;AS002;Público 35-50 | Interesses Investimentos;AD003;Imagem_CTA_Inscricao_v1;Image;CTA Direto;facebook;5453;86;24,63;0,29;4,52;1,587;3;0;291,00;11,81;4158;1,28;0
2024-09-24;CAMP001;Finanças do Zero | Perpétuo | Conversão;CONVERSIONS;AS002;Público 35-50 | Interesses Investimentos;AD003;Imagem_CTA_Inscricao_v1;Image;CTA Direto;instagram;5286;91;24,95;0,27;4,72;1,735;3;0;291,00;11,66;3592;1,42;0
2024-09-25;CAMP001;Finanças do Zero | Perpétuo | Conversão;CONVERSIONS;AS002;Público 35-50 | Interesses Investimentos;AD003;Imagem_CTA_Inscricao_v1;Image;CTA Direto;instagram;4323;76;19,90;0,26;4,60;1,771;2;0;194,00;9,75;3628;1,16;0
2024-09-26;CAMP001;Finanças do Zero | Perpétuo | Conversão;CONVERSIONS;AS002;Público 35-50 | Interesses Investimentos;AD003;Imagem_CTA_Inscricao_v1;Image;CTA Direto;facebook;5480;87;20,86;0,24;3,81;1,601;2;0;194,00;9,30;3932;1,38;0
2024-09-27;CAMP001;Finanças do Zero | Perpétuo | Conversão;CONVERSIONS;AS002;Público 35-50 | Interesses Investimentos;AD003;Imagem_CTA_Inscricao_v1;Image;CTA Direto;facebook;4574;79;21,67;0,27;4,74;1,740;2;0;194,00;8,95;3192;1,39;0
2024-09-28;CAMP001;Finanças do Zero | Perpétuo | Conversão;CONVERSIONS;AS002;Público 35-50 | Interesses Investimentos;AD003;Imagem_CTA_Inscricao_v1;Image;CTA Direto;facebook;5405;89;20,25;0,23;3,75;1,660;2;0;194,00;9,58;3857;1,27;0
2024-09-29;CAMP001;Finanças do Zero | Perpétuo | Conversão;CONVERSIONS;AS002;Público 35-50 | Interesses Investimentos;AD003;Imagem_CTA_Inscricao_v1;Image;CTA Direto;instagram;6865;116;26,59;0,23;3,87;1,696;4;0;388,00;14,59;4953;1,17;0
2024-09-30;CAMP001;Finanças do Zero | Perpétuo | Conversão;CONVERSIONS;AS002;Público 35-50 | Interesses Investimentos;AD003;Imagem_CTA_Inscricao_v1;Image;CTA Direto;instagram;4438;79;22,99;0,29;5,18;1,789;2;0;194,00;8,44;3212;1,21;0
2024-10-01;CAMP001;Finanças do Zero | Perpétuo | Conversão;CONVERSIONS;AS002;Público 35-50 | Interesses Investimentos;AD003;Imagem_CTA_Inscricao_v1;Image;CTA Direto;facebook;4527;83;25,03;0,30;5,53;1,842;2;0;194,00;7,75;3251;1,49;0
2024-10-02;CAMP001;Finanças do Zero | Perpétuo | Conversão;CONVERSIONS;AS002;Público 35-50 | Interesses Investimentos;AD003;Imagem_CTA_Inscricao_v1;Image;CTA Direto;facebook;7250;124;26,44;0,21;3,65;1,721;3;0;291,00;11,01;5436;1,38;0
2024-10-03;CAMP001;Finanças do Zero | Perpétuo | Conversão;CONVERSIONS;AS002;Público 35-50 | Interesses Investimentos;AD003;Imagem_CTA_Inscricao_v1;Image;CTA Direto;facebook;5781;109;20,19;0,19;3,49;1,896;4;0;388,00;19,22;4475;1,65;0
2024-10-04;CAMP001;Finanças do Zero | Perpétuo | Conversão;CONVERSIONS;AS002;Público 35-50 | Interesses Investimentos;AD003;Imagem_CTA_Inscricao_v1;Image;CTA Direto;instagram;4892;81;24,51;0,30;5,01;1,665;3;0;291,00;11,87;3419;1,55;0
2024-10-05;CAMP001;Finanças do Zero | Perpétuo | Conversão;CONVERSIONS;AS002;Público 35-50 | Interesses Investimentos;AD003;Imagem_CTA_Inscricao_v1;Image;CTA Direto;instagram;4761;83;25,43;0,31;5,34;1,744;2;0;194,00;7,63;3572;1,29;0
2024-10-06;CAMP001;Finanças do Zero | Perpétuo | Conversão;CONVERSIONS;AS002;Público 35-50 | Interesses Investimentos;AD003;Imagem_CTA_Inscricao_v1;Image;CTA Direto;instagram;6941;122;26,53;0,22;3,82;1,761;4;0;388,00;14,62;4722;1,42;0
2024-10-07;CAMP001;Finanças do Zero | Perpétuo | Conversão;CONVERSIONS;AS002;Público 35-50 | Interesses Investimentos;AD003;Imagem_CTA_Inscricao_v1;Image;CTA Direto;instagram;4246;77;21,13;0,27;4,98;1,818;2;0;194,00;9,18;3286;1,59;0
2024-10-08;CAMP001;Finanças do Zero | Perpétuo | Conversão;CONVERSIONS;AS002;Público 35-50 | Interesses Investimentos;AD003;Imagem_CTA_Inscricao_v1;Image;CTA Direto;facebook;7056;114;21,23;0,19;3,01;1,622;4;0;388,00;18,28;5439;1,17;0
2024-10-09;CAMP001;Finanças do Zero | Perpétuo | Conversão;CONVERSIONS;AS002;Público 35-50 | Interesses Investimentos;AD003;Imagem_CTA_Inscricao_v1;Image;CTA Direto;facebook;5338;86;24,17;0,28;4,53;1,627;2;0;194,00;8,03;4164;1,45;0
2024-10-10;CAMP001;Finanças do Zero | Perpétuo | Conversão;CONVERSIONS;AS002;Público 35-50 | Interesses Investimentos;AD003;Imagem_CTA_Inscricao_v1;Image;CTA Direto;instagram;5211;85;24,59;0,29;4,72;1,633;3;0;291,00;11,83;4346;1,65;0
2024-10-11;CAMP001;Finanças do Zero | Perpétuo | Conversão;CONVERSIONS;AS002;Público 35-50 | Interesses Investimentos;AD003;Imagem_CTA_Inscricao_v1;Image;CTA Direto;facebook;5868;111;25,83;0,23;4,40;1,904;3;0;291,00;11,27;4408;1,33;0
2024-10-12;CAMP001;Finanças do Zero | Perpétuo | Conversão;CONVERSIONS;AS002;Público 35-50 | Interesses Investimentos;AD003;Imagem_CTA_Inscricao_v1;Image;CTA Direto;instagram;5455;107;25,51;0,24;4,68;1,977;4;0;388,00;15,21;3632;1,12;0
2024-10-13;CAMP001;Finanças do Zero | Perpétuo | Conversão;CONVERSIONS;AS002;Público 35-50 | Interesses Investimentos;AD003;Imagem_CTA_Inscricao_v1;Image;CTA Direto;instagram;6119;116;21,94;0,19;3,59;1,904;3;0;291,00;13,26;4304;1,22;0
2024-10-14;CAMP001;Finanças do Zero | Perpétuo | Conversão;CONVERSIONS;AS002;Público 35-50 | Interesses Investimentos;AD003;Imagem_CTA_Inscricao_v1;Image;CTA Direto;instagram;5143;99;26,91;0,27;5,23;1,930;3;0;291,00;10,81;4299;1,19;0
2024-10-15;CAMP001;Finanças do Zero | Perpétuo | Conversão;CONVERSIONS;AS002;Público 35-50 | Interesses Investimentos;AD003;Imagem_CTA_Inscricao_v1;Image;CTA Direto;instagram;5606;91;20,34;0,22;3,63;1,627;3;0;291,00;14,31;4550;1,40;0
2024-10-16;CAMP001;Finanças do Zero | Perpétuo | Conversão;CONVERSIONS;AS002;Público 35-50 | Interesses Investimentos;AD003;Imagem_CTA_Inscricao_v1;Image;CTA Direto;facebook;4816;80;25,57;0,32;5,31;1,672;2;0;194,00;7,59;3202;1,36;0
2024-10-17;CAMP001;Finanças do Zero | Perpétuo | Conversão;CONVERSIONS;AS002;Público 35-50 | Interesses Investimentos;AD003;Imagem_CTA_Inscricao_v1;Image;CTA Direto;instagram;5750;109;22,85;0,21;3,97;1,905;3;0;291,00;12,74;3988;1,37;0
2024-10-18;CAMP001;Finanças do Zero | Perpétuo | Conversão;CONVERSIONS;AS002;Público 35-50 | Interesses Investimentos;AD003;Imagem_CTA_Inscricao_v1;Image;CTA Direto;instagram;4349;82;25,12;0,31;5,78;1,898;3;0;291,00;11,58;3386;1,33;0
2024-10-19;CAMP001;Finanças do Zero | Perpétuo | Conversão;CONVERSIONS;AS002;Público 35-50 | Interesses Investimentos;AD003;Imagem_CTA_Inscricao_v1;Image;CTA Direto;facebook;6569;120;24,08;0,20;3,67;1,834;3;0;291,00;12,08;4462;1,38;0
2024-10-20;CAMP001;Finanças do Zero | Perpétuo | Conversão;CONVERSIONS;AS002;Público 35-50 | Interesses Investimentos;AD003;Imagem_CTA_Inscricao_v1;Image;CTA Direto;instagram;5677;98;23,32;0,24;4,11;1,740;3;0;291,00;12,48;4559;1,34;0
2024-10-21;CAMP001;Finanças do Zero | Perpétuo | Conversão;CONVERSIONS;AS002;Público 35-50 | Interesses Investimentos;AD003;Imagem_CTA_Inscricao_v1;Image;CTA Direto;instagram;5167;91;20,41;0,22;3,95;1,765;3;0;291,00;14,26;4162;1,47;0
2024-10-22;CAMP001;Finanças do Zero | Perpétuo | Conversão;CONVERSIONS;AS002;Público 35-50 | Interesses Investimentos;AD003;Imagem_CTA_Inscricao_v1;Image;CTA Direto;instagram;3454;63;21,01;0,33;6,08;1,846;1;0;97,00;4,62;2580;1,67;0
2024-10-23;CAMP001;Finanças do Zero | Perpétuo | Conversão;CONVERSIONS;AS002;Público 35-50 | Interesses Investimentos;AD003;Imagem_CTA_Inscricao_v1;Image;CTA Direto;facebook;4957;98;24,35;0,25;4,91;1,984;3;0;291,00;11,95;3733;1,14;0
2024-10-24;CAMP001;Finanças do Zero | Perpétuo | Conversão;CONVERSIONS;AS002;Público 35-50 | Interesses Investimentos;AD003;Imagem_CTA_Inscricao_v1;Image;CTA Direto;facebook;4643;74;26,08;0,35;5,62;1,597;2;0;194,00;7,44;3288;1,17;0
2024-10-25;CAMP001;Finanças do Zero | Perpétuo | Conversão;CONVERSIONS;AS002;Público 35-50 | Interesses Investimentos;AD003;Imagem_CTA_Inscricao_v1;Image;CTA Direto;instagram;5916;101;22,58;0,22;3,82;1,711;3;0;291,00;12,89;4886;1,40;0
2024-10-26;CAMP001;Finanças do Zero | Perpétuo | Conversão;CONVERSIONS;AS002;Público 35-50 | Interesses Investimentos;AD003;Imagem_CTA_Inscricao_v1;Image;CTA Direto;instagram;5011;100;24,37;0,24;4,86;2,000;2;0;194,00;7,96;3456;1,56;0
2024-10-27;CAMP001;Finanças do Zero | Perpétuo | Conversão;CONVERSIONS;AS002;Público 35-50 | Interesses Investimentos;AD003;Imagem_CTA_Inscricao_v1;Image;CTA Direto;facebook;5683;104;22,60;0,22;3,98;1,842;3;0;291,00;12,88;4372;1,30;0
2024-10-28;CAMP001;Finanças do Zero | Perpétuo | Conversão;CONVERSIONS;AS002;Público 35-50 | Interesses Investimentos;AD003;Imagem_CTA_Inscricao_v1;Image;CTA Direto;instagram;5054;81;22,72;0,28;4,50;1,612;2;0;194,00;8,54;3869;1,14;0
2024-10-29;CAMP001;Finanças do Zero | Perpétuo | Conversão;CONVERSIONS;AS002;Público 35-50 | Interesses Investimentos;AD003;Imagem_CTA_Inscricao_v1;Image;CTA Direto;instagram;5786;100;23,67;0,24;4,09;1,736;2;0;194,00;8,20;4265;1,22;0
2024-10-30;CAMP001;Finanças do Zero | Perpétuo | Conversão;CONVERSIONS;AS002;Público 35-50 | Interesses Investimentos;AD003;Imagem_CTA_Inscricao_v1;Image;CTA Direto;facebook;3946;64;20,07;0,31;5,09;1,647;2;0;194,00;9,67;3113;1,13;0
2024-10-31;CAMP001;Finanças do Zero | Perpétuo | Conversão;CONVERSIONS;AS002;Público 35-50 | Interesses Investimentos;AD003;Imagem_CTA_Inscricao_v1;Image;CTA Direto;facebook;4727;76;19,52;0,26;4,13;1,613;2;0;194,00;9,94;3207;1,24;0
2024-11-01;CAMP001;Finanças do Zero | Perpétuo | Conversão;CONVERSIONS;AS002;Público 35-50 | Interesses Investimentos;AD003;Imagem_CTA_Inscricao_v1;Image;CTA Direto;instagram;11279;182;46,60;0,26;4,13;1,616;11;0;1067,00;22,90;8089;1,36;0
2024-11-02;CAMP001;Finanças do Zero | Perpétuo | Conversão;CONVERSIONS;AS002;Público 35-50 | Interesses Investimentos;AD003;Imagem_CTA_Inscricao_v1;Image;CTA Direto;facebook;9479;190;44,24;0,23;4,67;2,012;10;0;970,00;21,93;7282;1,19;0
2024-11-03;CAMP001;Finanças do Zero | Perpétuo | Conversão;CONVERSIONS;AS002;Público 35-50 | Interesses Investimentos;AD003;Imagem_CTA_Inscricao_v1;Image;CTA Direto;instagram;8786;168;43,11;0,26;4,91;1,922;9;0;873,00;20,25;6248;1,12;0
2024-11-04;CAMP001;Finanças do Zero | Perpétuo | Conversão;CONVERSIONS;AS002;Público 35-50 | Interesses Investimentos;AD003;Imagem_CTA_Inscricao_v1;Image;CTA Direto;facebook;13015;208;59,37;0,29;4,56;1,601;12;0;1164,00;19,61;10533;1,16;0
2024-11-05;CAMP001;Finanças do Zero | Perpétuo | Conversão;CONVERSIONS;AS002;Público 35-50 | Interesses Investimentos;AD003;Imagem_CTA_Inscricao_v1;Image;CTA Direto;facebook;10416;168;49,93;0,30;4,79;1,618;10;0;970,00;19,43;7612;1,40;0
2024-11-06;CAMP001;Finanças do Zero | Perpétuo | Conversão;CONVERSIONS;AS002;Público 35-50 | Interesses Investimentos;AD003;Imagem_CTA_Inscricao_v1;Image;CTA Direto;facebook;14598;238;66,45;0,28;4,55;1,636;12;0;1164,00;17,52;10223;1,47;0
2024-11-07;CAMP001;Finanças do Zero | Perpétuo | Conversão;CONVERSIONS;AS002;Público 35-50 | Interesses Investimentos;AD003;Imagem_CTA_Inscricao_v1;Image;CTA Direto;instagram;14575;276;73,05;0,26;5,01;1,897;13;0;1261,00;17,26;11760;1,17;0
2024-11-08;CAMP001;Finanças do Zero | Perpétuo | Conversão;CONVERSIONS;AS002;Público 35-50 | Interesses Investimentos;AD003;Imagem_CTA_Inscricao_v1;Image;CTA Direto;instagram;13090;257;61,94;0,24;4,73;1,966;11;0;1067,00;17,23;8816;1,15;0
2024-11-09;CAMP001;Finanças do Zero | Perpétuo | Conversão;CONVERSIONS;AS002;Público 35-50 | Interesses Investimentos;AD003;Imagem_CTA_Inscricao_v1;Image;CTA Direto;facebook;18935;313;68,98;0,22;3,64;1,658;14;0;1358,00;19,69;13585;1,38;0
2024-11-10;CAMP001;Finanças do Zero | Perpétuo | Conversão;CONVERSIONS;AS002;Público 35-50 | Interesses Investimentos;AD003;Imagem_CTA_Inscricao_v1;Image;CTA Direto;facebook;19882;369;84,23;0,23;4,24;1,859;22;0;2134,00;25,34;15190;1,41;0
2024-11-11;CAMP001;Finanças do Zero | Perpétuo | Conversão;CONVERSIONS;AS002;Público 35-50 | Interesses Investimentos;AD003;Imagem_CTA_Inscricao_v1;Image;CTA Direto;facebook;25376;426;100,77;0,24;3,97;1,682;21;0;2037,00;20,21;18360;1,29;0
2024-11-12;CAMP001;Finanças do Zero | Perpétuo | Conversão;CONVERSIONS;AS002;Público 35-50 | Interesses Investimentos;AD003;Imagem_CTA_Inscricao_v1;Image;CTA Direto;facebook;22648;426;116,26;0,27;5,13;1,884;19;0;1843,00;15,85;15001;1,40;0
2024-11-13;CAMP001;Finanças do Zero | Perpétuo | Conversão;CONVERSIONS;AS002;Público 35-50 | Interesses Investimentos;AD003;Imagem_CTA_Inscricao_v1;Image;CTA Direto;instagram;23685;396;88,50;0,22;3,74;1,674;22;0;2134,00;24,11;18874;1,42;0
2024-11-14;CAMP001;Finanças do Zero | Perpétuo | Conversão;CONVERSIONS;AS002;Público 35-50 | Interesses Investimentos;AD003;Imagem_CTA_Inscricao_v1;Image;CTA Direto;instagram;21450;424;103,90;0,25;4,84;1,979;21;0;2037,00;19,61;17507;1,32;0
2024-11-15;CAMP001;Finanças do Zero | Perpétuo | Conversão;CONVERSIONS;AS002;Público 35-50 | Interesses Investimentos;AD003;Imagem_CTA_Inscricao_v1;Image;CTA Direto;facebook;26339;435;104,47;0,24;3,97;1,655;22;0;2134,00;20,43;18082;1,61;0
2024-11-16;CAMP001;Finanças do Zero | Perpétuo | Conversão;CONVERSIONS;AS002;Público 35-50 | Interesses Investimentos;AD003;Imagem_CTA_Inscricao_v1;Image;CTA Direto;instagram;28282;470;129,72;0,28;4,59;1,665;21;0;2037,00;15,70;20457;1,49;0
2024-11-17;CAMP001;Finanças do Zero | Perpétuo | Conversão;CONVERSIONS;AS002;Público 35-50 | Interesses Investimentos;AD003;Imagem_CTA_Inscricao_v1;Image;CTA Direto;instagram;21619;379;88,73;0,23;4,10;1,755;20;0;1940,00;21,86;15329;1,31;0
2024-11-18;CAMP001;Finanças do Zero | Perpétuo | Conversão;CONVERSIONS;AS002;Público 35-50 | Interesses Investimentos;AD003;Imagem_CTA_Inscricao_v1;Image;CTA Direto;instagram;23150;396;87,90;0,22;3,80;1,711;21;0;2037,00;23,17;17440;1,45;0
2024-11-19;CAMP001;Finanças do Zero | Perpétuo | Conversão;CONVERSIONS;AS002;Público 35-50 | Interesses Investimentos;AD003;Imagem_CTA_Inscricao_v1;Image;CTA Direto;facebook;14481;236;75,53;0,32;5,22;1,634;15;0;1455,00;19,26;9729;1,44;0
2024-11-20;CAMP001;Finanças do Zero | Perpétuo | Conversão;CONVERSIONS;AS002;Público 35-50 | Interesses Investimentos;AD003;Imagem_CTA_Inscricao_v1;Image;CTA Direto;instagram;15842;277;79,92;0,29;5,04;1,753;13;0;1261,00;15,78;11867;1,53;0
2024-11-21;CAMP001;Finanças do Zero | Perpétuo | Conversão;CONVERSIONS;AS002;Público 35-50 | Interesses Investimentos;AD003;Imagem_CTA_Inscricao_v1;Image;CTA Direto;instagram;14509;247;73,58;0,30;5,07;1,708;11;0;1067,00;14,50;11506;1,22;0
2024-11-22;CAMP001;Finanças do Zero | Perpétuo | Conversão;CONVERSIONS;AS002;Público 35-50 | Interesses Investimentos;AD003;Imagem_CTA_Inscricao_v1;Image;CTA Direto;facebook;17088;282;77,84;0,28;4,56;1,656;14;0;1358,00;17,45;13326;1,37;0
2024-11-23;CAMP001;Finanças do Zero | Perpétuo | Conversão;CONVERSIONS;AS002;Público 35-50 | Interesses Investimentos;AD003;Imagem_CTA_Inscricao_v1;Image;CTA Direto;instagram;12426;205;66,88;0,33;5,38;1,658;12;0;1164,00;17,40;10369;1,13;0
2024-11-24;CAMP001;Finanças do Zero | Perpétuo | Conversão;CONVERSIONS;AS002;Público 35-50 | Interesses Investimentos;AD003;Imagem_CTA_Inscricao_v1;Image;CTA Direto;facebook;12510;242;52,74;0,22;4,22;1,938;13;0;1261,00;23,91;9439;1,67;0
2024-11-25;CAMP001;Finanças do Zero | Perpétuo | Conversão;CONVERSIONS;AS002;Público 35-50 | Interesses Investimentos;AD003;Imagem_CTA_Inscricao_v1;Image;CTA Direto;instagram;8556;162;46,42;0,29;5,43;1,902;8;0;776,00;16,72;6668;1,53;0
2024-11-26;CAMP001;Finanças do Zero | Perpétuo | Conversão;CONVERSIONS;AS002;Público 35-50 | Interesses Investimentos;AD003;Imagem_CTA_Inscricao_v1;Image;CTA Direto;instagram;11431;197;44,68;0,23;3,91;1,728;11;0;1067,00;23,88;7776;1,49;0
2024-11-27;CAMP001;Finanças do Zero | Perpétuo | Conversão;CONVERSIONS;AS002;Público 35-50 | Interesses Investimentos;AD003;Imagem_CTA_Inscricao_v1;Image;CTA Direto;instagram;11149;217;55,56;0,26;4,98;1,954;12;0;1164,00;20,95;7420;1,20;0
2024-11-28;CAMP001;Finanças do Zero | Perpétuo | Conversão;CONVERSIONS;AS002;Público 35-50 | Interesses Investimentos;AD003;Imagem_CTA_Inscricao_v1;Image;CTA Direto;facebook;11561;187;43,79;0,23;3,79;1,623;12;0;1164,00;26,58;9639;1,33;0
2024-11-29;CAMP001;Finanças do Zero | Perpétuo | Conversão;CONVERSIONS;AS002;Público 35-50 | Interesses Investimentos;AD003;Imagem_CTA_Inscricao_v1;Image;CTA Direto;instagram;13421;268;48,81;0,18;3,64;1,998;15;0;1455,00;29,81;11003;1,27;0
2024-11-30;CAMP001;Finanças do Zero | Perpétuo | Conversão;CONVERSIONS;AS002;Público 35-50 | Interesses Investimentos;AD003;Imagem_CTA_Inscricao_v1;Image;CTA Direto;facebook;10804;173;41,57;0,24;3,85;1,602;9;0;873,00;21,00;7973;1,31;0
2024-12-01;CAMP001;Finanças do Zero | Perpétuo | Conversão;CONVERSIONS;AS002;Público 35-50 | Interesses Investimentos;AD003;Imagem_CTA_Inscricao_v1;Image;CTA Direto;instagram;7413;148;23,76;0,16;3,20;2,003;5;0;485,00;20,41;5801;1,50;0
2024-12-02;CAMP001;Finanças do Zero | Perpétuo | Conversão;CONVERSIONS;AS002;Público 35-50 | Interesses Investimentos;AD003;Imagem_CTA_Inscricao_v1;Image;CTA Direto;instagram;4900;87;21,26;0,24;4,34;1,794;2;0;194,00;9,13;3270;1,29;0
2024-12-03;CAMP001;Finanças do Zero | Perpétuo | Conversão;CONVERSIONS;AS002;Público 35-50 | Interesses Investimentos;AD003;Imagem_CTA_Inscricao_v1;Image;CTA Direto;instagram;4657;82;20,79;0,25;4,46;1,770;3;0;291,00;14,00;3189;1,12;0
2024-12-04;CAMP001;Finanças do Zero | Perpétuo | Conversão;CONVERSIONS;AS002;Público 35-50 | Interesses Investimentos;AD003;Imagem_CTA_Inscricao_v1;Image;CTA Direto;facebook;6489;118;27,85;0,24;4,29;1,826;4;0;388,00;13,93;5445;1,52;0
2024-12-05;CAMP001;Finanças do Zero | Perpétuo | Conversão;CONVERSIONS;AS002;Público 35-50 | Interesses Investimentos;AD003;Imagem_CTA_Inscricao_v1;Image;CTA Direto;instagram;4574;81;19,89;0,25;4,35;1,788;2;0;194,00;9,75;3366;1,57;0
2024-12-06;CAMP001;Finanças do Zero | Perpétuo | Conversão;CONVERSIONS;AS002;Público 35-50 | Interesses Investimentos;AD003;Imagem_CTA_Inscricao_v1;Image;CTA Direto;instagram;4576;78;24,36;0,31;5,32;1,718;2;0;194,00;7,96;3682;1,50;0
2024-12-07;CAMP001;Finanças do Zero | Perpétuo | Conversão;CONVERSIONS;AS002;Público 35-50 | Interesses Investimentos;AD003;Imagem_CTA_Inscricao_v1;Image;CTA Direto;instagram;5577;93;22,64;0,24;4,06;1,670;3;0;291,00;12,85;4228;1,29;0
2024-12-08;CAMP001;Finanças do Zero | Perpétuo | Conversão;CONVERSIONS;AS002;Público 35-50 | Interesses Investimentos;AD003;Imagem_CTA_Inscricao_v1;Image;CTA Direto;instagram;6469;114;22,42;0,20;3,47;1,775;3;0;291,00;12,98;4814;1,64;0
2024-12-09;CAMP001;Finanças do Zero | Perpétuo | Conversão;CONVERSIONS;AS002;Público 35-50 | Interesses Investimentos;AD003;Imagem_CTA_Inscricao_v1;Image;CTA Direto;facebook;4910;89;20,04;0,23;4,08;1,825;3;0;291,00;14,52;3784;1,36;0
2024-12-10;CAMP001;Finanças do Zero | Perpétuo | Conversão;CONVERSIONS;AS002;Público 35-50 | Interesses Investimentos;AD003;Imagem_CTA_Inscricao_v1;Image;CTA Direto;instagram;4488;81;19,95;0,25;4,45;1,819;2;0;194,00;9,72;3063;1,28;0
2024-12-11;CAMP001;Finanças do Zero | Perpétuo | Conversão;CONVERSIONS;AS002;Público 35-50 | Interesses Investimentos;AD003;Imagem_CTA_Inscricao_v1;Image;CTA Direto;facebook;5758;112;24,04;0,21;4,18;1,947;3;0;291,00;12,10;4145;1,27;0
2024-12-12;CAMP001;Finanças do Zero | Perpétuo | Conversão;CONVERSIONS;AS002;Público 35-50 | Interesses Investimentos;AD003;Imagem_CTA_Inscricao_v1;Image;CTA Direto;facebook;4324;69;19,94;0,29;4,61;1,610;2;0;194,00;9,73;3399;1,50;0
2024-12-13;CAMP001;Finanças do Zero | Perpétuo | Conversão;CONVERSIONS;AS002;Público 35-50 | Interesses Investimentos;AD003;Imagem_CTA_Inscricao_v1;Image;CTA Direto;instagram;6065;119;21,07;0,18;3,47;1,971;4;0;388,00;18,41;4787;1,21;0
2024-12-14;CAMP001;Finanças do Zero | Perpétuo | Conversão;CONVERSIONS;AS002;Público 35-50 | Interesses Investimentos;AD003;Imagem_CTA_Inscricao_v1;Image;CTA Direto;facebook;7499;120;25,94;0,22;3,46;1,613;3;0;291,00;11,22;5283;1,61;0
2024-12-15;CAMP001;Finanças do Zero | Perpétuo | Conversão;CONVERSIONS;AS002;Público 35-50 | Interesses Investimentos;AD003;Imagem_CTA_Inscricao_v1;Image;CTA Direto;facebook;4183;82;22,29;0,27;5,33;1,984;2;0;194,00;8,70;3378;1,39;0
2024-12-16;CAMP001;Finanças do Zero | Perpétuo | Conversão;CONVERSIONS;AS002;Público 35-50 | Interesses Investimentos;AD003;Imagem_CTA_Inscricao_v1;Image;CTA Direto;facebook;6291;123;25,97;0,21;4,13;1,955;4;0;388,00;14,94;4361;1,36;0
2024-12-17;CAMP001;Finanças do Zero | Perpétuo | Conversão;CONVERSIONS;AS002;Público 35-50 | Interesses Investimentos;AD003;Imagem_CTA_Inscricao_v1;Image;CTA Direto;facebook;5603;101;26,19;0,26;4,68;1,820;3;0;291,00;11,11;4665;1,28;0
2024-12-18;CAMP001;Finanças do Zero | Perpétuo | Conversão;CONVERSIONS;AS002;Público 35-50 | Interesses Investimentos;AD003;Imagem_CTA_Inscricao_v1;Image;CTA Direto;facebook;5518;89;24,05;0,27;4,36;1,630;3;0;291,00;12,10;3923;1,36;0
2024-12-19;CAMP001;Finanças do Zero | Perpétuo | Conversão;CONVERSIONS;AS002;Público 35-50 | Interesses Investimentos;AD003;Imagem_CTA_Inscricao_v1;Image;CTA Direto;instagram;4665;87;18,57;0,21;3,98;1,865;3;0;291,00;15,67;3887;1,37;0
2024-12-20;CAMP001;Finanças do Zero | Perpétuo | Conversão;CONVERSIONS;AS002;Público 35-50 | Interesses Investimentos;AD003;Imagem_CTA_Inscricao_v1;Image;CTA Direto;instagram;5450;94;25,46;0,27;4,67;1,739;3;0;291,00;11,43;4482;1,40;0
2024-12-21;CAMP001;Finanças do Zero | Perpétuo | Conversão;CONVERSIONS;AS002;Público 35-50 | Interesses Investimentos;AD003;Imagem_CTA_Inscricao_v1;Image;CTA Direto;facebook;5427;101;23,32;0,23;4,30;1,867;3;0;291,00;12,48;3853;1,38;0
2024-12-22;CAMP001;Finanças do Zero | Perpétuo | Conversão;CONVERSIONS;AS002;Público 35-50 | Interesses Investimentos;AD003;Imagem_CTA_Inscricao_v1;Image;CTA Direto;facebook;5511;102;29,58;0,29;5,37;1,863;3;0;291,00;9,84;4208;1,38;0
2024-12-23;CAMP001;Finanças do Zero | Perpétuo | Conversão;CONVERSIONS;AS002;Público 35-50 | Interesses Investimentos;AD003;Imagem_CTA_Inscricao_v1;Image;CTA Direto;instagram;6570;113;23,10;0,20;3,52;1,724;4;0;388,00;16,80;4416;1,31;0
2024-12-24;CAMP001;Finanças do Zero | Perpétuo | Conversão;CONVERSIONS;AS002;Público 35-50 | Interesses Investimentos;AD003;Imagem_CTA_Inscricao_v1;Image;CTA Direto;facebook;4835;87;21,21;0,24;4,39;1,800;3;0;291,00;13,72;4045;1,30;0
2024-12-25;CAMP001;Finanças do Zero | Perpétuo | Conversão;CONVERSIONS;AS002;Público 35-50 | Interesses Investimentos;AD003;Imagem_CTA_Inscricao_v1;Image;CTA Direto;instagram;5860;97;27,07;0,28;4,62;1,659;3;0;291,00;10,75;4840;1,54;0
2024-12-26;CAMP001;Finanças do Zero | Perpétuo | Conversão;CONVERSIONS;AS002;Público 35-50 | Interesses Investimentos;AD003;Imagem_CTA_Inscricao_v1;Image;CTA Direto;facebook;3751;66;21,82;0,33;5,82;1,775;2;0;194,00;8,89;3099;1,47;0
2024-12-27;CAMP001;Finanças do Zero | Perpétuo | Conversão;CONVERSIONS;AS002;Público 35-50 | Interesses Investimentos;AD003;Imagem_CTA_Inscricao_v1;Image;CTA Direto;instagram;5338;97;24,60;0,25;4,61;1,832;2;0;194,00;7,89;4175;1,26;0
2024-12-28;CAMP001;Finanças do Zero | Perpétuo | Conversão;CONVERSIONS;AS002;Público 35-50 | Interesses Investimentos;AD003;Imagem_CTA_Inscricao_v1;Image;CTA Direto;facebook;5912;113;23,80;0,21;4,02;1,925;3;0;291,00;12,23;4118;1,13;0
2024-12-29;CAMP001;Finanças do Zero | Perpétuo | Conversão;CONVERSIONS;AS002;Público 35-50 | Interesses Investimentos;AD003;Imagem_CTA_Inscricao_v1;Image;CTA Direto;instagram;7074;128;26,58;0,21;3,76;1,820;3;0;291,00;10,95;4910;1,22;0
2024-12-30;CAMP001;Finanças do Zero | Perpétuo | Conversão;CONVERSIONS;AS002;Público 35-50 | Interesses Investimentos;AD003;Imagem_CTA_Inscricao_v1;Image;CTA Direto;instagram;5620;110;20,65;0,19;3,67;1,973;4;0;388,00;18,79;4141;1,57;0
2024-12-31;CAMP001;Finanças do Zero | Perpétuo | Conversão;CONVERSIONS;AS002;Público 35-50 | Interesses Investimentos;AD003;Imagem_CTA_Inscricao_v1;Image;CTA Direto;instagram;3752;64;23,83;0,37;6,35;1,713;1;0;97,00;4,07;2491;1,25;0
2025-01-01;CAMP001;Finanças do Zero | Perpétuo | Conversão;CONVERSIONS;AS002;Público 35-50 | Interesses Investimentos;AD003;Imagem_CTA_Inscricao_v1;Image;CTA Direto;instagram;5658;98;24,44;0,25;4,32;1,739;3;0;291,00;11,91;3810;1,21;0
2025-01-02;CAMP001;Finanças do Zero | Perpétuo | Conversão;CONVERSIONS;AS002;Público 35-50 | Interesses Investimentos;AD003;Imagem_CTA_Inscricao_v1;Image;CTA Direto;facebook;6945;121;23,72;0,20;3,42;1,756;3;0;291,00;12,27;5312;1,51;0
2025-01-03;CAMP001;Finanças do Zero | Perpétuo | Conversão;CONVERSIONS;AS002;Público 35-50 | Interesses Investimentos;AD003;Imagem_CTA_Inscricao_v1;Image;CTA Direto;facebook;7432;131;22,85;0,17;3,08;1,766;4;0;388,00;16,98;5091;1,62;0
2025-01-04;CAMP001;Finanças do Zero | Perpétuo | Conversão;CONVERSIONS;AS002;Público 35-50 | Interesses Investimentos;AD003;Imagem_CTA_Inscricao_v1;Image;CTA Direto;facebook;7236;142;26,94;0,19;3,72;1,963;4;0;388,00;14,40;5226;1,16;0
2025-01-05;CAMP001;Finanças do Zero | Perpétuo | Conversão;CONVERSIONS;AS002;Público 35-50 | Interesses Investimentos;AD003;Imagem_CTA_Inscricao_v1;Image;CTA Direto;facebook;5387;105;25,36;0,24;4,71;1,967;3;0;291,00;11,47;3656;1,19;0
2025-01-06;CAMP001;Finanças do Zero | Perpétuo | Conversão;CONVERSIONS;AS002;Público 35-50 | Interesses Investimentos;AD003;Imagem_CTA_Inscricao_v1;Image;CTA Direto;facebook;4545;87;23,16;0,27;5,09;1,922;3;0;291,00;12,56;3021;1,25;0
2025-01-07;CAMP001;Finanças do Zero | Perpétuo | Conversão;CONVERSIONS;AS002;Público 35-50 | Interesses Investimentos;AD003;Imagem_CTA_Inscricao_v1;Image;CTA Direto;instagram;5094;95;24,16;0,25;4,74;1,879;2;0;194,00;8,03;4064;1,39;0
2025-01-08;CAMP001;Finanças do Zero | Perpétuo | Conversão;CONVERSIONS;AS002;Público 35-50 | Interesses Investimentos;AD003;Imagem_CTA_Inscricao_v1;Image;CTA Direto;instagram;5343;94;22,27;0,24;4,17;1,773;3;0;291,00;13,07;3864;1,67;0
2025-01-09;CAMP001;Finanças do Zero | Perpétuo | Conversão;CONVERSIONS;AS002;Público 35-50 | Interesses Investimentos;AD003;Imagem_CTA_Inscricao_v1;Image;CTA Direto;facebook;5711;90;20,23;0,22;3,54;1,588;3;0;291,00;14,38;4787;1,54;0
2025-01-10;CAMP001;Finanças do Zero | Perpétuo | Conversão;CONVERSIONS;AS002;Público 35-50 | Interesses Investimentos;AD003;Imagem_CTA_Inscricao_v1;Image;CTA Direto;instagram;5576;91;18,50;0,20;3,32;1,639;2;0;194,00;10,49;4284;1,14;0
2025-01-11;CAMP001;Finanças do Zero | Perpétuo | Conversão;CONVERSIONS;AS002;Público 35-50 | Interesses Investimentos;AD003;Imagem_CTA_Inscricao_v1;Image;CTA Direto;facebook;7146;133;27,34;0,21;3,83;1,868;4;0;388,00;14,19;5352;1,16;0
2025-01-12;CAMP001;Finanças do Zero | Perpétuo | Conversão;CONVERSIONS;AS002;Público 35-50 | Interesses Investimentos;AD003;Imagem_CTA_Inscricao_v1;Image;CTA Direto;instagram;6422;121;25,26;0,21;3,93;1,892;4;0;388,00;15,36;5243;1,56;0
2025-01-13;CAMP001;Finanças do Zero | Perpétuo | Conversão;CONVERSIONS;AS002;Público 35-50 | Interesses Investimentos;AD003;Imagem_CTA_Inscricao_v1;Image;CTA Direto;instagram;5633;91;22,09;0,24;3,92;1,629;2;0;194,00;8,78;4001;1,35;0
2025-01-14;CAMP001;Finanças do Zero | Perpétuo | Conversão;CONVERSIONS;AS002;Público 35-50 | Interesses Investimentos;AD003;Imagem_CTA_Inscricao_v1;Image;CTA Direto;facebook;4671;88;20,24;0,23;4,33;1,905;2;0;194,00;9,58;3113;1,33;0
2025-01-15;CAMP001;Finanças do Zero | Perpétuo | Conversão;CONVERSIONS;AS002;Público 35-50 | Interesses Investimentos;AD003;Imagem_CTA_Inscricao_v1;Image;CTA Direto;instagram;5197;82;24,19;0,30;4,65;1,593;3;0;291,00;12,03;3711;1,27;0
2025-01-16;CAMP001;Finanças do Zero | Perpétuo | Conversão;CONVERSIONS;AS002;Público 35-50 | Interesses Investimentos;AD003;Imagem_CTA_Inscricao_v1;Image;CTA Direto;facebook;5226;83;25,18;0,30;4,82;1,592;2;0;194,00;7,70;3642;1,37;0
2025-01-17;CAMP001;Finanças do Zero | Perpétuo | Conversão;CONVERSIONS;AS002;Público 35-50 | Interesses Investimentos;AD003;Imagem_CTA_Inscricao_v1;Image;CTA Direto;instagram;4288;77;20,53;0,27;4,79;1,818;2;0;194,00;9,45;3542;1,13;0
2025-01-18;CAMP001;Finanças do Zero | Perpétuo | Conversão;CONVERSIONS;AS002;Público 35-50 | Interesses Investimentos;AD003;Imagem_CTA_Inscricao_v1;Image;CTA Direto;instagram;7504;129;29,87;0,23;3,98;1,731;5;0;485,00;16,24;6009;1,36;0
2025-01-19;CAMP001;Finanças do Zero | Perpétuo | Conversão;CONVERSIONS;AS002;Público 35-50 | Interesses Investimentos;AD003;Imagem_CTA_Inscricao_v1;Image;CTA Direto;instagram;7746;154;28,63;0,19;3,70;1,995;6;0;582,00;20,33;5703;1,28;0
2025-01-20;CAMP001;Finanças do Zero | Perpétuo | Conversão;CONVERSIONS;AS002;Público 35-50 | Interesses Investimentos;AD003;Imagem_CTA_Inscricao_v1;Image;CTA Direto;facebook;5937;106;27,24;0,26;4,59;1,786;4;0;388,00;14,24;4218;1,25;0
2025-01-21;CAMP001;Finanças do Zero | Perpétuo | Conversão;CONVERSIONS;AS002;Público 35-50 | Interesses Investimentos;AD003;Imagem_CTA_Inscricao_v1;Image;CTA Direto;instagram;5649;96;25,90;0,27;4,59;1,712;3;0;291,00;11,24;4096;1,14;0
2025-01-22;CAMP001;Finanças do Zero | Perpétuo | Conversão;CONVERSIONS;AS002;Público 35-50 | Interesses Investimentos;AD003;Imagem_CTA_Inscricao_v1;Image;CTA Direto;instagram;6712;109;24,82;0,23;3,70;1,638;3;0;291,00;11,72;5453;1,30;0
2025-01-23;CAMP001;Finanças do Zero | Perpétuo | Conversão;CONVERSIONS;AS002;Público 35-50 | Interesses Investimentos;AD003;Imagem_CTA_Inscricao_v1;Image;CTA Direto;instagram;3684;64;20,43;0,32;5,55;1,739;2;0;194,00;9,50;2470;1,43;0
2025-01-24;CAMP001;Finanças do Zero | Perpétuo | Conversão;CONVERSIONS;AS002;Público 35-50 | Interesses Investimentos;AD003;Imagem_CTA_Inscricao_v1;Image;CTA Direto;instagram;5489;88;24,60;0,28;4,48;1,612;2;0;194,00;7,89;3879;1,55;0
2025-01-25;CAMP001;Finanças do Zero | Perpétuo | Conversão;CONVERSIONS;AS002;Público 35-50 | Interesses Investimentos;AD003;Imagem_CTA_Inscricao_v1;Image;CTA Direto;facebook;4784;89;27,88;0,31;5,83;1,867;2;0;194,00;6,96;3746;1,49;0
2025-01-26;CAMP001;Finanças do Zero | Perpétuo | Conversão;CONVERSIONS;AS002;Público 35-50 | Interesses Investimentos;AD003;Imagem_CTA_Inscricao_v1;Image;CTA Direto;instagram;5898;94;29,30;0,31;4,97;1,610;3;0;291,00;9,93;3909;1,27;0
2025-01-27;CAMP001;Finanças do Zero | Perpétuo | Conversão;CONVERSIONS;AS002;Público 35-50 | Interesses Investimentos;AD003;Imagem_CTA_Inscricao_v1;Image;CTA Direto;facebook;6749;113;22,47;0,20;3,33;1,685;3;0;291,00;12,95;5075;1,40;0
2025-01-28;CAMP001;Finanças do Zero | Perpétuo | Conversão;CONVERSIONS;AS002;Público 35-50 | Interesses Investimentos;AD003;Imagem_CTA_Inscricao_v1;Image;CTA Direto;facebook;4497;79;23,52;0,30;5,23;1,764;2;0;194,00;8,25;2988;1,61;0
2025-01-29;CAMP001;Finanças do Zero | Perpétuo | Conversão;CONVERSIONS;AS002;Público 35-50 | Interesses Investimentos;AD003;Imagem_CTA_Inscricao_v1;Image;CTA Direto;facebook;5751;100;26,18;0,26;4,55;1,746;4;0;388,00;14,82;3961;1,28;0
2025-01-30;CAMP001;Finanças do Zero | Perpétuo | Conversão;CONVERSIONS;AS002;Público 35-50 | Interesses Investimentos;AD003;Imagem_CTA_Inscricao_v1;Image;CTA Direto;instagram;6226;115;18,39;0,16;2,95;1,847;4;0;388,00;21,10;5162;1,41;0
2025-01-31;CAMP001;Finanças do Zero | Perpétuo | Conversão;CONVERSIONS;AS002;Público 35-50 | Interesses Investimentos;AD003;Imagem_CTA_Inscricao_v1;Image;CTA Direto;facebook;5593;107;20,72;0,19;3,71;1,913;3;0;291,00;14,04;4260;1,65;0
2024-02-01;CAMP001;Finanças do Zero | Perpétuo | Conversão;CONVERSIONS;AS002;Público 35-50 | Interesses Investimentos;AD004;Video_Lucas_Apresentacao_v2;Video;Apresentação;instagram;5746;94;22,60;0,24;3,93;1,636;3;0;291,00;12,88;4474;1,57;1732
2024-02-02;CAMP001;Finanças do Zero | Perpétuo | Conversão;CONVERSIONS;AS002;Público 35-50 | Interesses Investimentos;AD004;Video_Lucas_Apresentacao_v2;Video;Apresentação;facebook;3883;67;21,01;0,31;5,41;1,726;2;0;194,00;9,23;2881;1,67;1234
2024-02-03;CAMP001;Finanças do Zero | Perpétuo | Conversão;CONVERSIONS;AS002;Público 35-50 | Interesses Investimentos;AD004;Video_Lucas_Apresentacao_v2;Video;Apresentação;instagram;4303;74;21,79;0,29;5,06;1,740;2;0;194,00;8,90;3346;1,40;1323
2024-02-04;CAMP001;Finanças do Zero | Perpétuo | Conversão;CONVERSIONS;AS002;Público 35-50 | Interesses Investimentos;AD004;Video_Lucas_Apresentacao_v2;Video;Apresentação;instagram;4901;80;23,43;0,29;4,78;1,638;2;0;194,00;8,28;3829;1,55;1528
2024-02-05;CAMP001;Finanças do Zero | Perpétuo | Conversão;CONVERSIONS;AS002;Público 35-50 | Interesses Investimentos;AD004;Video_Lucas_Apresentacao_v2;Video;Apresentação;instagram;5120;90;18,63;0,21;3,64;1,760;3;0;291,00;15,62;3962;1,20;1636
2024-02-06;CAMP001;Finanças do Zero | Perpétuo | Conversão;CONVERSIONS;AS002;Público 35-50 | Interesses Investimentos;AD004;Video_Lucas_Apresentacao_v2;Video;Apresentação;facebook;5184;88;19,92;0,23;3,84;1,698;3;0;291,00;14,61;3539;1,64;1381
2024-02-07;CAMP001;Finanças do Zero | Perpétuo | Conversão;CONVERSIONS;AS002;Público 35-50 | Interesses Investimentos;AD004;Video_Lucas_Apresentacao_v2;Video;Apresentação;instagram;5474;107;17,94;0,17;3,28;1,958;4;0;388,00;21,63;3738;1,63;1719
2024-02-08;CAMP001;Finanças do Zero | Perpétuo | Conversão;CONVERSIONS;AS002;Público 35-50 | Interesses Investimentos;AD004;Video_Lucas_Apresentacao_v2;Video;Apresentação;facebook;3773;65;20,22;0,31;5,36;1,729;2;0;194,00;9,59;2540;1,18;1246
2024-02-09;CAMP001;Finanças do Zero | Perpétuo | Conversão;CONVERSIONS;AS002;Público 35-50 | Interesses Investimentos;AD004;Video_Lucas_Apresentacao_v2;Video;Apresentação;facebook;6195;109;23,44;0,22;3,78;1,772;4;0;388,00;16,55;4895;1,51;1898
2024-02-10;CAMP001;Finanças do Zero | Perpétuo | Conversão;CONVERSIONS;AS002;Público 35-50 | Interesses Investimentos;AD004;Video_Lucas_Apresentacao_v2;Video;Apresentação;instagram;5014;92;20,89;0,23;4,17;1,840;3;0;291,00;13,93;3705;1,37;1507
2024-02-11;CAMP001;Finanças do Zero | Perpétuo | Conversão;CONVERSIONS;AS002;Público 35-50 | Interesses Investimentos;AD004;Video_Lucas_Apresentacao_v2;Video;Apresentação;instagram;5569;96;21,37;0,22;3,84;1,731;3;0;291,00;13,62;3961;1,62;1624
2024-02-12;CAMP001;Finanças do Zero | Perpétuo | Conversão;CONVERSIONS;AS002;Público 35-50 | Interesses Investimentos;AD004;Video_Lucas_Apresentacao_v2;Video;Apresentação;instagram;5204;102;23,50;0,23;4,52;1,965;3;0;291,00;12,38;3973;1,36;1604
2024-02-13;CAMP001;Finanças do Zero | Perpétuo | Conversão;CONVERSIONS;AS002;Público 35-50 | Interesses Investimentos;AD004;Video_Lucas_Apresentacao_v2;Video;Apresentação;instagram;3423;60;17,10;0,29;4,99;1,774;2;0;194,00;11,35;2868;1,28;1089
2024-02-14;CAMP001;Finanças do Zero | Perpétuo | Conversão;CONVERSIONS;AS002;Público 35-50 | Interesses Investimentos;AD004;Video_Lucas_Apresentacao_v2;Video;Apresentação;facebook;4967;96;20,49;0,21;4,12;1,946;3;0;291,00;14,20;4136;1,14;1504
2024-02-15;CAMP001;Finanças do Zero | Perpétuo | Conversão;CONVERSIONS;AS002;Público 35-50 | Interesses Investimentos;AD004;Video_Lucas_Apresentacao_v2;Video;Apresentação;instagram;4181;69;19,00;0,28;4,54;1,672;2;0;194,00;10,21;3151;1,44;1353
2024-02-16;CAMP001;Finanças do Zero | Perpétuo | Conversão;CONVERSIONS;AS002;Público 35-50 | Interesses Investimentos;AD004;Video_Lucas_Apresentacao_v2;Video;Apresentação;facebook;3811;67;20,59;0,31;5,40;1,776;2;0;194,00;9,42;3196;1,27;1206
2024-02-17;CAMP001;Finanças do Zero | Perpétuo | Conversão;CONVERSIONS;AS002;Público 35-50 | Interesses Investimentos;AD004;Video_Lucas_Apresentacao_v2;Video;Apresentação;instagram;3867;73;21,38;0,29;5,53;1,898;2;0;194,00;9,07;2867;1,40;1225
2024-02-18;CAMP001;Finanças do Zero | Perpétuo | Conversão;CONVERSIONS;AS002;Público 35-50 | Interesses Investimentos;AD004;Video_Lucas_Apresentacao_v2;Video;Apresentação;instagram;4486;71;25,07;0,35;5,59;1,601;2;0;194,00;7,74;3114;1,51;1364
2024-02-19;CAMP001;Finanças do Zero | Perpétuo | Conversão;CONVERSIONS;AS002;Público 35-50 | Interesses Investimentos;AD004;Video_Lucas_Apresentacao_v2;Video;Apresentação;facebook;5810;98;22,28;0,23;3,83;1,690;3;0;291,00;13,06;4538;1,61;1644
2024-02-20;CAMP001;Finanças do Zero | Perpétuo | Conversão;CONVERSIONS;AS002;Público 35-50 | Interesses Investimentos;AD004;Video_Lucas_Apresentacao_v2;Video;Apresentação;facebook;5058;84;17,37;0,21;3,43;1,670;3;0;291,00;16,75;3341;1,65;1359
2024-02-21;CAMP001;Finanças do Zero | Perpétuo | Conversão;CONVERSIONS;AS002;Público 35-50 | Interesses Investimentos;AD004;Video_Lucas_Apresentacao_v2;Video;Apresentação;instagram;3758;63;19,88;0,32;5,29;1,698;2;0;194,00;9,76;2807;1,45;1169
2024-02-22;CAMP001;Finanças do Zero | Perpétuo | Conversão;CONVERSIONS;AS002;Público 35-50 | Interesses Investimentos;AD004;Video_Lucas_Apresentacao_v2;Video;Apresentação;instagram;3628;65;17,54;0,27;4,84;1,794;2;0;194,00;11,06;2749;1,34;1034
2024-02-23;CAMP001;Finanças do Zero | Perpétuo | Conversão;CONVERSIONS;AS002;Público 35-50 | Interesses Investimentos;AD004;Video_Lucas_Apresentacao_v2;Video;Apresentação;instagram;5643;99;19,83;0,20;3,51;1,765;3;0;291,00;14,67;3842;1,26;1678
2024-02-24;CAMP001;Finanças do Zero | Perpétuo | Conversão;CONVERSIONS;AS002;Público 35-50 | Interesses Investimentos;AD004;Video_Lucas_Apresentacao_v2;Video;Apresentação;instagram;4217;80;22,08;0,28;5,24;1,918;2;0;194,00;8,79;3239;1,57;1321
2024-02-25;CAMP001;Finanças do Zero | Perpétuo | Conversão;CONVERSIONS;AS002;Público 35-50 | Interesses Investimentos;AD004;Video_Lucas_Apresentacao_v2;Video;Apresentação;instagram;3759;66;21,16;0,32;5,63;1,761;2;0;194,00;9,17;2759;1,30;1211
2024-02-26;CAMP001;Finanças do Zero | Perpétuo | Conversão;CONVERSIONS;AS002;Público 35-50 | Interesses Investimentos;AD004;Video_Lucas_Apresentacao_v2;Video;Apresentação;instagram;3614;60;19,57;0,33;5,42;1,679;2;0;194,00;9,91;2651;1,15;1103
2024-02-27;CAMP001;Finanças do Zero | Perpétuo | Conversão;CONVERSIONS;AS002;Público 35-50 | Interesses Investimentos;AD004;Video_Lucas_Apresentacao_v2;Video;Apresentação;facebook;3802;70;20,38;0,29;5,36;1,849;2;0;194,00;9,52;3159;1,46;1009
2024-02-28;CAMP001;Finanças do Zero | Perpétuo | Conversão;CONVERSIONS;AS002;Público 35-50 | Interesses Investimentos;AD004;Video_Lucas_Apresentacao_v2;Video;Apresentação;facebook;4810;92;18,73;0,20;3,89;1,915;2;0;194,00;10,36;3488;1,15;1338
2024-02-29;CAMP001;Finanças do Zero | Perpétuo | Conversão;CONVERSIONS;AS002;Público 35-50 | Interesses Investimentos;AD004;Video_Lucas_Apresentacao_v2;Video;Apresentação;facebook;4656;89;17,16;0,19;3,69;1,930;3;0;291,00;16,96;3536;1,31;1312
2024-03-01;CAMP001;Finanças do Zero | Perpétuo | Conversão;CONVERSIONS;AS002;Público 35-50 | Interesses Investimentos;AD004;Video_Lucas_Apresentacao_v2;Video;Apresentação;instagram;11235;202;40,28;0,20;3,58;1,801;12;0;1164,00;28,90;8024;1,14;3152
2024-03-02;CAMP001;Finanças do Zero | Perpétuo | Conversão;CONVERSIONS;AS002;Público 35-50 | Interesses Investimentos;AD004;Video_Lucas_Apresentacao_v2;Video;Apresentação;instagram;9536;183;44,82;0,24;4,70;1,923;10;0;970,00;21,64;7773;1,19;2570
2024-03-03;CAMP001;Finanças do Zero | Perpétuo | Conversão;CONVERSIONS;AS002;Público 35-50 | Interesses Investimentos;AD004;Video_Lucas_Apresentacao_v2;Video;Apresentação;facebook;12623;240;42,26;0,18;3,35;1,905;13;0;1261,00;29,84;10003;1,63;4052
2024-03-04;CAMP001;Finanças do Zero | Perpétuo | Conversão;CONVERSIONS;AS002;Público 35-50 | Interesses Investimentos;AD004;Video_Lucas_Apresentacao_v2;Video;Apresentação;facebook;10615;191;44,25;0,23;4,17;1,805;8;0;776,00;17,54;7196;1,27;3543
2024-03-05;CAMP001;Finanças do Zero | Perpétuo | Conversão;CONVERSIONS;AS002;Público 35-50 | Interesses Investimentos;AD004;Video_Lucas_Apresentacao_v2;Video;Apresentação;facebook;11533;202;50,31;0,25;4,36;1,760;10;0;970,00;19,28;8405;1,28;3869
2024-03-06;CAMP001;Finanças do Zero | Perpétuo | Conversão;CONVERSIONS;AS002;Público 35-50 | Interesses Investimentos;AD004;Video_Lucas_Apresentacao_v2;Video;Apresentação;facebook;17601;313;63,28;0,20;3,60;1,779;18;0;1746,00;27,59;13033;1,13;5250
2024-03-07;CAMP001;Finanças do Zero | Perpétuo | Conversão;CONVERSIONS;AS002;Público 35-50 | Interesses Investimentos;AD004;Video_Lucas_Apresentacao_v2;Video;Apresentação;instagram;10905;176;58,26;0,33;5,34;1,620;10;0;970,00;16,65;8362;1,24;2944
2024-03-08;CAMP001;Finanças do Zero | Perpétuo | Conversão;CONVERSIONS;AS002;Público 35-50 | Interesses Investimentos;AD004;Video_Lucas_Apresentacao_v2;Video;Apresentação;instagram;17820;340;72,65;0,21;4,08;1,913;15;0;1455,00;20,03;12760;1,40;5137
2024-03-09;CAMP001;Finanças do Zero | Perpétuo | Conversão;CONVERSIONS;AS002;Público 35-50 | Interesses Investimentos;AD004;Video_Lucas_Apresentacao_v2;Video;Apresentação;instagram;15027;238;68,18;0,29;4,54;1,586;14;0;1358,00;19,92;11393;1,54;4305
2024-03-10;CAMP001;Finanças do Zero | Perpétuo | Conversão;CONVERSIONS;AS002;Público 35-50 | Interesses Investimentos;AD004;Video_Lucas_Apresentacao_v2;Video;Apresentação;facebook;19406;379;87,40;0,23;4,50;1,955;25;0;2425,00;27,75;14294;1,17;5231
2024-03-11;CAMP001;Finanças do Zero | Perpétuo | Conversão;CONVERSIONS;AS002;Público 35-50 | Interesses Investimentos;AD004;Video_Lucas_Apresentacao_v2;Video;Apresentação;instagram;15253;254;76,10;0,30;4,99;1,669;16;0;1552,00;20,39;11426;1,18;4714
2024-03-12;CAMP001;Finanças do Zero | Perpétuo | Conversão;CONVERSIONS;AS002;Público 35-50 | Interesses Investimentos;AD004;Video_Lucas_Apresentacao_v2;Video;Apresentação;instagram;21080;334;97,75;0,29;4,64;1,588;15;0;1455,00;14,88;15895;1,68;6498
2024-03-13;CAMP001;Finanças do Zero | Perpétuo | Conversão;CONVERSIONS;AS002;Público 35-50 | Interesses Investimentos;AD004;Video_Lucas_Apresentacao_v2;Video;Apresentação;instagram;22773;380;102,26;0,27;4,49;1,672;22;0;2134,00;20,87;16965;1,52;6357
2024-03-14;CAMP001;Finanças do Zero | Perpétuo | Conversão;CONVERSIONS;AS002;Público 35-50 | Interesses Investimentos;AD004;Video_Lucas_Apresentacao_v2;Video;Apresentação;instagram;29715;491;114,97;0,23;3,87;1,655;29;0;2813,00;24,47;21838;1,39;8166
2024-03-15;CAMP001;Finanças do Zero | Perpétuo | Conversão;CONVERSIONS;AS002;Público 35-50 | Interesses Investimentos;AD004;Video_Lucas_Apresentacao_v2;Video;Apresentação;facebook;26136;492;91,18;0,19;3,49;1,884;27;0;2619,00;28,72;20189;1,31;8018
2024-03-16;CAMP001;Finanças do Zero | Perpétuo | Conversão;CONVERSIONS;AS002;Público 35-50 | Interesses Investimentos;AD004;Video_Lucas_Apresentacao_v2;Video;Apresentação;instagram;25911;412;93,77;0,23;3,62;1,590;20;0;1940,00;20,69;19827;1,28;7410
2024-03-17;CAMP001;Finanças do Zero | Perpétuo | Conversão;CONVERSIONS;AS002;Público 35-50 | Interesses Investimentos;AD004;Video_Lucas_Apresentacao_v2;Video;Apresentação;facebook;22407;418;109,12;0,26;4,87;1,869;19;0;1843,00;16,89;15917;1,21;6339
2024-03-18;CAMP001;Finanças do Zero | Perpétuo | Conversão;CONVERSIONS;AS002;Público 35-50 | Interesses Investimentos;AD004;Video_Lucas_Apresentacao_v2;Video;Apresentação;instagram;23773;410;95,39;0,23;4,01;1,727;25;0;2425,00;25,42;19826;1,45;7538
2024-03-19;CAMP001;Finanças do Zero | Perpétuo | Conversão;CONVERSIONS;AS002;Público 35-50 | Interesses Investimentos;AD004;Video_Lucas_Apresentacao_v2;Video;Apresentação;facebook;23811;401;83,21;0,21;3,49;1,684;19;0;1843,00;22,15;16329;1,64;7101
2024-03-20;CAMP001;Finanças do Zero | Perpétuo | Conversão;CONVERSIONS;AS002;Público 35-50 | Interesses Investimentos;AD004;Video_Lucas_Apresentacao_v2;Video;Apresentação;instagram;15452;298;67,51;0,23;4,37;1,933;16;0;1552,00;22,99;11590;1,38;4209
2024-03-21;CAMP001;Finanças do Zero | Perpétuo | Conversão;CONVERSIONS;AS002;Público 35-50 | Interesses Investimentos;AD004;Video_Lucas_Apresentacao_v2;Video;Apresentação;facebook;16352;281;76,75;0,27;4,69;1,719;15;0;1455,00;18,96;13604;1,42;5430
2024-03-22;CAMP001;Finanças do Zero | Perpétuo | Conversão;CONVERSIONS;AS002;Público 35-50 | Interesses Investimentos;AD004;Video_Lucas_Apresentacao_v2;Video;Apresentação;instagram;20175;362;75,35;0,21;3,74;1,796;22;0;2134,00;28,32;15683;1,50;5584
2024-03-23;CAMP001;Finanças do Zero | Perpétuo | Conversão;CONVERSIONS;AS002;Público 35-50 | Interesses Investimentos;AD004;Video_Lucas_Apresentacao_v2;Video;Apresentação;facebook;19181;338;65,32;0,19;3,41;1,767;19;0;1843,00;28,21;13979;1,61;5310
2024-03-24;CAMP001;Finanças do Zero | Perpétuo | Conversão;CONVERSIONS;AS002;Público 35-50 | Interesses Investimentos;AD004;Video_Lucas_Apresentacao_v2;Video;Apresentação;instagram;10793;171;60,83;0,36;5,64;1,586;8;0;776,00;12,76;8902;1,17;3240
2024-03-25;CAMP001;Finanças do Zero | Perpétuo | Conversão;CONVERSIONS;AS002;Público 35-50 | Interesses Investimentos;AD004;Video_Lucas_Apresentacao_v2;Video;Apresentação;instagram;10032;176;48,33;0,27;4,82;1,756;11;0;1067,00;22,08;7750;1,51;3349
2024-03-26;CAMP001;Finanças do Zero | Perpétuo | Conversão;CONVERSIONS;AS002;Público 35-50 | Interesses Investimentos;AD004;Video_Lucas_Apresentacao_v2;Video;Apresentação;facebook;15780;293;60,15;0,21;3,81;1,857;16;0;1552,00;25,80;10523;1,39;4198
2024-03-27;CAMP001;Finanças do Zero | Perpétuo | Conversão;CONVERSIONS;AS002;Público 35-50 | Interesses Investimentos;AD004;Video_Lucas_Apresentacao_v2;Video;Apresentação;facebook;10777;176;56,87;0,32;5,28;1,641;9;0;873,00;15,35;7972;1,59;3396
2024-03-28;CAMP001;Finanças do Zero | Perpétuo | Conversão;CONVERSIONS;AS002;Público 35-50 | Interesses Investimentos;AD004;Video_Lucas_Apresentacao_v2;Video;Apresentação;instagram;11116;207;47,92;0,23;4,31;1,867;12;0;1164,00;24,29;9132;1,31;3070
2024-03-29;CAMP001;Finanças do Zero | Perpétuo | Conversão;CONVERSIONS;AS002;Público 35-50 | Interesses Investimentos;AD004;Video_Lucas_Apresentacao_v2;Video;Apresentação;facebook;12351;231;44,70;0,19;3,62;1,871;12;0;1164,00;26,04;8296;1,49;3994
2024-03-30;CAMP001;Finanças do Zero | Perpétuo | Conversão;CONVERSIONS;AS002;Público 35-50 | Interesses Investimentos;AD004;Video_Lucas_Apresentacao_v2;Video;Apresentação;facebook;10187;173;44,14;0,26;4,33;1,703;8;0;776,00;17,58;7888;1,40;3307
2024-03-31;CAMP001;Finanças do Zero | Perpétuo | Conversão;CONVERSIONS;AS002;Público 35-50 | Interesses Investimentos;AD004;Video_Lucas_Apresentacao_v2;Video;Apresentação;instagram;10515;187;44,59;0,24;4,24;1,785;11;0;1067,00;23,93;7106;1,17;3470
2024-04-01;CAMP001;Finanças do Zero | Perpétuo | Conversão;CONVERSIONS;AS002;Público 35-50 | Interesses Investimentos;AD004;Video_Lucas_Apresentacao_v2;Video;Apresentação;instagram;3432;54;19,61;0,36;5,71;1,593;1;0;97,00;4,95;2549;1,13;1122
2024-04-02;CAMP001;Finanças do Zero | Perpétuo | Conversão;CONVERSIONS;AS002;Público 35-50 | Interesses Investimentos;AD004;Video_Lucas_Apresentacao_v2;Video;Apresentação;instagram;5012;98;25,21;0,26;5,03;1,958;3;0;291,00;11,54;3356;1,53;1577
2024-04-03;CAMP001;Finanças do Zero | Perpétuo | Conversão;CONVERSIONS;AS002;Público 35-50 | Interesses Investimentos;AD004;Video_Lucas_Apresentacao_v2;Video;Apresentação;instagram;3525;58;17,76;0,31;5,04;1,665;2;0;194,00;10,92;2491;1,22;1042
2024-04-04;CAMP001;Finanças do Zero | Perpétuo | Conversão;CONVERSIONS;AS002;Público 35-50 | Interesses Investimentos;AD004;Video_Lucas_Apresentacao_v2;Video;Apresentação;facebook;3874;70;19,80;0,28;5,11;1,810;2;0;194,00;9,80;2582;1,50;1255
2024-04-05;CAMP001;Finanças do Zero | Perpétuo | Conversão;CONVERSIONS;AS002;Público 35-50 | Interesses Investimentos;AD004;Video_Lucas_Apresentacao_v2;Video;Apresentação;facebook;4358;75;21,01;0,28;4,82;1,734;2;0;194,00;9,23;3144;1,57;1454
2024-04-06;CAMP001;Finanças do Zero | Perpétuo | Conversão;CONVERSIONS;AS002;Público 35-50 | Interesses Investimentos;AD004;Video_Lucas_Apresentacao_v2;Video;Apresentação;facebook;5510;92;23,01;0,25;4,18;1,675;2;0;194,00;8,43;4149;1,27;1705
2024-04-07;CAMP001;Finanças do Zero | Perpétuo | Conversão;CONVERSIONS;AS002;Público 35-50 | Interesses Investimentos;AD004;Video_Lucas_Apresentacao_v2;Video;Apresentação;facebook;4890;91;22,87;0,25;4,68;1,868;3;0;291,00;12,72;3781;1,30;1597
2024-04-08;CAMP001;Finanças do Zero | Perpétuo | Conversão;CONVERSIONS;AS002;Público 35-50 | Interesses Investimentos;AD004;Video_Lucas_Apresentacao_v2;Video;Apresentação;instagram;3875;63;18,81;0,30;4,85;1,627;2;0;194,00;10,31;2938;1,29;1232
2024-04-09;CAMP001;Finanças do Zero | Perpétuo | Conversão;CONVERSIONS;AS002;Público 35-50 | Interesses Investimentos;AD004;Video_Lucas_Apresentacao_v2;Video;Apresentação;instagram;5015;95;21,25;0,22;4,24;1,900;3;0;291,00;13,69;3852;1,26;1498
2024-04-10;CAMP001;Finanças do Zero | Perpétuo | Conversão;CONVERSIONS;AS002;Público 35-50 | Interesses Investimentos;AD004;Video_Lucas_Apresentacao_v2;Video;Apresentação;instagram;4081;81;18,83;0,23;4,61;1,988;3;0;291,00;15,45;3262;1,18;1357
2024-04-11;CAMP001;Finanças do Zero | Perpétuo | Conversão;CONVERSIONS;AS002;Público 35-50 | Interesses Investimentos;AD004;Video_Lucas_Apresentacao_v2;Video;Apresentação;facebook;3687;72;22,15;0,31;6,01;1,967;2;0;194,00;8,76;3064;1,65;1124
2024-04-12;CAMP001;Finanças do Zero | Perpétuo | Conversão;CONVERSIONS;AS002;Público 35-50 | Interesses Investimentos;AD004;Video_Lucas_Apresentacao_v2;Video;Apresentação;instagram;4956;80;16,80;0,21;3,39;1,623;3;0;291,00;17,32;3680;1,20;1367
2024-04-13;CAMP001;Finanças do Zero | Perpétuo | Conversão;CONVERSIONS;AS002;Público 35-50 | Interesses Investimentos;AD004;Video_Lucas_Apresentacao_v2;Video;Apresentação;facebook;4241;68;18,99;0,28;4,48;1,619;2;0;194,00;10,22;3351;1,23;1166
2024-04-14;CAMP001;Finanças do Zero | Perpétuo | Conversão;CONVERSIONS;AS002;Público 35-50 | Interesses Investimentos;AD004;Video_Lucas_Apresentacao_v2;Video;Apresentação;facebook;5211;84;21,08;0,25;4,05;1,627;2;0;194,00;9,20;4295;1,34;1626
2024-04-15;CAMP001;Finanças do Zero | Perpétuo | Conversão;CONVERSIONS;AS002;Público 35-50 | Interesses Investimentos;AD004;Video_Lucas_Apresentacao_v2;Video;Apresentação;instagram;5925;97;20,08;0,21;3,39;1,640;3;0;291,00;14,49;4868;1,19;1913
2024-04-16;CAMP001;Finanças do Zero | Perpétuo | Conversão;CONVERSIONS;AS002;Público 35-50 | Interesses Investimentos;AD004;Video_Lucas_Apresentacao_v2;Video;Apresentação;facebook;4712;84;19,50;0,23;4,14;1,795;3;0;291,00;14,92;3861;1,45;1304
2024-04-17;CAMP001;Finanças do Zero | Perpétuo | Conversão;CONVERSIONS;AS002;Público 35-50 | Interesses Investimentos;AD004;Video_Lucas_Apresentacao_v2;Video;Apresentação;facebook;4172;76;16,98;0,22;4,07;1,843;2;0;194,00;11,43;2857;1,16;1157
2024-04-18;CAMP001;Finanças do Zero | Perpétuo | Conversão;CONVERSIONS;AS002;Público 35-50 | Interesses Investimentos;AD004;Video_Lucas_Apresentacao_v2;Video;Apresentação;instagram;4120;72;19,88;0,28;4,83;1,768;2;0;194,00;9,76;2745;1,34;1372
2024-04-19;CAMP001;Finanças do Zero | Perpétuo | Conversão;CONVERSIONS;AS002;Público 35-50 | Interesses Investimentos;AD004;Video_Lucas_Apresentacao_v2;Video;Apresentação;facebook;4142;73;21,83;0,30;5,27;1,785;2;0;194,00;8,89;3222;1,50;1214
2024-04-20;CAMP001;Finanças do Zero | Perpétuo | Conversão;CONVERSIONS;AS002;Público 35-50 | Interesses Investimentos;AD004;Video_Lucas_Apresentacao_v2;Video;Apresentação;instagram;4345;81;24,37;0,30;5,61;1,880;2;0;194,00;7,96;3198;1,49;1164
2024-04-21;CAMP001;Finanças do Zero | Perpétuo | Conversão;CONVERSIONS;AS002;Público 35-50 | Interesses Investimentos;AD004;Video_Lucas_Apresentacao_v2;Video;Apresentação;instagram;5135;101;23,89;0,24;4,65;1,976;3;0;291,00;12,18;4169;1,56;1714
2024-04-22;CAMP001;Finanças do Zero | Perpétuo | Conversão;CONVERSIONS;AS002;Público 35-50 | Interesses Investimentos;AD004;Video_Lucas_Apresentacao_v2;Video;Apresentação;instagram;3629;71;19,84;0,28;5,47;1,960;2;0;194,00;9,78;2524;1,12;1170
2024-04-23;CAMP001;Finanças do Zero | Perpétuo | Conversão;CONVERSIONS;AS002;Público 35-50 | Interesses Investimentos;AD004;Video_Lucas_Apresentacao_v2;Video;Apresentação;instagram;4368;71;20,59;0,29;4,71;1,637;2;0;194,00;9,42;3081;1,33;1259
2024-04-24;CAMP001;Finanças do Zero | Perpétuo | Conversão;CONVERSIONS;AS002;Público 35-50 | Interesses Investimentos;AD004;Video_Lucas_Apresentacao_v2;Video;Apresentação;facebook;5184;90;18,08;0,20;3,49;1,738;2;0;194,00;10,73;3977;1,30;1501
2024-04-25;CAMP001;Finanças do Zero | Perpétuo | Conversão;CONVERSIONS;AS002;Público 35-50 | Interesses Investimentos;AD004;Video_Lucas_Apresentacao_v2;Video;Apresentação;instagram;4367;70;16,48;0,24;3,77;1,625;2;0;194,00;11,77;3583;1,47;1261
2024-04-26;CAMP001;Finanças do Zero | Perpétuo | Conversão;CONVERSIONS;AS002;Público 35-50 | Interesses Investimentos;AD004;Video_Lucas_Apresentacao_v2;Video;Apresentação;facebook;5424;107;22,37;0,21;4,12;1,987;4;0;388,00;17,34;3654;1,44;1577
2024-04-27;CAMP001;Finanças do Zero | Perpétuo | Conversão;CONVERSIONS;AS002;Público 35-50 | Interesses Investimentos;AD004;Video_Lucas_Apresentacao_v2;Video;Apresentação;instagram;5949;104;22,64;0,22;3,81;1,749;4;0;388,00;17,14;4378;1,16;1580
2024-04-28;CAMP001;Finanças do Zero | Perpétuo | Conversão;CONVERSIONS;AS002;Público 35-50 | Interesses Investimentos;AD004;Video_Lucas_Apresentacao_v2;Video;Apresentação;facebook;5354;104;27,42;0,26;5,12;1,946;3;0;291,00;10,61;4083;1,19;1796
2024-04-29;CAMP001;Finanças do Zero | Perpétuo | Conversão;CONVERSIONS;AS002;Público 35-50 | Interesses Investimentos;AD004;Video_Lucas_Apresentacao_v2;Video;Apresentação;instagram;5301;85;22,16;0,26;4,18;1,605;3;0;291,00;13,13;3760;1,24;1662
2024-04-30;CAMP001;Finanças do Zero | Perpétuo | Conversão;CONVERSIONS;AS002;Público 35-50 | Interesses Investimentos;AD004;Video_Lucas_Apresentacao_v2;Video;Apresentação;facebook;3905;64;18,58;0,29;4,76;1,662;2;0;194,00;10,44;2590;1,12;1147
2024-05-01;CAMP001;Finanças do Zero | Perpétuo | Conversão;CONVERSIONS;AS002;Público 35-50 | Interesses Investimentos;AD004;Video_Lucas_Apresentacao_v2;Video;Apresentação;instagram;4029;69;21,22;0,31;5,27;1,721;2;0;194,00;9,14;2819;1,13;1241
2024-05-02;CAMP001;Finanças do Zero | Perpétuo | Conversão;CONVERSIONS;AS002;Público 35-50 | Interesses Investimentos;AD004;Video_Lucas_Apresentacao_v2;Video;Apresentação;facebook;5261;96;21,63;0,23;4,11;1,841;3;0;291,00;13,45;3797;1,39;1509
2024-05-03;CAMP001;Finanças do Zero | Perpétuo | Conversão;CONVERSIONS;AS002;Público 35-50 | Interesses Investimentos;AD004;Video_Lucas_Apresentacao_v2;Video;Apresentação;instagram;4768;86;22,51;0,26;4,72;1,814;2;0;194,00;8,62;3174;1,34;1551
2024-05-04;CAMP001;Finanças do Zero | Perpétuo | Conversão;CONVERSIONS;AS002;Público 35-50 | Interesses Investimentos;AD004;Video_Lucas_Apresentacao_v2;Video;Apresentação;instagram;6308;105;24,62;0,23;3,90;1,674;4;0;388,00;15,76;5015;1,33;1870
2024-05-05;CAMP001;Finanças do Zero | Perpétuo | Conversão;CONVERSIONS;AS002;Público 35-50 | Interesses Investimentos;AD004;Video_Lucas_Apresentacao_v2;Video;Apresentação;instagram;4552;83;23,49;0,28;5,16;1,828;2;0;194,00;8,26;3460;1,55;1362
2024-05-06;CAMP001;Finanças do Zero | Perpétuo | Conversão;CONVERSIONS;AS002;Público 35-50 | Interesses Investimentos;AD004;Video_Lucas_Apresentacao_v2;Video;Apresentação;facebook;4854;94;20,07;0,21;4,14;1,951;2;0;194,00;9,67;3702;1,24;1343
2024-05-07;CAMP001;Finanças do Zero | Perpétuo | Conversão;CONVERSIONS;AS002;Público 35-50 | Interesses Investimentos;AD004;Video_Lucas_Apresentacao_v2;Video;Apresentação;instagram;5224;91;18,73;0,21;3,59;1,760;3;0;291,00;15,54;3748;1,35;1515
2024-05-08;CAMP001;Finanças do Zero | Perpétuo | Conversão;CONVERSIONS;AS002;Público 35-50 | Interesses Investimentos;AD004;Video_Lucas_Apresentacao_v2;Video;Apresentação;instagram;5641;97;20,11;0,21;3,57;1,721;3;0;291,00;14,47;4225;1,34;1677
2024-05-09;CAMP001;Finanças do Zero | Perpétuo | Conversão;CONVERSIONS;AS002;Público 35-50 | Interesses Investimentos;AD004;Video_Lucas_Apresentacao_v2;Video;Apresentação;instagram;5585;95;20,79;0,22;3,72;1,709;3;0;291,00;14,00;4345;1,31;1749
2024-05-10;CAMP001;Finanças do Zero | Perpétuo | Conversão;CONVERSIONS;AS002;Público 35-50 | Interesses Investimentos;AD004;Video_Lucas_Apresentacao_v2;Video;Apresentação;facebook;4406;73;18,51;0,25;4,20;1,666;2;0;194,00;10,48;3383;1,25;1395
2024-05-11;CAMP001;Finanças do Zero | Perpétuo | Conversão;CONVERSIONS;AS002;Público 35-50 | Interesses Investimentos;AD004;Video_Lucas_Apresentacao_v2;Video;Apresentação;instagram;5083;90;25,87;0,29;5,09;1,788;2;0;194,00;7,50;3859;1,33;1657
2024-05-12;CAMP001;Finanças do Zero | Perpétuo | Conversão;CONVERSIONS;AS002;Público 35-50 | Interesses Investimentos;AD004;Video_Lucas_Apresentacao_v2;Video;Apresentação;instagram;4734;78;27,16;0,35;5,74;1,660;3;0;291,00;10,71;3237;1,64;1271
2024-05-13;CAMP001;Finanças do Zero | Perpétuo | Conversão;CONVERSIONS;AS002;Público 35-50 | Interesses Investimentos;AD004;Video_Lucas_Apresentacao_v2;Video;Apresentação;instagram;4366;77;19,36;0,25;4,44;1,776;2;0;194,00;10,02;3274;1,22;1187
2024-05-14;CAMP001;Finanças do Zero | Perpétuo | Conversão;CONVERSIONS;AS002;Público 35-50 | Interesses Investimentos;AD004;Video_Lucas_Apresentacao_v2;Video;Apresentação;facebook;5025;89;19,67;0,22;3,91;1,784;3;0;291,00;14,79;3933;1,12;1473
2024-05-15;CAMP001;Finanças do Zero | Perpétuo | Conversão;CONVERSIONS;AS002;Público 35-50 | Interesses Investimentos;AD004;Video_Lucas_Apresentacao_v2;Video;Apresentação;facebook;4636;92;22,43;0,24;4,84;1,998;3;0;291,00;12,97;3425;1,42;1500
2024-05-16;CAMP001;Finanças do Zero | Perpétuo | Conversão;CONVERSIONS;AS002;Público 35-50 | Interesses Investimentos;AD004;Video_Lucas_Apresentacao_v2;Video;Apresentação;instagram;5266;84;19,70;0,23;3,74;1,601;2;0;194,00;9,85;3881;1,64;1437
2024-05-17;CAMP001;Finanças do Zero | Perpétuo | Conversão;CONVERSIONS;AS002;Público 35-50 | Interesses Investimentos;AD004;Video_Lucas_Apresentacao_v2;Video;Apresentação;instagram;4252;69;20,29;0,29;4,77;1,632;2;0;194,00;9,56;2914;1,35;1196
2024-05-18;CAMP001;Finanças do Zero | Perpétuo | Conversão;CONVERSIONS;AS002;Público 35-50 | Interesses Investimentos;AD004;Video_Lucas_Apresentacao_v2;Video;Apresentação;instagram;4533;80;23,96;0,30;5,29;1,782;3;0;291,00;12,15;3271;1,54;1421
2024-05-19;CAMP001;Finanças do Zero | Perpétuo | Conversão;CONVERSIONS;AS002;Público 35-50 | Interesses Investimentos;AD004;Video_Lucas_Apresentacao_v2;Video;Apresentação;facebook;4674;74;20,87;0,28;4,46;1,599;2;0;194,00;9,30;3270;1,41;1358
2024-05-20;CAMP001;Finanças do Zero | Perpétuo | Conversão;CONVERSIONS;AS002;Público 35-50 | Interesses Investimentos;AD004;Video_Lucas_Apresentacao_v2;Video;Apresentação;instagram;4677;86;18,55;0,22;3,97;1,858;2;0;194,00;10,46;3216;1,37;1505
2024-05-21;CAMP001;Finanças do Zero | Perpétuo | Conversão;CONVERSIONS;AS002;Público 35-50 | Interesses Investimentos;AD004;Video_Lucas_Apresentacao_v2;Video;Apresentação;facebook;4978;83;17,93;0,22;3,60;1,682;3;0;291,00;16,23;3808;1,45;1407
2024-05-22;CAMP001;Finanças do Zero | Perpétuo | Conversão;CONVERSIONS;AS002;Público 35-50 | Interesses Investimentos;AD004;Video_Lucas_Apresentacao_v2;Video;Apresentação;facebook;6269;116;21,51;0,19;3,43;1,851;3;0;291,00;13,53;4800;1,31;1881
2024-05-23;CAMP001;Finanças do Zero | Perpétuo | Conversão;CONVERSIONS;AS002;Público 35-50 | Interesses Investimentos;AD004;Video_Lucas_Apresentacao_v2;Video;Apresentação;instagram;5045;98;21,77;0,22;4,31;1,960;3;0;291,00;13,37;3342;1,39;1675
2024-05-24;CAMP001;Finanças do Zero | Perpétuo | Conversão;CONVERSIONS;AS002;Público 35-50 | Interesses Investimentos;AD004;Video_Lucas_Apresentacao_v2;Video;Apresentação;instagram;3961;76;19,04;0,25;4,81;1,920;2;0;194,00;10,19;2969;1,48;1208
2024-05-25;CAMP001;Finanças do Zero | Perpétuo | Conversão;CONVERSIONS;AS002;Público 35-50 | Interesses Investimentos;AD004;Video_Lucas_Apresentacao_v2;Video;Apresentação;instagram;4559;87;25,57;0,29;5,61;1,924;3;0;291,00;11,38;3554;1,54;1334
2024-05-26;CAMP001;Finanças do Zero | Perpétuo | Conversão;CONVERSIONS;AS002;Público 35-50 | Interesses Investimentos;AD004;Video_Lucas_Apresentacao_v2;Video;Apresentação;facebook;3964;71;21,04;0,30;5,31;1,815;2;0;194,00;9,22;2934;1,61;1195
2024-05-27;CAMP001;Finanças do Zero | Perpétuo | Conversão;CONVERSIONS;AS002;Público 35-50 | Interesses Investimentos;AD004;Video_Lucas_Apresentacao_v2;Video;Apresentação;facebook;4707;91;21,67;0,24;4,60;1,954;2;0;194,00;8,95;3140;1,52;1449
2024-05-28;CAMP001;Finanças do Zero | Perpétuo | Conversão;CONVERSIONS;AS002;Público 35-50 | Interesses Investimentos;AD004;Video_Lucas_Apresentacao_v2;Video;Apresentação;facebook;3704;59;22,84;0,39;6,17;1,612;2;0;194,00;8,49;2583;1,41;1042
2024-05-29;CAMP001;Finanças do Zero | Perpétuo | Conversão;CONVERSIONS;AS002;Público 35-50 | Interesses Investimentos;AD004;Video_Lucas_Apresentacao_v2;Video;Apresentação;instagram;4570;73;24,25;0,33;5,31;1,606;2;0;194,00;8,00;3111;1,16;1233
2024-05-30;CAMP001;Finanças do Zero | Perpétuo | Conversão;CONVERSIONS;AS002;Público 35-50 | Interesses Investimentos;AD004;Video_Lucas_Apresentacao_v2;Video;Apresentação;facebook;4229;77;19,32;0,25;4,57;1,830;2;0;194,00;10,04;3339;1,60;1251
2024-05-31;CAMP001;Finanças do Zero | Perpétuo | Conversão;CONVERSIONS;AS002;Público 35-50 | Interesses Investimentos;AD004;Video_Lucas_Apresentacao_v2;Video;Apresentação;instagram;5331;107;22,94;0,21;4,30;2,013;3;0;291,00;12,69;3991;1,35;1475
2024-06-01;CAMP001;Finanças do Zero | Perpétuo | Conversão;CONVERSIONS;AS002;Público 35-50 | Interesses Investimentos;AD004;Video_Lucas_Apresentacao_v2;Video;Apresentação;instagram;5991;117;22,24;0,19;3,71;1,959;3;0;291,00;13,08;4629;1,27;1629
2024-06-02;CAMP001;Finanças do Zero | Perpétuo | Conversão;CONVERSIONS;AS002;Público 35-50 | Interesses Investimentos;AD004;Video_Lucas_Apresentacao_v2;Video;Apresentação;instagram;4325;78;27,09;0,35;6,26;1,804;2;0;194,00;7,16;3378;1,22;1171
2024-06-03;CAMP001;Finanças do Zero | Perpétuo | Conversão;CONVERSIONS;AS002;Público 35-50 | Interesses Investimentos;AD004;Video_Lucas_Apresentacao_v2;Video;Apresentação;instagram;5158;86;24,83;0,29;4,81;1,668;2;0;194,00;7,81;3870;1,25;1480
2024-06-04;CAMP001;Finanças do Zero | Perpétuo | Conversão;CONVERSIONS;AS002;Público 35-50 | Interesses Investimentos;AD004;Video_Lucas_Apresentacao_v2;Video;Apresentação;instagram;3868;70;21,92;0,31;5,67;1,831;2;0;194,00;8,85;3099;1,21;1258
2024-06-05;CAMP001;Finanças do Zero | Perpétuo | Conversão;CONVERSIONS;AS002;Público 35-50 | Interesses Investimentos;AD004;Video_Lucas_Apresentacao_v2;Video;Apresentação;instagram;4725;88;24,27;0,28;5,14;1,866;3;0;291,00;11,99;3313;1,56;1336
2024-06-06;CAMP001;Finanças do Zero | Perpétuo | Conversão;CONVERSIONS;AS002;Público 35-50 | Interesses Investimentos;AD004;Video_Lucas_Apresentacao_v2;Video;Apresentação;instagram;5975;113;22,32;0,20;3,74;1,898;4;0;388,00;17,38;4400;1,30;1746
2024-06-07;CAMP001;Finanças do Zero | Perpétuo | Conversão;CONVERSIONS;AS002;Público 35-50 | Interesses Investimentos;AD004;Video_Lucas_Apresentacao_v2;Video;Apresentação;instagram;5201;90;23,12;0,26;4,44;1,737;3;0;291,00;12,59;3450;1,67;1636
2024-06-08;CAMP001;Finanças do Zero | Perpétuo | Conversão;CONVERSIONS;AS002;Público 35-50 | Interesses Investimentos;AD004;Video_Lucas_Apresentacao_v2;Video;Apresentação;facebook;5189;89;21,03;0,24;4,05;1,723;3;0;291,00;13,84;4169;1,30;1600
2024-06-09;CAMP001;Finanças do Zero | Perpétuo | Conversão;CONVERSIONS;AS002;Público 35-50 | Interesses Investimentos;AD004;Video_Lucas_Apresentacao_v2;Video;Apresentação;facebook;4280;81;21,11;0,26;4,93;1,896;3;0;291,00;13,78;3426;1,45;1250
2024-06-10;CAMP001;Finanças do Zero | Perpétuo | Conversão;CONVERSIONS;AS002;Público 35-50 | Interesses Investimentos;AD004;Video_Lucas_Apresentacao_v2;Video;Apresentação;instagram;5545;101;26,29;0,26;4,74;1,837;2;0;194,00;7,38;3935;1,15;1611
2024-06-11;CAMP001;Finanças do Zero | Perpétuo | Conversão;CONVERSIONS;AS002;Público 35-50 | Interesses Investimentos;AD004;Video_Lucas_Apresentacao_v2;Video;Apresentação;facebook;4071;70;24,76;0,35;6,08;1,724;2;0;194,00;7,84;3327;1,35;1247
2024-06-12;CAMP001;Finanças do Zero | Perpétuo | Conversão;CONVERSIONS;AS002;Público 35-50 | Interesses Investimentos;AD004;Video_Lucas_Apresentacao_v2;Video;Apresentação;instagram;5020;91;20,69;0,23;4,12;1,820;3;0;291,00;14,06;3936;1,43;1376
2024-06-13;CAMP001;Finanças do Zero | Perpétuo | Conversão;CONVERSIONS;AS002;Público 35-50 | Interesses Investimentos;AD004;Video_Lucas_Apresentacao_v2;Video;Apresentação;facebook;6316;126;23,87;0,19;3,78;1,998;4;0;388,00;16,25;4377;1,55;1880
2024-06-14;CAMP001;Finanças do Zero | Perpétuo | Conversão;CONVERSIONS;AS002;Público 35-50 | Interesses Investimentos;AD004;Video_Lucas_Apresentacao_v2;Video;Apresentação;facebook;4670;79;22,03;0,28;4,72;1,694;3;0;291,00;13,21;3622;1,13;1376
2024-06-15;CAMP001;Finanças do Zero | Perpétuo | Conversão;CONVERSIONS;AS002;Público 35-50 | Interesses Investimentos;AD004;Video_Lucas_Apresentacao_v2;Video;Apresentação;facebook;7021;141;22,39;0,16;3,19;2,012;4;0;388,00;17,33;5846;1,44;2294
2024-06-16;CAMP001;Finanças do Zero | Perpétuo | Conversão;CONVERSIONS;AS002;Público 35-50 | Interesses Investimentos;AD004;Video_Lucas_Apresentacao_v2;Video;Apresentação;facebook;4955;79;21,46;0,27;4,33;1,613;2;0;194,00;9,04;3744;1,17;1593
2024-06-17;CAMP001;Finanças do Zero | Perpétuo | Conversão;CONVERSIONS;AS002;Público 35-50 | Interesses Investimentos;AD004;Video_Lucas_Apresentacao_v2;Video;Apresentação;instagram;4774;96;23,57;0,25;4,94;2,013;3;0;291,00;12,35;3853;1,55;1420
2024-06-18;CAMP001;Finanças do Zero | Perpétuo | Conversão;CONVERSIONS;AS002;Público 35-50 | Interesses Investimentos;AD004;Video_Lucas_Apresentacao_v2;Video;Apresentação;instagram;5936;98;22,24;0,23;3,75;1,662;3;0;291,00;13,08;4868;1,37;1738
2024-06-19;CAMP001;Finanças do Zero | Perpétuo | Conversão;CONVERSIONS;AS002;Público 35-50 | Interesses Investimentos;AD004;Video_Lucas_Apresentacao_v2;Video;Apresentação;instagram;4754;81;17,77;0,22;3,74;1,723;2;0;194,00;10,92;3593;1,60;1478
2024-06-20;CAMP001;Finanças do Zero | Perpétuo | Conversão;CONVERSIONS;AS002;Público 35-50 | Interesses Investimentos;AD004;Video_Lucas_Apresentacao_v2;Video;Apresentação;facebook;5684;107;21,53;0,20;3,79;1,893;3;0;291,00;13,52;3962;1,23;1574
2024-06-21;CAMP001;Finanças do Zero | Perpétuo | Conversão;CONVERSIONS;AS002;Público 35-50 | Interesses Investimentos;AD004;Video_Lucas_Apresentacao_v2;Video;Apresentação;instagram;4886;88;20,05;0,23;4,10;1,817;3;0;291,00;14,51;4041;1,30;1521
2024-06-22;CAMP001;Finanças do Zero | Perpétuo | Conversão;CONVERSIONS;AS002;Público 35-50 | Interesses Investimentos;AD004;Video_Lucas_Apresentacao_v2;Video;Apresentação;instagram;4751;94;20,26;0,22;4,26;1,981;3;0;291,00;14,36;3240;1,14;1578
2024-06-23;CAMP001;Finanças do Zero | Perpétuo | Conversão;CONVERSIONS;AS002;Público 35-50 | Interesses Investimentos;AD004;Video_Lucas_Apresentacao_v2;Video;Apresentação;instagram;5980;95;19,22;0,20;3,21;1,605;3;0;291,00;15,14;4582;1,23;1632
2024-06-24;CAMP001;Finanças do Zero | Perpétuo | Conversão;CONVERSIONS;AS002;Público 35-50 | Interesses Investimentos;AD004;Video_Lucas_Apresentacao_v2;Video;Apresentação;instagram;5543;91;23,68;0,26;4,27;1,654;2;0;194,00;8,19;4406;1,65;1589
2024-06-25;CAMP001;Finanças do Zero | Perpétuo | Conversão;CONVERSIONS;AS002;Público 35-50 | Interesses Investimentos;AD004;Video_Lucas_Apresentacao_v2;Video;Apresentação;facebook;5859;99;18,97;0,19;3,24;1,694;2;0;194,00;10,23;4267;1,38;1723
2024-06-26;CAMP001;Finanças do Zero | Perpétuo | Conversão;CONVERSIONS;AS002;Público 35-50 | Interesses Investimentos;AD004;Video_Lucas_Apresentacao_v2;Video;Apresentação;facebook;4324;69;22,47;0,33;5,20;1,612;2;0;194,00;8,63;3631;1,49;1167
2024-06-27;CAMP001;Finanças do Zero | Perpétuo | Conversão;CONVERSIONS;AS002;Público 35-50 | Interesses Investimentos;AD004;Video_Lucas_Apresentacao_v2;Video;Apresentação;facebook;4769;81;24,31;0,30;5,10;1,703;3;0;291,00;11,97;3874;1,30;1319
2024-06-28;CAMP001;Finanças do Zero | Perpétuo | Conversão;CONVERSIONS;AS002;Público 35-50 | Interesses Investimentos;AD004;Video_Lucas_Apresentacao_v2;Video;Apresentação;instagram;3962;63;18,57;0,29;4,69;1,601;2;0;194,00;10,45;2880;1,24;1164
2024-06-29;CAMP001;Finanças do Zero | Perpétuo | Conversão;CONVERSIONS;AS002;Público 35-50 | Interesses Investimentos;AD004;Video_Lucas_Apresentacao_v2;Video;Apresentação;facebook;4663;88;23,79;0,27;5,10;1,905;3;0;291,00;12,23;3737;1,22;1241
2024-06-30;CAMP001;Finanças do Zero | Perpétuo | Conversão;CONVERSIONS;AS002;Público 35-50 | Interesses Investimentos;AD004;Video_Lucas_Apresentacao_v2;Video;Apresentação;facebook;4628;85;23,44;0,28;5,06;1,853;2;0;194,00;8,28;3794;1,13;1233
2024-07-01;CAMP001;Finanças do Zero | Perpétuo | Conversão;CONVERSIONS;AS002;Público 35-50 | Interesses Investimentos;AD004;Video_Lucas_Apresentacao_v2;Video;Apresentação;facebook;11935;219;47,90;0,22;4,01;1,843;12;0;1164,00;24,30;8626;1,21;3342
2024-07-02;CAMP001;Finanças do Zero | Perpétuo | Conversão;CONVERSIONS;AS002;Público 35-50 | Interesses Investimentos;AD004;Video_Lucas_Apresentacao_v2;Video;Apresentação;facebook;9417;166;44,97;0,27;4,78;1,763;10;0;970,00;21,57;6743;1,37;2804
2024-07-03;CAMP001;Finanças do Zero | Perpétuo | Conversão;CONVERSIONS;AS002;Público 35-50 | Interesses Investimentos;AD004;Video_Lucas_Apresentacao_v2;Video;Apresentação;facebook;10466;193;50,63;0,26;4,84;1,849;11;0;1067,00;21,07;7144;1,39;3150
2024-07-04;CAMP001;Finanças do Zero | Perpétuo | Conversão;CONVERSIONS;AS002;Público 35-50 | Interesses Investimentos;AD004;Video_Lucas_Apresentacao_v2;Video;Apresentação;facebook;10794;204;56,65;0,28;5,25;1,894;10;0;970,00;17,12;7563;1,46;2993
2024-07-05;CAMP001;Finanças do Zero | Perpétuo | Conversão;CONVERSIONS;AS002;Público 35-50 | Interesses Investimentos;AD004;Video_Lucas_Apresentacao_v2;Video;Apresentação;facebook;13028;235;57,18;0,24;4,39;1,809;13;0;1261,00;22,05;9367;1,61;3790
2024-07-06;CAMP001;Finanças do Zero | Perpétuo | Conversão;CONVERSIONS;AS002;Público 35-50 | Interesses Investimentos;AD004;Video_Lucas_Apresentacao_v2;Video;Apresentação;facebook;14355;276;55,31;0,20;3,85;1,930;16;0;1552,00;28,06;9511;1,56;4445
2024-07-07;CAMP001;Finanças do Zero | Perpétuo | Conversão;CONVERSIONS;AS002;Público 35-50 | Interesses Investimentos;AD004;Video_Lucas_Apresentacao_v2;Video;Apresentação;instagram;13388;239;59,47;0,25;4,44;1,792;15;0;1455,00;24,47;9925;1,23;3741
2024-07-08;CAMP001;Finanças do Zero | Perpétuo | Conversão;CONVERSIONS;AS002;Público 35-50 | Interesses Investimentos;AD004;Video_Lucas_Apresentacao_v2;Video;Apresentação;facebook;15079;288;67,02;0,23;4,44;1,916;18;0;1746,00;26,05;10645;1,31;4856
2024-07-09;CAMP001;Finanças do Zero | Perpétuo | Conversão;CONVERSIONS;AS002;Público 35-50 | Interesses Investimentos;AD004;Video_Lucas_Apresentacao_v2;Video;Apresentação;instagram;18525;320;78,95;0,25;4,26;1,732;18;0;1746,00;22,12;13648;1,16;4924
2024-07-10;CAMP001;Finanças do Zero | Perpétuo | Conversão;CONVERSIONS;AS002;Público 35-50 | Interesses Investimentos;AD004;Video_Lucas_Apresentacao_v2;Video;Apresentação;instagram;17920;293;91,63;0,31;5,11;1,636;17;0;1649,00;18,00;12817;1,19;5293
2024-07-11;CAMP001;Finanças do Zero | Perpétuo | Conversão;CONVERSIONS;AS002;Público 35-50 | Interesses Investimentos;AD004;Video_Lucas_Apresentacao_v2;Video;Apresentação;facebook;21022;369;102,73;0,28;4,89;1,756;24;0;2328,00;22,66;14410;1,68;6579
2024-07-12;CAMP001;Finanças do Zero | Perpétuo | Conversão;CONVERSIONS;AS002;Público 35-50 | Interesses Investimentos;AD004;Video_Lucas_Apresentacao_v2;Video;Apresentação;facebook;22364;429;106,34;0,25;4,75;1,921;24;0;2328,00;21,89;17981;1,42;6488
2024-07-13;CAMP001;Finanças do Zero | Perpétuo | Conversão;CONVERSIONS;AS002;Público 35-50 | Interesses Investimentos;AD004;Video_Lucas_Apresentacao_v2;Video;Apresentação;facebook;27159;441;95,18;0,22;3,50;1,627;21;0;2037,00;21,40;22047;1,48;8638
2024-07-14;CAMP001;Finanças do Zero | Perpétuo | Conversão;CONVERSIONS;AS002;Público 35-50 | Interesses Investimentos;AD004;Video_Lucas_Apresentacao_v2;Video;Apresentação;instagram;28035;477;108,18;0,23;3,86;1,704;31;0;3007,00;27,80;20470;1,65;8454
2024-07-15;CAMP001;Finanças do Zero | Perpétuo | Conversão;CONVERSIONS;AS002;Público 35-50 | Interesses Investimentos;AD004;Video_Lucas_Apresentacao_v2;Video;Apresentação;instagram;23518;403;113,66;0,28;4,83;1,714;18;0;1746,00;15,36;16405;1,52;7450
2024-07-16;CAMP001;Finanças do Zero | Perpétuo | Conversão;CONVERSIONS;AS002;Público 35-50 | Interesses Investimentos;AD004;Video_Lucas_Apresentacao_v2;Video;Apresentação;facebook;22019;394;101,55;0,26;4,61;1,792;19;0;1843,00;18,15;16083;1,66;6065
2024-07-17;CAMP001;Finanças do Zero | Perpétuo | Conversão;CONVERSIONS;AS002;Público 35-50 | Interesses Investimentos;AD004;Video_Lucas_Apresentacao_v2;Video;Apresentação;instagram;23119;388;99,19;0,26;4,29;1,682;25;0;2425,00;24,45;15772;1,20;7334
2024-07-18;CAMP001;Finanças do Zero | Perpétuo | Conversão;CONVERSIONS;AS002;Público 35-50 | Interesses Investimentos;AD004;Video_Lucas_Apresentacao_v2;Video;Apresentação;instagram;21120;403;114,23;0,28;5,41;1,913;18;0;1746,00;15,28;15932;1,19;6749
2024-07-19;CAMP001;Finanças do Zero | Perpétuo | Conversão;CONVERSIONS;AS002;Público 35-50 | Interesses Investimentos;AD004;Video_Lucas_Apresentacao_v2;Video;Apresentação;instagram;18839;342;101,38;0,30;5,38;1,818;19;0;1843,00;18,18;15401;1,21;6261
2024-07-20;CAMP001;Finanças do Zero | Perpétuo | Conversão;CONVERSIONS;AS002;Público 35-50 | Interesses Investimentos;AD004;Video_Lucas_Apresentacao_v2;Video;Apresentação;instagram;18567;328;77,05;0,23;4,15;1,768;15;0;1455,00;18,88;14789;1,52;5201
2024-07-21;CAMP001;Finanças do Zero | Perpétuo | Conversão;CONVERSIONS;AS002;Público 35-50 | Interesses Investimentos;AD004;Video_Lucas_Apresentacao_v2;Video;Apresentação;instagram;19745;343;70,51;0,21;3,57;1,741;22;0;2134,00;30,27;14530;1,49;6119
2024-07-22;CAMP001;Finanças do Zero | Perpétuo | Conversão;CONVERSIONS;AS002;Público 35-50 | Interesses Investimentos;AD004;Video_Lucas_Apresentacao_v2;Video;Apresentação;instagram;16396;277;70,77;0,26;4,32;1,693;15;0;1455,00;20,56;13722;1,36;4426
2024-07-23;CAMP001;Finanças do Zero | Perpétuo | Conversão;CONVERSIONS;AS002;Público 35-50 | Interesses Investimentos;AD004;Video_Lucas_Apresentacao_v2;Video;Apresentação;instagram;13785;253;56,31;0,22;4,09;1,839;15;0;1455,00;25,84;10489;1,18;4470
2024-07-24;CAMP001;Finanças do Zero | Perpétuo | Conversão;CONVERSIONS;AS002;Público 35-50 | Interesses Investimentos;AD004;Video_Lucas_Apresentacao_v2;Video;Apresentação;facebook;14148;260;53,80;0,21;3,80;1,844;15;0;1455,00;27,04;10803;1,56;3854
2024-07-25;CAMP001;Finanças do Zero | Perpétuo | Conversão;CONVERSIONS;AS002;Público 35-50 | Interesses Investimentos;AD004;Video_Lucas_Apresentacao_v2;Video;Apresentação;instagram;12665;223;61,74;0,28;4,87;1,766;11;0;1067,00;17,28;9834;1,54;3745
2024-07-26;CAMP001;Finanças do Zero | Perpétuo | Conversão;CONVERSIONS;AS002;Público 35-50 | Interesses Investimentos;AD004;Video_Lucas_Apresentacao_v2;Video;Apresentação;facebook;11695;225;48,20;0,21;4,12;1,932;13;0;1261,00;26,16;8173;1,36;3239
2024-07-27;CAMP001;Finanças do Zero | Perpétuo | Conversão;CONVERSIONS;AS002;Público 35-50 | Interesses Investimentos;AD004;Video_Lucas_Apresentacao_v2;Video;Apresentação;instagram;9952;158;48,16;0,30;4,84;1,596;8;0;776,00;16,11;8034;1,62;2873
2024-07-28;CAMP001;Finanças do Zero | Perpétuo | Conversão;CONVERSIONS;AS002;Público 35-50 | Interesses Investimentos;AD004;Video_Lucas_Apresentacao_v2;Video;Apresentação;facebook;10414;185;45,91;0,25;4,41;1,782;12;0;1164,00;25,35;7265;1,27;3327
2024-07-29;CAMP001;Finanças do Zero | Perpétuo | Conversão;CONVERSIONS;AS002;Público 35-50 | Interesses Investimentos;AD004;Video_Lucas_Apresentacao_v2;Video;Apresentação;instagram;9492;183;44,16;0,24;4,65;1,936;11;0;1067,00;24,16;6865;1,60;2873
2024-07-30;CAMP001;Finanças do Zero | Perpétuo | Conversão;CONVERSIONS;AS002;Público 35-50 | Interesses Investimentos;AD004;Video_Lucas_Apresentacao_v2;Video;Apresentação;instagram;12694;251;45,77;0,18;3,61;1,979;11;0;1067,00;23,31;9839;1,35;4042
2024-07-31;CAMP001;Finanças do Zero | Perpétuo | Conversão;CONVERSIONS;AS002;Público 35-50 | Interesses Investimentos;AD004;Video_Lucas_Apresentacao_v2;Video;Apresentação;facebook;10909;193;39,61;0,21;3,63;1,773;10;0;970,00;24,49;7833;1,21;2967
2024-08-01;CAMP001;Finanças do Zero | Perpétuo | Conversão;CONVERSIONS;AS002;Público 35-50 | Interesses Investimentos;AD004;Video_Lucas_Apresentacao_v2;Video;Apresentação;facebook;6310;120;22,55;0,19;3,57;1,911;4;0;388,00;17,21;4390;1,34;1706
2024-08-02;CAMP001;Finanças do Zero | Perpétuo | Conversão;CONVERSIONS;AS002;Público 35-50 | Interesses Investimentos;AD004;Video_Lucas_Apresentacao_v2;Video;Apresentação;instagram;5836;110;21,05;0,19;3,61;1,893;3;0;291,00;13,82;3960;1,34;1942
2024-08-03;CAMP001;Finanças do Zero | Perpétuo | Conversão;CONVERSIONS;AS002;Público 35-50 | Interesses Investimentos;AD004;Video_Lucas_Apresentacao_v2;Video;Apresentação;facebook;6588;106;26,22;0,25;3,98;1,620;4;0;388,00;14,80;4639;1,37;1812
2024-08-04;CAMP001;Finanças do Zero | Perpétuo | Conversão;CONVERSIONS;AS002;Público 35-50 | Interesses Investimentos;AD004;Video_Lucas_Apresentacao_v2;Video;Apresentação;facebook;4573;76;28,07;0,37;6,14;1,679;3;0;291,00;10,37;3137;1,37;1304
2024-08-05;CAMP001;Finanças do Zero | Perpétuo | Conversão;CONVERSIONS;AS002;Público 35-50 | Interesses Investimentos;AD004;Video_Lucas_Apresentacao_v2;Video;Apresentação;facebook;6413;116;23,88;0,21;3,72;1,824;4;0;388,00;16,25;5211;1,23;1961
2024-08-06;CAMP001;Finanças do Zero | Perpétuo | Conversão;CONVERSIONS;AS002;Público 35-50 | Interesses Investimentos;AD004;Video_Lucas_Apresentacao_v2;Video;Apresentação;instagram;6734;127;23,80;0,19;3,53;1,889;5;0;485,00;20,38;4967;1,57;1954
2024-08-07;CAMP001;Finanças do Zero | Perpétuo | Conversão;CONVERSIONS;AS002;Público 35-50 | Interesses Investimentos;AD004;Video_Lucas_Apresentacao_v2;Video;Apresentação;facebook;4935;92;21,59;0,23;4,37;1,883;2;0;194,00;8,99;3963;1,58;1508
2024-08-08;CAMP001;Finanças do Zero | Perpétuo | Conversão;CONVERSIONS;AS002;Público 35-50 | Interesses Investimentos;AD004;Video_Lucas_Apresentacao_v2;Video;Apresentação;facebook;5974;108;20,67;0,19;3,46;1,815;3;0;291,00;14,08;4717;1,58;1885
2024-08-09;CAMP001;Finanças do Zero | Perpétuo | Conversão;CONVERSIONS;AS002;Público 35-50 | Interesses Investimentos;AD004;Video_Lucas_Apresentacao_v2;Video;Apresentação;instagram;5928;108;22,37;0,21;3,77;1,832;3;0;291,00;13,01;4543;1,47;1592
2024-08-10;CAMP001;Finanças do Zero | Perpétuo | Conversão;CONVERSIONS;AS002;Público 35-50 | Interesses Investimentos;AD004;Video_Lucas_Apresentacao_v2;Video;Apresentação;facebook;4828;95;27,80;0,29;5,76;1,971;3;0;291,00;10,47;3779;1,52;1297
2024-08-11;CAMP001;Finanças do Zero | Perpétuo | Conversão;CONVERSIONS;AS002;Público 35-50 | Interesses Investimentos;AD004;Video_Lucas_Apresentacao_v2;Video;Apresentação;facebook;6623;125;26,62;0,21;4,02;1,892;4;0;388,00;14,58;5546;1,51;1851
2024-08-12;CAMP001;Finanças do Zero | Perpétuo | Conversão;CONVERSIONS;AS002;Público 35-50 | Interesses Investimentos;AD004;Video_Lucas_Apresentacao_v2;Video;Apresentação;facebook;5250;96;20,67;0,22;3,94;1,830;3;0;291,00;14,08;4189;1,65;1756
2024-08-13;CAMP001;Finanças do Zero | Perpétuo | Conversão;CONVERSIONS;AS002;Público 35-50 | Interesses Investimentos;AD004;Video_Lucas_Apresentacao_v2;Video;Apresentação;facebook;6595;125;19,87;0,16;3,01;1,910;4;0;388,00;19,53;5081;1,55;1992
2024-08-14;CAMP001;Finanças do Zero | Perpétuo | Conversão;CONVERSIONS;AS002;Público 35-50 | Interesses Investimentos;AD004;Video_Lucas_Apresentacao_v2;Video;Apresentação;instagram;5474;104;23,57;0,23;4,31;1,912;3;0;291,00;12,35;4330;1,22;1575
2024-08-15;CAMP001;Finanças do Zero | Perpétuo | Conversão;CONVERSIONS;AS002;Público 35-50 | Interesses Investimentos;AD004;Video_Lucas_Apresentacao_v2;Video;Apresentação;instagram;4544;87;20,55;0,24;4,52;1,932;2;0;194,00;9,44;3148;1,39;1301
2024-08-16;CAMP001;Finanças do Zero | Perpétuo | Conversão;CONVERSIONS;AS002;Público 35-50 | Interesses Investimentos;AD004;Video_Lucas_Apresentacao_v2;Video;Apresentação;facebook;4218;71;18,14;0,26;4,30;1,697;2;0;194,00;10,69;3041;1,32;1341
2024-08-17;CAMP001;Finanças do Zero | Perpétuo | Conversão;CONVERSIONS;AS002;Público 35-50 | Interesses Investimentos;AD004;Video_Lucas_Apresentacao_v2;Video;Apresentação;facebook;4502;72;26,91;0,37;5,98;1,610;2;0;194,00;7,21;2975;1,21;1313
2024-08-18;CAMP001;Finanças do Zero | Perpétuo | Conversão;CONVERSIONS;AS002;Público 35-50 | Interesses Investimentos;AD004;Video_Lucas_Apresentacao_v2;Video;Apresentação;facebook;5839;116;23,10;0,20;3,96;1,997;3;0;291,00;12,60;4416;1,47;1951
2024-08-19;CAMP001;Finanças do Zero | Perpétuo | Conversão;CONVERSIONS;AS002;Público 35-50 | Interesses Investimentos;AD004;Video_Lucas_Apresentacao_v2;Video;Apresentação;facebook;4484;74;19,10;0,26;4,26;1,660;2;0;194,00;10,16;3368;1,59;1446
2024-08-20;CAMP001;Finanças do Zero | Perpétuo | Conversão;CONVERSIONS;AS002;Público 35-50 | Interesses Investimentos;AD004;Video_Lucas_Apresentacao_v2;Video;Apresentação;instagram;5754;110;23,52;0,21;4,09;1,927;3;0;291,00;12,37;3909;1,64;1802
2024-08-21;CAMP001;Finanças do Zero | Perpétuo | Conversão;CONVERSIONS;AS002;Público 35-50 | Interesses Investimentos;AD004;Video_Lucas_Apresentacao_v2;Video;Apresentação;instagram;3960;65;20,63;0,32;5,21;1,651;2;0;194,00;9,40;3275;1,31;1201
2024-08-22;CAMP001;Finanças do Zero | Perpétuo | Conversão;CONVERSIONS;AS002;Público 35-50 | Interesses Investimentos;AD004;Video_Lucas_Apresentacao_v2;Video;Apresentação;instagram;4330;74;21,50;0,29;4,96;1,730;2;0;194,00;9,02;3004;1,25;1269
2024-08-23;CAMP001;Finanças do Zero | Perpétuo | Conversão;CONVERSIONS;AS002;Público 35-50 | Interesses Investimentos;AD004;Video_Lucas_Apresentacao_v2;Video;Apresentação;facebook;6299;124;22,63;0,18;3,59;1,977;4;0;388,00;17,15;5118;1,59;1704
2024-08-24;CAMP001;Finanças do Zero | Perpétuo | Conversão;CONVERSIONS;AS002;Público 35-50 | Interesses Investimentos;AD004;Video_Lucas_Apresentacao_v2;Video;Apresentação;instagram;6846;123;26,08;0,21;3,81;1,809;4;0;388,00;14,88;4913;1,48;2028
2024-08-25;CAMP001;Finanças do Zero | Perpétuo | Conversão;CONVERSIONS;AS002;Público 35-50 | Interesses Investimentos;AD004;Video_Lucas_Apresentacao_v2;Video;Apresentação;instagram;5995;97;21,90;0,23;3,65;1,620;2;0;194,00;8,86;4614;1,18;1714
2024-08-26;CAMP001;Finanças do Zero | Perpétuo | Conversão;CONVERSIONS;AS002;Público 35-50 | Interesses Investimentos;AD004;Video_Lucas_Apresentacao_v2;Video;Apresentação;instagram;6673;120;25,54;0,21;3,83;1,812;3;0;291,00;11,39;5475;1,65;2120
2024-08-27;CAMP001;Finanças do Zero | Perpétuo | Conversão;CONVERSIONS;AS002;Público 35-50 | Interesses Investimentos;AD004;Video_Lucas_Apresentacao_v2;Video;Apresentação;instagram;4179;66;19,77;0,30;4,73;1,596;2;0;194,00;9,81;3483;1,34;1119
2024-08-28;CAMP001;Finanças do Zero | Perpétuo | Conversão;CONVERSIONS;AS002;Público 35-50 | Interesses Investimentos;AD004;Video_Lucas_Apresentacao_v2;Video;Apresentação;facebook;6643;110;23,64;0,21;3,56;1,661;3;0;291,00;12,31;4502;1,51;2208
2024-08-29;CAMP001;Finanças do Zero | Perpétuo | Conversão;CONVERSIONS;AS002;Público 35-50 | Interesses Investimentos;AD004;Video_Lucas_Apresentacao_v2;Video;Apresentação;instagram;5378;89;22,16;0,25;4,12;1,673;3;0;291,00;13,13;3748;1,13;1686
2024-08-30;CAMP001;Finanças do Zero | Perpétuo | Conversão;CONVERSIONS;AS002;Público 35-50 | Interesses Investimentos;AD004;Video_Lucas_Apresentacao_v2;Video;Apresentação;facebook;4064;78;25,83;0,33;6,36;1,943;3;0;291,00;11,27;2954;1,67;1318
2024-08-31;CAMP001;Finanças do Zero | Perpétuo | Conversão;CONVERSIONS;AS002;Público 35-50 | Interesses Investimentos;AD004;Video_Lucas_Apresentacao_v2;Video;Apresentação;instagram;3894;76;22,22;0,29;5,71;1,965;2;0;194,00;8,73;2713;1,44;1274
2024-09-01;CAMP001;Finanças do Zero | Perpétuo | Conversão;CONVERSIONS;AS002;Público 35-50 | Interesses Investimentos;AD004;Video_Lucas_Apresentacao_v2;Video;Apresentação;instagram;5567;98;25,17;0,26;4,52;1,763;3;0;291,00;11,56;3928;1,62;1473
2024-09-02;CAMP001;Finanças do Zero | Perpétuo | Conversão;CONVERSIONS;AS002;Público 35-50 | Interesses Investimentos;AD004;Video_Lucas_Apresentacao_v2;Video;Apresentação;facebook;4531;85;21,06;0,25;4,65;1,882;2;0;194,00;9,21;3726;1,18;1355
2024-09-03;CAMP001;Finanças do Zero | Perpétuo | Conversão;CONVERSIONS;AS002;Público 35-50 | Interesses Investimentos;AD004;Video_Lucas_Apresentacao_v2;Video;Apresentação;instagram;4806;90;19,23;0,21;4,00;1,878;3;0;291,00;15,13;3418;1,34;1466
2024-09-04;CAMP001;Finanças do Zero | Perpétuo | Conversão;CONVERSIONS;AS002;Público 35-50 | Interesses Investimentos;AD004;Video_Lucas_Apresentacao_v2;Video;Apresentação;facebook;4141;82;21,87;0,27;5,28;1,994;2;0;194,00;8,87;3119;1,40;1103
2024-09-05;CAMP001;Finanças do Zero | Perpétuo | Conversão;CONVERSIONS;AS002;Público 35-50 | Interesses Investimentos;AD004;Video_Lucas_Apresentacao_v2;Video;Apresentação;instagram;3736;60;21,40;0,36;5,73;1,620;2;0;194,00;9,07;2879;1,16;1104
2024-09-06;CAMP001;Finanças do Zero | Perpétuo | Conversão;CONVERSIONS;AS002;Público 35-50 | Interesses Investimentos;AD004;Video_Lucas_Apresentacao_v2;Video;Apresentação;instagram;4309;82;22,31;0,27;5,18;1,915;2;0;194,00;8,70;2877;1,24;1141
2024-09-07;CAMP001;Finanças do Zero | Perpétuo | Conversão;CONVERSIONS;AS002;Público 35-50 | Interesses Investimentos;AD004;Video_Lucas_Apresentacao_v2;Video;Apresentação;instagram;5571;99;20,55;0,21;3,69;1,784;4;0;388,00;18,88;3830;1,15;1587
2024-09-08;CAMP001;Finanças do Zero | Perpétuo | Conversão;CONVERSIONS;AS002;Público 35-50 | Interesses Investimentos;AD004;Video_Lucas_Apresentacao_v2;Video;Apresentação;facebook;4001;70;22,59;0,32;5,65;1,774;2;0;194,00;8,59;3073;1,16;1139
2024-09-09;CAMP001;Finanças do Zero | Perpétuo | Conversão;CONVERSIONS;AS002;Público 35-50 | Interesses Investimentos;AD004;Video_Lucas_Apresentacao_v2;Video;Apresentação;facebook;4556;73;18,41;0,25;4,04;1,612;2;0;194,00;10,54;3600;1,13;1308
2024-09-10;CAMP001;Finanças do Zero | Perpétuo | Conversão;CONVERSIONS;AS002;Público 35-50 | Interesses Investimentos;AD004;Video_Lucas_Apresentacao_v2;Video;Apresentação;facebook;5543;87;17,32;0,20;3,12;1,585;2;0;194,00;11,20;4513;1,34;1767
2024-09-11;CAMP001;Finanças do Zero | Perpétuo | Conversão;CONVERSIONS;AS002;Público 35-50 | Interesses Investimentos;AD004;Video_Lucas_Apresentacao_v2;Video;Apresentação;instagram;4074;72;21,16;0,29;5,19;1,790;2;0;194,00;9,17;3018;1,34;1294
2024-09-12;CAMP001;Finanças do Zero | Perpétuo | Conversão;CONVERSIONS;AS002;Público 35-50 | Interesses Investimentos;AD004;Video_Lucas_Apresentacao_v2;Video;Apresentação;instagram;5359;95;25,77;0,27;4,81;1,781;3;0;291,00;11,29;3752;1,21;1525
2024-09-13;CAMP001;Finanças do Zero | Perpétuo | Conversão;CONVERSIONS;AS002;Público 35-50 | Interesses Investimentos;AD004;Video_Lucas_Apresentacao_v2;Video;Apresentação;instagram;6272;103;21,97;0,21;3,50;1,653;3;0;291,00;13,25;4302;1,36;1863
2024-09-14;CAMP001;Finanças do Zero | Perpétuo | Conversão;CONVERSIONS;AS002;Público 35-50 | Interesses Investimentos;AD004;Video_Lucas_Apresentacao_v2;Video;Apresentação;instagram;5588;108;24,94;0,23;4,46;1,947;3;0;291,00;11,67;4576;1,65;1660
2024-09-15;CAMP001;Finanças do Zero | Perpétuo | Conversão;CONVERSIONS;AS002;Público 35-50 | Interesses Investimentos;AD004;Video_Lucas_Apresentacao_v2;Video;Apresentação;facebook;6556;122;23,10;0,19;3,52;1,871;3;0;291,00;12,60;4582;1,42;1820
2024-09-16;CAMP001;Finanças do Zero | Perpétuo | Conversão;CONVERSIONS;AS002;Público 35-50 | Interesses Investimentos;AD004;Video_Lucas_Apresentacao_v2;Video;Apresentação;instagram;5684;112;21,06;0,19;3,71;1,973;3;0;291,00;13,82;4134;1,55;1626
2024-09-17;CAMP001;Finanças do Zero | Perpétuo | Conversão;CONVERSIONS;AS002;Público 35-50 | Interesses Investimentos;AD004;Video_Lucas_Apresentacao_v2;Video;Apresentação;instagram;4938;97;21,29;0,22;4,31;1,975;4;0;388,00;18,22;3304;1,61;1380
2024-09-18;CAMP001;Finanças do Zero | Perpétuo | Conversão;CONVERSIONS;AS002;Público 35-50 | Interesses Investimentos;AD004;Video_Lucas_Apresentacao_v2;Video;Apresentação;instagram;4256;70;22,47;0,32;5,28;1,662;2;0;194,00;8,63;3243;1,51;1176
2024-09-19;CAMP001;Finanças do Zero | Perpétuo | Conversão;CONVERSIONS;AS002;Público 35-50 | Interesses Investimentos;AD004;Video_Lucas_Apresentacao_v2;Video;Apresentação;instagram;6513;119;25,50;0,21;3,92;1,832;4;0;388,00;15,22;4847;1,20;2126
2024-09-20;CAMP001;Finanças do Zero | Perpétuo | Conversão;CONVERSIONS;AS002;Público 35-50 | Interesses Investimentos;AD004;Video_Lucas_Apresentacao_v2;Video;Apresentação;facebook;5258;97;22,23;0,23;4,23;1,849;3;0;291,00;13,09;4215;1,61;1420
2024-09-21;CAMP001;Finanças do Zero | Perpétuo | Conversão;CONVERSIONS;AS002;Público 35-50 | Interesses Investimentos;AD004;Video_Lucas_Apresentacao_v2;Video;Apresentação;facebook;5095;87;23,26;0,27;4,56;1,719;3;0;291,00;12,51;4241;1,23;1457
2024-09-22;CAMP001;Finanças do Zero | Perpétuo | Conversão;CONVERSIONS;AS002;Público 35-50 | Interesses Investimentos;AD004;Video_Lucas_Apresentacao_v2;Video;Apresentação;instagram;5043;89;23,89;0,27;4,74;1,777;2;0;194,00;8,12;3420;1,22;1535
2024-09-23;CAMP001;Finanças do Zero | Perpétuo | Conversão;CONVERSIONS;AS002;Público 35-50 | Interesses Investimentos;AD004;Video_Lucas_Apresentacao_v2;Video;Apresentação;instagram;4632;85;24,41;0,29;5,27;1,851;2;0;194,00;7,95;3640;1,43;1316
2024-09-24;CAMP001;Finanças do Zero | Perpétuo | Conversão;CONVERSIONS;AS002;Público 35-50 | Interesses Investimentos;AD004;Video_Lucas_Apresentacao_v2;Video;Apresentação;instagram;4452;88;26,51;0,30;5,95;1,977;2;0;194,00;7,32;3317;1,14;1328
2024-09-25;CAMP001;Finanças do Zero | Perpétuo | Conversão;CONVERSIONS;AS002;Público 35-50 | Interesses Investimentos;AD004;Video_Lucas_Apresentacao_v2;Video;Apresentação;facebook;6268;111;22,74;0,20;3,63;1,774;3;0;291,00;12,80;5231;1,37;2081
2024-09-26;CAMP001;Finanças do Zero | Perpétuo | Conversão;CONVERSIONS;AS002;Público 35-50 | Interesses Investimentos;AD004;Video_Lucas_Apresentacao_v2;Video;Apresentação;instagram;6736;108;24,54;0,23;3,64;1,614;3;0;291,00;11,86;5557;1,29;1832
2024-09-27;CAMP001;Finanças do Zero | Perpétuo | Conversão;CONVERSIONS;AS002;Público 35-50 | Interesses Investimentos;AD004;Video_Lucas_Apresentacao_v2;Video;Apresentação;instagram;6247;106;25,19;0,24;4,03;1,710;4;0;388,00;15,40;4800;1,56;2008
2024-09-28;CAMP001;Finanças do Zero | Perpétuo | Conversão;CONVERSIONS;AS002;Público 35-50 | Interesses Investimentos;AD004;Video_Lucas_Apresentacao_v2;Video;Apresentação;facebook;5667;110;19,78;0,18;3,49;1,952;3;0;291,00;14,71;4239;1,28;1865
2024-09-29;CAMP001;Finanças do Zero | Perpétuo | Conversão;CONVERSIONS;AS002;Público 35-50 | Interesses Investimentos;AD004;Video_Lucas_Apresentacao_v2;Video;Apresentação;instagram;4218;74;21,43;0,29;5,08;1,771;2;0;194,00;9,05;3284;1,54;1214
2024-09-30;CAMP001;Finanças do Zero | Perpétuo | Conversão;CONVERSIONS;AS002;Público 35-50 | Interesses Investimentos;AD004;Video_Lucas_Apresentacao_v2;Video;Apresentação;instagram;5777;105;17,31;0,16;3,00;1,832;3;0;291,00;16,81;4207;1,23;1540
2024-10-01;CAMP001;Finanças do Zero | Perpétuo | Conversão;CONVERSIONS;AS002;Público 35-50 | Interesses Investimentos;AD004;Video_Lucas_Apresentacao_v2;Video;Apresentação;instagram;5593;109;25,02;0,23;4,47;1,953;4;0;388,00;15,51;3824;1,35;1615
2024-10-02;CAMP001;Finanças do Zero | Perpétuo | Conversão;CONVERSIONS;AS002;Público 35-50 | Interesses Investimentos;AD004;Video_Lucas_Apresentacao_v2;Video;Apresentação;instagram;3988;70;19,01;0,27;4,77;1,778;2;0;194,00;10,21;3250;1,57;1310
2024-10-03;CAMP001;Finanças do Zero | Perpétuo | Conversão;CONVERSIONS;AS002;Público 35-50 | Interesses Investimentos;AD004;Video_Lucas_Apresentacao_v2;Video;Apresentação;facebook;4065;67;18,61;0,28;4,58;1,661;1;0;97,00;5,21;3252;1,44;1325
2024-10-04;CAMP001;Finanças do Zero | Perpétuo | Conversão;CONVERSIONS;AS002;Público 35-50 | Interesses Investimentos;AD004;Video_Lucas_Apresentacao_v2;Video;Apresentação;instagram;3848;71;21,52;0,30;5,59;1,851;2;0;194,00;9,01;2976;1,47;1107
2024-10-05;CAMP001;Finanças do Zero | Perpétuo | Conversão;CONVERSIONS;AS002;Público 35-50 | Interesses Investimentos;AD004;Video_Lucas_Apresentacao_v2;Video;Apresentação;facebook;5521;109;23,39;0,21;4,24;1,981;4;0;388,00;16,59;3647;1,22;1772
2024-10-06;CAMP001;Finanças do Zero | Perpétuo | Conversão;CONVERSIONS;AS002;Público 35-50 | Interesses Investimentos;AD004;Video_Lucas_Apresentacao_v2;Video;Apresentação;instagram;3835;69;22,07;0,32;5,75;1,813;2;0;194,00;8,79;2949;1,23;1063
2024-10-07;CAMP001;Finanças do Zero | Perpétuo | Conversão;CONVERSIONS;AS002;Público 35-50 | Interesses Investimentos;AD004;Video_Lucas_Apresentacao_v2;Video;Apresentação;facebook;5725;95;19,02;0,20;3,32;1,664;2;0;194,00;10,20;4049;1,22;1873
2024-10-08;CAMP001;Finanças do Zero | Perpétuo | Conversão;CONVERSIONS;AS002;Público 35-50 | Interesses Investimentos;AD004;Video_Lucas_Apresentacao_v2;Video;Apresentação;facebook;4127;68;24,24;0,36;5,87;1,665;2;0;194,00;8,00;2844;1,54;1278
2024-10-09;CAMP001;Finanças do Zero | Perpétuo | Conversão;CONVERSIONS;AS002;Público 35-50 | Interesses Investimentos;AD004;Video_Lucas_Apresentacao_v2;Video;Apresentação;facebook;5507;97;21,72;0,22;3,94;1,768;3;0;291,00;13,40;4283;1,53;1837
2024-10-10;CAMP001;Finanças do Zero | Perpétuo | Conversão;CONVERSIONS;AS002;Público 35-50 | Interesses Investimentos;AD004;Video_Lucas_Apresentacao_v2;Video;Apresentação;instagram;4818;83;18,85;0,23;3,91;1,733;3;0;291,00;15,44;3249;1,47;1537
2024-10-11;CAMP001;Finanças do Zero | Perpétuo | Conversão;CONVERSIONS;AS002;Público 35-50 | Interesses Investimentos;AD004;Video_Lucas_Apresentacao_v2;Video;Apresentação;facebook;4519;83;21,23;0,26;4,70;1,838;3;0;291,00;13,71;3445;1,32;1429
2024-10-12;CAMP001;Finanças do Zero | Perpétuo | Conversão;CONVERSIONS;AS002;Público 35-50 | Interesses Investimentos;AD004;Video_Lucas_Apresentacao_v2;Video;Apresentação;facebook;5466;93;22,84;0,25;4,18;1,714;3;0;291,00;12,74;3831;1,43;1510
2024-10-13;CAMP001;Finanças do Zero | Perpétuo | Conversão;CONVERSIONS;AS002;Público 35-50 | Interesses Investimentos;AD004;Video_Lucas_Apresentacao_v2;Video;Apresentação;instagram;6213;119;24,68;0,21;3,97;1,928;4;0;388,00;15,72;4606;1,35;1703
2024-10-14;CAMP001;Finanças do Zero | Perpétuo | Conversão;CONVERSIONS;AS002;Público 35-50 | Interesses Investimentos;AD004;Video_Lucas_Apresentacao_v2;Video;Apresentação;instagram;4669;80;21,69;0,27;4,65;1,721;3;0;291,00;13,42;3388;1,47;1378
2024-10-15;CAMP001;Finanças do Zero | Perpétuo | Conversão;CONVERSIONS;AS002;Público 35-50 | Interesses Investimentos;AD004;Video_Lucas_Apresentacao_v2;Video;Apresentação;instagram;5975;100;26,69;0,27;4,47;1,678;2;0;194,00;7,27;4306;1,38;1586
2024-10-16;CAMP001;Finanças do Zero | Perpétuo | Conversão;CONVERSIONS;AS002;Público 35-50 | Interesses Investimentos;AD004;Video_Lucas_Apresentacao_v2;Video;Apresentação;instagram;5091;85;22,08;0,26;4,34;1,682;2;0;194,00;8,79;3758;1,53;1656
2024-10-17;CAMP001;Finanças do Zero | Perpétuo | Conversão;CONVERSIONS;AS002;Público 35-50 | Interesses Investimentos;AD004;Video_Lucas_Apresentacao_v2;Video;Apresentação;facebook;5312;106;20,22;0,19;3,81;1,996;4;0;388,00;19,19;3730;1,46;1763
2024-10-18;CAMP001;Finanças do Zero | Perpétuo | Conversão;CONVERSIONS;AS002;Público 35-50 | Interesses Investimentos;AD004;Video_Lucas_Apresentacao_v2;Video;Apresentação;instagram;4703;77;22,92;0,30;4,87;1,653;2;0;194,00;8,46;3621;1,50;1444
2024-10-19;CAMP001;Finanças do Zero | Perpétuo | Conversão;CONVERSIONS;AS002;Público 35-50 | Interesses Investimentos;AD004;Video_Lucas_Apresentacao_v2;Video;Apresentação;facebook;5151;84;25,94;0,31;5,04;1,639;3;0;291,00;11,22;3814;1,39;1514
2024-10-20;CAMP001;Finanças do Zero | Perpétuo | Conversão;CONVERSIONS;AS002;Público 35-50 | Interesses Investimentos;AD004;Video_Lucas_Apresentacao_v2;Video;Apresentação;instagram;4561;78;24,97;0,32;5,47;1,719;3;0;291,00;11,65;3465;1,66;1393
2024-10-21;CAMP001;Finanças do Zero | Perpétuo | Conversão;CONVERSIONS;AS002;Público 35-50 | Interesses Investimentos;AD004;Video_Lucas_Apresentacao_v2;Video;Apresentação;facebook;3902;72;20,57;0,29;5,27;1,857;2;0;194,00;9,43;3146;1,25;1100
2024-10-22;CAMP001;Finanças do Zero | Perpétuo | Conversão;CONVERSIONS;AS002;Público 35-50 | Interesses Investimentos;AD004;Video_Lucas_Apresentacao_v2;Video;Apresentação;instagram;5844;102;24,82;0,24;4,25;1,750;3;0;291,00;11,72;4343;1,30;1921
2024-10-23;CAMP001;Finanças do Zero | Perpétuo | Conversão;CONVERSIONS;AS002;Público 35-50 | Interesses Investimentos;AD004;Video_Lucas_Apresentacao_v2;Video;Apresentação;instagram;5618;93;24,15;0,26;4,30;1,667;3;0;291,00;12,05;4565;1,52;1507
2024-10-24;CAMP001;Finanças do Zero | Perpétuo | Conversão;CONVERSIONS;AS002;Público 35-50 | Interesses Investimentos;AD004;Video_Lucas_Apresentacao_v2;Video;Apresentação;instagram;4906;87;22,68;0,26;4,62;1,792;2;0;194,00;8,55;3665;1,27;1406
2024-10-25;CAMP001;Finanças do Zero | Perpétuo | Conversão;CONVERSIONS;AS002;Público 35-50 | Interesses Investimentos;AD004;Video_Lucas_Apresentacao_v2;Video;Apresentação;facebook;5257;104;22,63;0,22;4,30;1,983;3;0;291,00;12,86;4165;1,29;1461
2024-10-26;CAMP001;Finanças do Zero | Perpétuo | Conversão;CONVERSIONS;AS002;Público 35-50 | Interesses Investimentos;AD004;Video_Lucas_Apresentacao_v2;Video;Apresentação;facebook;5882;113;25,92;0,23;4,41;1,938;3;0;291,00;11,23;4195;1,27;1565
2024-10-27;CAMP001;Finanças do Zero | Perpétuo | Conversão;CONVERSIONS;AS002;Público 35-50 | Interesses Investimentos;AD004;Video_Lucas_Apresentacao_v2;Video;Apresentação;facebook;5484;110;27,18;0,25;4,96;2,013;3;0;291,00;10,71;4205;1,33;1747
2024-10-28;CAMP001;Finanças do Zero | Perpétuo | Conversão;CONVERSIONS;AS002;Público 35-50 | Interesses Investimentos;AD004;Video_Lucas_Apresentacao_v2;Video;Apresentação;facebook;3981;70;21,30;0,30;5,35;1,780;2;0;194,00;9,11;2716;1,19;1299
2024-10-29;CAMP001;Finanças do Zero | Perpétuo | Conversão;CONVERSIONS;AS002;Público 35-50 | Interesses Investimentos;AD004;Video_Lucas_Apresentacao_v2;Video;Apresentação;instagram;4701;85;23,88;0,28;5,08;1,822;3;0;291,00;12,19;3253;1,48;1448
2024-10-30;CAMP001;Finanças do Zero | Perpétuo | Conversão;CONVERSIONS;AS002;Público 35-50 | Interesses Investimentos;AD004;Video_Lucas_Apresentacao_v2;Video;Apresentação;facebook;5570;89;25,27;0,28;4,54;1,601;3;0;291,00;11,52;4174;1,52;1842
2024-10-31;CAMP001;Finanças do Zero | Perpétuo | Conversão;CONVERSIONS;AS002;Público 35-50 | Interesses Investimentos;AD004;Video_Lucas_Apresentacao_v2;Video;Apresentação;facebook;3578;58;21,51;0,37;6,01;1,624;1;0;97,00;4,51;2627;1,32;1138
2024-11-01;CAMP001;Finanças do Zero | Perpétuo | Conversão;CONVERSIONS;AS002;Público 35-50 | Interesses Investimentos;AD004;Video_Lucas_Apresentacao_v2;Video;Apresentação;facebook;10669;187;46,77;0,25;4,38;1,755;9;0;873,00;18,67;7902;1,58;2905
2024-11-02;CAMP001;Finanças do Zero | Perpétuo | Conversão;CONVERSIONS;AS002;Público 35-50 | Interesses Investimentos;AD004;Video_Lucas_Apresentacao_v2;Video;Apresentação;facebook;9816;179;52,58;0,29;5,36;1,825;8;0;776,00;14,76;7324;1,59;2621
2024-11-03;CAMP001;Finanças do Zero | Perpétuo | Conversão;CONVERSIONS;AS002;Público 35-50 | Interesses Investimentos;AD004;Video_Lucas_Apresentacao_v2;Video;Apresentação;instagram;15452;266;46,26;0,17;2,99;1,722;14;0;1358,00;29,36;10251;1,48;4931
2024-11-04;CAMP001;Finanças do Zero | Perpétuo | Conversão;CONVERSIONS;AS002;Público 35-50 | Interesses Investimentos;AD004;Video_Lucas_Apresentacao_v2;Video;Apresentação;instagram;12874;206;50,37;0,24;3,91;1,601;11;0;1067,00;21,18;8513;1,24;4049
2024-11-05;CAMP001;Finanças do Zero | Perpétuo | Conversão;CONVERSIONS;AS002;Público 35-50 | Interesses Investimentos;AD004;Video_Lucas_Apresentacao_v2;Video;Apresentação;instagram;12820;214;49,62;0,23;3,87;1,676;12;0;1164,00;23,46;9074;1,63;3729
2024-11-06;CAMP001;Finanças do Zero | Perpétuo | Conversão;CONVERSIONS;AS002;Público 35-50 | Interesses Investimentos;AD004;Video_Lucas_Apresentacao_v2;Video;Apresentação;instagram;15524;259;52,28;0,20;3,37;1,669;16;0;1552,00;29,69;11507;1,34;4596
2024-11-07;CAMP001;Finanças do Zero | Perpétuo | Conversão;CONVERSIONS;AS002;Público 35-50 | Interesses Investimentos;AD004;Video_Lucas_Apresentacao_v2;Video;Apresentação;facebook;18253;298;64,43;0,22;3,53;1,633;15;0;1455,00;22,58;12704;1,18;5568
2024-11-08;CAMP001;Finanças do Zero | Perpétuo | Conversão;CONVERSIONS;AS002;Público 35-50 | Interesses Investimentos;AD004;Video_Lucas_Apresentacao_v2;Video;Apresentação;facebook;19983;387;79,61;0,21;3,98;1,937;20;0;1940,00;24,37;15227;1,15;6547
2024-11-09;CAMP001;Finanças do Zero | Perpétuo | Conversão;CONVERSIONS;AS002;Público 35-50 | Interesses Investimentos;AD004;Video_Lucas_Apresentacao_v2;Video;Apresentação;instagram;15792;262;66,73;0,25;4,23;1,662;13;0;1261,00;18,90;12469;1,40;4689
2024-11-10;CAMP001;Finanças do Zero | Perpétuo | Conversão;CONVERSIONS;AS002;Público 35-50 | Interesses Investimentos;AD004;Video_Lucas_Apresentacao_v2;Video;Apresentação;facebook;23008;423;81,44;0,19;3,54;1,842;26;0;2522,00;30,97;15506;1,49;6251
2024-11-11;CAMP001;Finanças do Zero | Perpétuo | Conversão;CONVERSIONS;AS002;Público 35-50 | Interesses Investimentos;AD004;Video_Lucas_Apresentacao_v2;Video;Apresentação;facebook;13214;224;71,41;0,32;5,40;1,702;10;0;970,00;13,58;8952;1,37;3838
2024-11-12;CAMP001;Finanças do Zero | Perpétuo | Conversão;CONVERSIONS;AS002;Público 35-50 | Interesses Investimentos;AD004;Video_Lucas_Apresentacao_v2;Video;Apresentação;facebook;30078;512;99,46;0,19;3,31;1,705;30;0;2910,00;29,26;24716;1,29;8594
2024-11-13;CAMP001;Finanças do Zero | Perpétuo | Conversão;CONVERSIONS;AS002;Público 35-50 | Interesses Investimentos;AD004;Video_Lucas_Apresentacao_v2;Video;Apresentação;facebook;29526;493;106,09;0,22;3,59;1,672;32;0;3104,00;29,26;24165;1,54;9776
2024-11-14;CAMP001;Finanças do Zero | Perpétuo | Conversão;CONVERSIONS;AS002;Público 35-50 | Interesses Investimentos;AD004;Video_Lucas_Apresentacao_v2;Video;Apresentação;facebook;20198;397;99,13;0,25;4,91;1,967;23;0;2231,00;22,51;15886;1,27;6029
2024-11-15;CAMP001;Finanças do Zero | Perpétuo | Conversão;CONVERSIONS;AS002;Público 35-50 | Interesses Investimentos;AD004;Video_Lucas_Apresentacao_v2;Video;Apresentação;instagram;20312;324;121,07;0,37;5,96;1,597;18;0;1746,00;14,42;14045;1,59;5381
2024-11-16;CAMP001;Finanças do Zero | Perpétuo | Conversão;CONVERSIONS;AS002;Público 35-50 | Interesses Investimentos;AD004;Video_Lucas_Apresentacao_v2;Video;Apresentação;instagram;32473;613;129,81;0,21;4,00;1,891;37;0;3589,00;27,65;21574;1,23;9208
2024-11-17;CAMP001;Finanças do Zero | Perpétuo | Conversão;CONVERSIONS;AS002;Público 35-50 | Interesses Investimentos;AD004;Video_Lucas_Apresentacao_v2;Video;Apresentação;instagram;22966;428;100,63;0,24;4,38;1,865;27;0;2619,00;26,03;17468;1,59;7225
2024-11-18;CAMP001;Finanças do Zero | Perpétuo | Conversão;CONVERSIONS;AS002;Público 35-50 | Interesses Investimentos;AD004;Video_Lucas_Apresentacao_v2;Video;Apresentação;facebook;28236;458;100,64;0,22;3,56;1,622;24;0;2328,00;23,13;20532;1,58;9287
2024-11-19;CAMP001;Finanças do Zero | Perpétuo | Conversão;CONVERSIONS;AS002;Público 35-50 | Interesses Investimentos;AD004;Video_Lucas_Apresentacao_v2;Video;Apresentação;instagram;21709;382;100,16;0,26;4,61;1,760;22;0;2134,00;21,31;17326;1,33;5961
2024-11-20;CAMP001;Finanças do Zero | Perpétuo | Conversão;CONVERSIONS;AS002;Público 35-50 | Interesses Investimentos;AD004;Video_Lucas_Apresentacao_v2;Video;Apresentação;facebook;24528;490;85,58;0,17;3,49;1,999;22;0;2134,00;24,94;17657;1,26;7108
2024-11-21;CAMP001;Finanças do Zero | Perpétuo | Conversão;CONVERSIONS;AS002;Público 35-50 | Interesses Investimentos;AD004;Video_Lucas_Apresentacao_v2;Video;Apresentação;facebook;20958;335;69,43;0,21;3,31;1,602;18;0;1746,00;25,15;16091;1,60;6348
2024-11-22;CAMP001;Finanças do Zero | Perpétuo | Conversão;CONVERSIONS;AS002;Público 35-50 | Interesses Investimentos;AD004;Video_Lucas_Apresentacao_v2;Video;Apresentação;facebook;15591;301;67,83;0,23;4,35;1,937;14;0;1358,00;20,02;12600;1,51;5104
2024-11-23;CAMP001;Finanças do Zero | Perpétuo | Conversão;CONVERSIONS;AS002;Público 35-50 | Interesses Investimentos;AD004;Video_Lucas_Apresentacao_v2;Video;Apresentação;facebook;16412;278;70,95;0,26;4,32;1,694;15;0;1455,00;20,51;12852;1,65;5263
2024-11-24;CAMP001;Finanças do Zero | Perpétuo | Conversão;CONVERSIONS;AS002;Público 35-50 | Interesses Investimentos;AD004;Video_Lucas_Apresentacao_v2;Video;Apresentação;facebook;13073;259;55,18;0,21;4,22;1,989;14;0;1358,00;24,61;9985;1,58;4157
2024-11-25;CAMP001;Finanças do Zero | Perpétuo | Conversão;CONVERSIONS;AS002;Público 35-50 | Interesses Investimentos;AD004;Video_Lucas_Apresentacao_v2;Video;Apresentação;facebook;14407;237;57,23;0,24;3,97;1,651;14;0;1358,00;23,73;11824;1,54;4808
2024-11-26;CAMP001;Finanças do Zero | Perpétuo | Conversão;CONVERSIONS;AS002;Público 35-50 | Interesses Investimentos;AD004;Video_Lucas_Apresentacao_v2;Video;Apresentação;facebook;13494;231;55,96;0,24;4,15;1,716;14;0;1358,00;24,27;10222;1,29;3656
2024-11-27;CAMP001;Finanças do Zero | Perpétuo | Conversão;CONVERSIONS;AS002;Público 35-50 | Interesses Investimentos;AD004;Video_Lucas_Apresentacao_v2;Video;Apresentação;instagram;8302;138;46,64;0,34;5,62;1,664;8;0;776,00;16,64;6155;1,16;2262
2024-11-28;CAMP001;Finanças do Zero | Perpétuo | Conversão;CONVERSIONS;AS002;Público 35-50 | Interesses Investimentos;AD004;Video_Lucas_Apresentacao_v2;Video;Apresentação;instagram;11119;192;52,38;0,27;4,71;1,732;10;0;970,00;18,52;8609;1,29;3410
2024-11-29;CAMP001;Finanças do Zero | Perpétuo | Conversão;CONVERSIONS;AS002;Público 35-50 | Interesses Investimentos;AD004;Video_Lucas_Apresentacao_v2;Video;Apresentação;facebook;13123;222;45,57;0,21;3,47;1,694;12;0;1164,00;25,54;9659;1,57;4019
2024-11-30;CAMP001;Finanças do Zero | Perpétuo | Conversão;CONVERSIONS;AS002;Público 35-50 | Interesses Investimentos;AD004;Video_Lucas_Apresentacao_v2;Video;Apresentação;facebook;14016;245;54,62;0,22;3,90;1,748;16;0;1552,00;28,41;10448;1,55;4248
2024-12-01;CAMP001;Finanças do Zero | Perpétuo | Conversão;CONVERSIONS;AS002;Público 35-50 | Interesses Investimentos;AD004;Video_Lucas_Apresentacao_v2;Video;Apresentação;instagram;6044;107;25,08;0,23;4,15;1,780;4;0;388,00;15,47;4026;1,26;1730
2024-12-02;CAMP001;Finanças do Zero | Perpétuo | Conversão;CONVERSIONS;AS002;Público 35-50 | Interesses Investimentos;AD004;Video_Lucas_Apresentacao_v2;Video;Apresentação;facebook;6068;96;24,00;0,25;3,96;1,588;2;0;194,00;8,08;5026;1,60;1796
2024-12-03;CAMP001;Finanças do Zero | Perpétuo | Conversão;CONVERSIONS;AS002;Público 35-50 | Interesses Investimentos;AD004;Video_Lucas_Apresentacao_v2;Video;Apresentação;facebook;5454;108;22,39;0,21;4,11;1,984;4;0;388,00;17,33;4285;1,15;1632
2024-12-04;CAMP001;Finanças do Zero | Perpétuo | Conversão;CONVERSIONS;AS002;Público 35-50 | Interesses Investimentos;AD004;Video_Lucas_Apresentacao_v2;Video;Apresentação;facebook;4852;83;23,95;0,29;4,94;1,727;2;0;194,00;8,10;3376;1,21;1450
2024-12-05;CAMP001;Finanças do Zero | Perpétuo | Conversão;CONVERSIONS;AS002;Público 35-50 | Interesses Investimentos;AD004;Video_Lucas_Apresentacao_v2;Video;Apresentação;instagram;5605;107;22,24;0,21;3,97;1,918;3;0;291,00;13,08;4572;1,22;1715
2024-12-06;CAMP001;Finanças do Zero | Perpétuo | Conversão;CONVERSIONS;AS002;Público 35-50 | Interesses Investimentos;AD004;Video_Lucas_Apresentacao_v2;Video;Apresentação;facebook;6199;101;25,43;0,25;4,10;1,634;3;0;291,00;11,44;4580;1,19;1800
2024-12-07;CAMP001;Finanças do Zero | Perpétuo | Conversão;CONVERSIONS;AS002;Público 35-50 | Interesses Investimentos;AD004;Video_Lucas_Apresentacao_v2;Video;Apresentação;instagram;4855;90;27,74;0,31;5,71;1,858;2;0;194,00;6,99;3585;1,39;1527
2024-12-08;CAMP001;Finanças do Zero | Perpétuo | Conversão;CONVERSIONS;AS002;Público 35-50 | Interesses Investimentos;AD004;Video_Lucas_Apresentacao_v2;Video;Apresentação;facebook;4666;83;23,57;0,28;5,05;1,789;2;0;194,00;8,23;3181;1,26;1286
2024-12-09;CAMP001;Finanças do Zero | Perpétuo | Conversão;CONVERSIONS;AS002;Público 35-50 | Interesses Investimentos;AD004;Video_Lucas_Apresentacao_v2;Video;Apresentação;facebook;5689;99;26,18;0,26;4,60;1,745;3;0;291,00;11,12;4350;1,16;1549
2024-12-10;CAMP001;Finanças do Zero | Perpétuo | Conversão;CONVERSIONS;AS002;Público 35-50 | Interesses Investimentos;AD004;Video_Lucas_Apresentacao_v2;Video;Apresentação;facebook;3900;68;21,67;0,32;5,56;1,753;2;0;194,00;8,95;2653;1,41;1216
2024-12-11;CAMP001;Finanças do Zero | Perpétuo | Conversão;CONVERSIONS;AS002;Público 35-50 | Interesses Investimentos;AD004;Video_Lucas_Apresentacao_v2;Video;Apresentação;facebook;4633;91;21,43;0,24;4,63;1,982;3;0;291,00;13,58;3611;1,57;1382
2024-12-12;CAMP001;Finanças do Zero | Perpétuo | Conversão;CONVERSIONS;AS002;Público 35-50 | Interesses Investimentos;AD004;Video_Lucas_Apresentacao_v2;Video;Apresentação;facebook;4279;83;22,08;0,27;5,16;1,955;2;0;194,00;8,79;3487;1,49;1150
2024-12-13;CAMP001;Finanças do Zero | Perpétuo | Conversão;CONVERSIONS;AS002;Público 35-50 | Interesses Investimentos;AD004;Video_Lucas_Apresentacao_v2;Video;Apresentação;facebook;6533;124;21,67;0,17;3,32;1,909;4;0;388,00;17,90;5285;1,32;1915
2024-12-14;CAMP001;Finanças do Zero | Perpétuo | Conversão;CONVERSIONS;AS002;Público 35-50 | Interesses Investimentos;AD004;Video_Lucas_Apresentacao_v2;Video;Apresentação;instagram;4731;78;26,15;0,34;5,53;1,667;2;0;194,00;7,42;3638;1,33;1544
2024-12-15;CAMP001;Finanças do Zero | Perpétuo | Conversão;CONVERSIONS;AS002;Público 35-50 | Interesses Investimentos;AD004;Video_Lucas_Apresentacao_v2;Video;Apresentação;facebook;5309;104;28,68;0,28;5,40;1,968;3;0;291,00;10,15;3734;1,54;1600
2024-12-16;CAMP001;Finanças do Zero | Perpétuo | Conversão;CONVERSIONS;AS002;Público 35-50 | Interesses Investimentos;AD004;Video_Lucas_Apresentacao_v2;Video;Apresentação;facebook;4412;80;22,53;0,28;5,11;1,827;3;0;291,00;12,92;3205;1,56;1289
2024-12-17;CAMP001;Finanças do Zero | Perpétuo | Conversão;CONVERSIONS;AS002;Público 35-50 | Interesses Investimentos;AD004;Video_Lucas_Apresentacao_v2;Video;Apresentação;instagram;6539;118;21,73;0,18;3,32;1,815;3;0;291,00;13,39;4917;1,29;1908
2024-12-18;CAMP001;Finanças do Zero | Perpétuo | Conversão;CONVERSIONS;AS002;Público 35-50 | Interesses Investimentos;AD004;Video_Lucas_Apresentacao_v2;Video;Apresentação;instagram;6525;120;27,59;0,23;4,23;1,845;4;0;388,00;14,06;4702;1,44;2047
2024-12-19;CAMP001;Finanças do Zero | Perpétuo | Conversão;CONVERSIONS;AS002;Público 35-50 | Interesses Investimentos;AD004;Video_Lucas_Apresentacao_v2;Video;Apresentação;facebook;6144;114;22,94;0,20;3,73;1,856;4;0;388,00;16,91;4401;1,61;2022
2024-12-20;CAMP001;Finanças do Zero | Perpétuo | Conversão;CONVERSIONS;AS002;Público 35-50 | Interesses Investimentos;AD004;Video_Lucas_Apresentacao_v2;Video;Apresentação;instagram;5756;111;24,07;0,22;4,18;1,941;3;0;291,00;12,09;4418;1,35;1797
2024-12-21;CAMP001;Finanças do Zero | Perpétuo | Conversão;CONVERSIONS;AS002;Público 35-50 | Interesses Investimentos;AD004;Video_Lucas_Apresentacao_v2;Video;Apresentação;instagram;6037;113;25,11;0,22;4,16;1,881;3;0;291,00;11,59;4206;1,50;1794
2024-12-22;CAMP001;Finanças do Zero | Perpétuo | Conversão;CONVERSIONS;AS002;Público 35-50 | Interesses Investimentos;AD004;Video_Lucas_Apresentacao_v2;Video;Apresentação;instagram;5134;86;24,15;0,28;4,70;1,691;3;0;291,00;12,05;3557;1,47;1594
2024-12-23;CAMP001;Finanças do Zero | Perpétuo | Conversão;CONVERSIONS;AS002;Público 35-50 | Interesses Investimentos;AD004;Video_Lucas_Apresentacao_v2;Video;Apresentação;facebook;4683;85;21,72;0,26;4,64;1,829;3;0;291,00;13,40;3303;1,20;1562
2024-12-24;CAMP001;Finanças do Zero | Perpétuo | Conversão;CONVERSIONS;AS002;Público 35-50 | Interesses Investimentos;AD004;Video_Lucas_Apresentacao_v2;Video;Apresentação;instagram;6063;120;22,88;0,19;3,77;1,988;4;0;388,00;16,96;4559;1,37;1784
2024-12-25;CAMP001;Finanças do Zero | Perpétuo | Conversão;CONVERSIONS;AS002;Público 35-50 | Interesses Investimentos;AD004;Video_Lucas_Apresentacao_v2;Video;Apresentação;facebook;6223;101;21,65;0,21;3,48;1,631;3;0;291,00;13,44;4310;1,30;1804
2024-12-26;CAMP001;Finanças do Zero | Perpétuo | Conversão;CONVERSIONS;AS002;Público 35-50 | Interesses Investimentos;AD004;Video_Lucas_Apresentacao_v2;Video;Apresentação;instagram;4954;90;23,35;0,26;4,71;1,821;2;0;194,00;8,31;3452;1,56;1625
2024-12-27;CAMP001;Finanças do Zero | Perpétuo | Conversão;CONVERSIONS;AS002;Público 35-50 | Interesses Investimentos;AD004;Video_Lucas_Apresentacao_v2;Video;Apresentação;instagram;4064;69;24,06;0,35;5,92;1,704;2;0;194,00;8,06;3360;1,25;1176
2024-12-28;CAMP001;Finanças do Zero | Perpétuo | Conversão;CONVERSIONS;AS002;Público 35-50 | Interesses Investimentos;AD004;Video_Lucas_Apresentacao_v2;Video;Apresentação;facebook;4407;73;25,19;0,35;5,72;1,658;3;0;291,00;11,55;3665;1,33;1192
2024-12-29;CAMP001;Finanças do Zero | Perpétuo | Conversão;CONVERSIONS;AS002;Público 35-50 | Interesses Investimentos;AD004;Video_Lucas_Apresentacao_v2;Video;Apresentação;instagram;7024;114;26,67;0,23;3,80;1,625;4;0;388,00;14,55;5406;1,24;2305
2024-12-30;CAMP001;Finanças do Zero | Perpétuo | Conversão;CONVERSIONS;AS002;Público 35-50 | Interesses Investimentos;AD004;Video_Lucas_Apresentacao_v2;Video;Apresentação;instagram;4634;82;26,34;0,32;5,69;1,772;3;0;291,00;11,05;3236;1,60;1256
2024-12-31;CAMP001;Finanças do Zero | Perpétuo | Conversão;CONVERSIONS;AS002;Público 35-50 | Interesses Investimentos;AD004;Video_Lucas_Apresentacao_v2;Video;Apresentação;instagram;5127;89;21,88;0,25;4,27;1,750;3;0;291,00;13,30;3573;1,33;1602
2025-01-01;CAMP001;Finanças do Zero | Perpétuo | Conversão;CONVERSIONS;AS002;Público 35-50 | Interesses Investimentos;AD004;Video_Lucas_Apresentacao_v2;Video;Apresentação;facebook;5905;106;20,31;0,19;3,44;1,803;3;0;291,00;14,33;4293;1,37;1858
2025-01-02;CAMP001;Finanças do Zero | Perpétuo | Conversão;CONVERSIONS;AS002;Público 35-50 | Interesses Investimentos;AD004;Video_Lucas_Apresentacao_v2;Video;Apresentação;facebook;5788;96;25,51;0,27;4,41;1,673;3;0;291,00;11,41;4564;1,35;1902
2025-01-03;CAMP001;Finanças do Zero | Perpétuo | Conversão;CONVERSIONS;AS002;Público 35-50 | Interesses Investimentos;AD004;Video_Lucas_Apresentacao_v2;Video;Apresentação;facebook;6728;122;23,64;0,19;3,51;1,827;4;0;388,00;16,41;4911;1,16;1943
2025-01-04;CAMP001;Finanças do Zero | Perpétuo | Conversão;CONVERSIONS;AS002;Público 35-50 | Interesses Investimentos;AD004;Video_Lucas_Apresentacao_v2;Video;Apresentação;instagram;6010;97;27,34;0,28;4,55;1,623;3;0;291,00;10,64;4952;1,25;1699
2025-01-05;CAMP001;Finanças do Zero | Perpétuo | Conversão;CONVERSIONS;AS002;Público 35-50 | Interesses Investimentos;AD004;Video_Lucas_Apresentacao_v2;Video;Apresentação;instagram;4847;87;23,62;0,27;4,87;1,813;2;0;194,00;8,21;3517;1,14;1545
2025-01-06;CAMP001;Finanças do Zero | Perpétuo | Conversão;CONVERSIONS;AS002;Público 35-50 | Interesses Investimentos;AD004;Video_Lucas_Apresentacao_v2;Video;Apresentação;instagram;5147;82;21,99;0,27;4,27;1,606;2;0;194,00;8,82;3535;1,64;1411
2025-01-07;CAMP001;Finanças do Zero | Perpétuo | Conversão;CONVERSIONS;AS002;Público 35-50 | Interesses Investimentos;AD004;Video_Lucas_Apresentacao_v2;Video;Apresentação;facebook;5665;93;22,44;0,24;3,96;1,656;2;0;194,00;8,65;4322;1,61;1814
2025-01-08;CAMP001;Finanças do Zero | Perpétuo | Conversão;CONVERSIONS;AS002;Público 35-50 | Interesses Investimentos;AD004;Video_Lucas_Apresentacao_v2;Video;Apresentação;facebook;7159;127;24,09;0,19;3,36;1,787;4;0;388,00;16,11;5765;1,21;1990
2025-01-09;CAMP001;Finanças do Zero | Perpétuo | Conversão;CONVERSIONS;AS002;Público 35-50 | Interesses Investimentos;AD004;Video_Lucas_Apresentacao_v2;Video;Apresentação;instagram;4135;68;26,35;0,39;6,37;1,661;2;0;194,00;7,36;3267;1,38;1137
2025-01-10;CAMP001;Finanças do Zero | Perpétuo | Conversão;CONVERSIONS;AS002;Público 35-50 | Interesses Investimentos;AD004;Video_Lucas_Apresentacao_v2;Video;Apresentação;facebook;4640;88;27,91;0,32;6,02;1,915;3;0;291,00;10,43;3391;1,13;1280
2025-01-11;CAMP001;Finanças do Zero | Perpétuo | Conversão;CONVERSIONS;AS002;Público 35-50 | Interesses Investimentos;AD004;Video_Lucas_Apresentacao_v2;Video;Apresentação;instagram;6315;110;26,11;0,24;4,13;1,743;4;0;388,00;14,86;4366;1,38;1717
2025-01-12;CAMP001;Finanças do Zero | Perpétuo | Conversão;CONVERSIONS;AS002;Público 35-50 | Interesses Investimentos;AD004;Video_Lucas_Apresentacao_v2;Video;Apresentação;instagram;6235;108;21,58;0,20;3,46;1,747;3;0;291,00;13,48;4875;1,38;1823
2025-01-13;CAMP001;Finanças do Zero | Perpétuo | Conversão;CONVERSIONS;AS002;Público 35-50 | Interesses Investimentos;AD004;Video_Lucas_Apresentacao_v2;Video;Apresentação;instagram;5217;103;26,14;0,25;5,01;1,991;3;0;291,00;11,13;4149;1,46;1573
2025-01-14;CAMP001;Finanças do Zero | Perpétuo | Conversão;CONVERSIONS;AS002;Público 35-50 | Interesses Investimentos;AD004;Video_Lucas_Apresentacao_v2;Video;Apresentação;instagram;5247;87;24,45;0,28;4,66;1,673;3;0;291,00;11,90;3572;1,33;1726
2025-01-15;CAMP001;Finanças do Zero | Perpétuo | Conversão;CONVERSIONS;AS002;Público 35-50 | Interesses Investimentos;AD004;Video_Lucas_Apresentacao_v2;Video;Apresentação;facebook;4210;80;22,57;0,28;5,36;1,908;2;0;194,00;8,60;3119;1,55;1290
2025-01-16;CAMP001;Finanças do Zero | Perpétuo | Conversão;CONVERSIONS;AS002;Público 35-50 | Interesses Investimentos;AD004;Video_Lucas_Apresentacao_v2;Video;Apresentação;instagram;5138;84;24,13;0,29;4,70;1,645;3;0;291,00;12,06;3841;1,63;1528
2025-01-17;CAMP001;Finanças do Zero | Perpétuo | Conversão;CONVERSIONS;AS002;Público 35-50 | Interesses Investimentos;AD004;Video_Lucas_Apresentacao_v2;Video;Apresentação;facebook;6143;98;22,64;0,23;3,69;1,606;4;0;388,00;17,14;4381;1,62;1645
2025-01-18;CAMP001;Finanças do Zero | Perpétuo | Conversão;CONVERSIONS;AS002;Público 35-50 | Interesses Investimentos;AD004;Video_Lucas_Apresentacao_v2;Video;Apresentação;instagram;5761;106;25,01;0,24;4,34;1,842;3;0;291,00;11,64;3844;1,41;1927
2025-01-19;CAMP001;Finanças do Zero | Perpétuo | Conversão;CONVERSIONS;AS002;Público 35-50 | Interesses Investimentos;AD004;Video_Lucas_Apresentacao_v2;Video;Apresentação;instagram;4976;89;26,50;0,30;5,33;1,803;2;0;194,00;7,32;3337;1,18;1496
2025-01-20;CAMP001;Finanças do Zero | Perpétuo | Conversão;CONVERSIONS;AS002;Público 35-50 | Interesses Investimentos;AD004;Video_Lucas_Apresentacao_v2;Video;Apresentação;instagram;5153;95;23,07;0,24;4,48;1,849;3;0;291,00;12,61;3448;1,30;1552
2025-01-21;CAMP001;Finanças do Zero | Perpétuo | Conversão;CONVERSIONS;AS002;Público 35-50 | Interesses Investimentos;AD004;Video_Lucas_Apresentacao_v2;Video;Apresentação;facebook;4729;75;22,53;0,30;4,77;1,600;2;0;194,00;8,61;3971;1,53;1300
2025-01-22;CAMP001;Finanças do Zero | Perpétuo | Conversão;CONVERSIONS;AS002;Público 35-50 | Interesses Investimentos;AD004;Video_Lucas_Apresentacao_v2;Video;Apresentação;facebook;5625;104;26,51;0,25;4,71;1,858;3;0;291,00;10,98;3806;1,55;1640
2025-01-23;CAMP001;Finanças do Zero | Perpétuo | Conversão;CONVERSIONS;AS002;Público 35-50 | Interesses Investimentos;AD004;Video_Lucas_Apresentacao_v2;Video;Apresentação;facebook;3984;66;25,18;0,38;6,32;1,668;2;0;194,00;7,70;2935;1,35;1214
2025-01-24;CAMP001;Finanças do Zero | Perpétuo | Conversão;CONVERSIONS;AS002;Público 35-50 | Interesses Investimentos;AD004;Video_Lucas_Apresentacao_v2;Video;Apresentação;facebook;5853;93;23,94;0,26;4,09;1,600;3;0;291,00;12,16;4356;1,56;1958
2025-01-25;CAMP001;Finanças do Zero | Perpétuo | Conversão;CONVERSIONS;AS002;Público 35-50 | Interesses Investimentos;AD004;Video_Lucas_Apresentacao_v2;Video;Apresentação;instagram;5824;114;27,97;0,25;4,80;1,973;4;0;388,00;13,87;4845;1,67;1645
2025-01-26;CAMP001;Finanças do Zero | Perpétuo | Conversão;CONVERSIONS;AS002;Público 35-50 | Interesses Investimentos;AD004;Video_Lucas_Apresentacao_v2;Video;Apresentação;instagram;7516;140;24,93;0,18;3,32;1,871;4;0;388,00;15,56;6051;1,49;2405
2025-01-27;CAMP001;Finanças do Zero | Perpétuo | Conversão;CONVERSIONS;AS002;Público 35-50 | Interesses Investimentos;AD004;Video_Lucas_Apresentacao_v2;Video;Apresentação;instagram;5629;112;20,68;0,18;3,67;1,990;3;0;291,00;14,07;3767;1,66;1725
2025-01-28;CAMP001;Finanças do Zero | Perpétuo | Conversão;CONVERSIONS;AS002;Público 35-50 | Interesses Investimentos;AD004;Video_Lucas_Apresentacao_v2;Video;Apresentação;instagram;5541;107;25,32;0,24;4,57;1,949;3;0;291,00;11,49;4559;1,66;1832
2025-01-29;CAMP001;Finanças do Zero | Perpétuo | Conversão;CONVERSIONS;AS002;Público 35-50 | Interesses Investimentos;AD004;Video_Lucas_Apresentacao_v2;Video;Apresentação;instagram;5509;100;23,82;0,24;4,32;1,829;3;0;291,00;12,22;4576;1,26;1717
2025-01-30;CAMP001;Finanças do Zero | Perpétuo | Conversão;CONVERSIONS;AS002;Público 35-50 | Interesses Investimentos;AD004;Video_Lucas_Apresentacao_v2;Video;Apresentação;instagram;6050;107;24,28;0,23;4,01;1,771;3;0;291,00;11,99;5014;1,67;1648
2025-01-31;CAMP001;Finanças do Zero | Perpétuo | Conversão;CONVERSIONS;AS002;Público 35-50 | Interesses Investimentos;AD004;Video_Lucas_Apresentacao_v2;Video;Apresentação;instagram;5834;107;24,22;0,23;4,15;1,838;3;0;291,00;12,01;4105;1,60;1878
2024-02-01;CAMP002;Finanças do Zero | Topo Funil | Awareness;REACH;AS003;Amplo 25-50 | Brasil;AD005;Reels_Dica_Rapida_v1;Reels;Educativo;facebook;9421;102;41,68;0,41;4,42;1,085;0;0;0,00;0,00;7134;1,53;2821
2024-02-02;CAMP002;Finanças do Zero | Topo Funil | Awareness;REACH;AS003;Amplo 25-50 | Brasil;AD005;Reels_Dica_Rapida_v1;Reels;Educativo;facebook;10735;144;37,37;0,26;3,48;1,342;1;0;97,00;2,60;7648;1,22;3486
2024-02-03;CAMP002;Finanças do Zero | Topo Funil | Awareness;REACH;AS003;Amplo 25-50 | Brasil;AD005;Reels_Dica_Rapida_v1;Reels;Educativo;facebook;13071;141;47,72;0,34;3,65;1,081;1;0;97,00;2,03;8718;1,29;3999
2024-02-04;CAMP002;Finanças do Zero | Topo Funil | Awareness;REACH;AS003;Amplo 25-50 | Brasil;AD005;Reels_Dica_Rapida_v1;Reels;Educativo;facebook;12783;141;45,52;0,32;3,56;1,105;1;0;97,00;2,13;9051;1,68;3642
2024-02-05;CAMP002;Finanças do Zero | Topo Funil | Awareness;REACH;AS003;Amplo 25-50 | Brasil;AD005;Reels_Dica_Rapida_v1;Reels;Educativo;facebook;8310;98;39,48;0,40;4,75;1,189;1;0;97,00;2,46;6227;1,21;2327
2024-02-06;CAMP002;Finanças do Zero | Topo Funil | Awareness;REACH;AS003;Amplo 25-50 | Brasil;AD005;Reels_Dica_Rapida_v1;Reels;Educativo;instagram;7996;95;34,85;0,37;4,36;1,192;0;0;0,00;0,00;5700;1,65;2517
2024-02-07;CAMP002;Finanças do Zero | Topo Funil | Awareness;REACH;AS003;Amplo 25-50 | Brasil;AD005;Reels_Dica_Rapida_v1;Reels;Educativo;facebook;9533;109;43,59;0,40;4,57;1,145;1;0;97,00;2,23;7498;1,25;2541
2024-02-08;CAMP002;Finanças do Zero | Topo Funil | Awareness;REACH;AS003;Amplo 25-50 | Brasil;AD005;Reels_Dica_Rapida_v1;Reels;Educativo;instagram;8758;95;40,04;0,42;4,57;1,092;1;0;97,00;2,42;6864;1,28;2677
2024-02-09;CAMP002;Finanças do Zero | Topo Funil | Awareness;REACH;AS003;Amplo 25-50 | Brasil;AD005;Reels_Dica_Rapida_v1;Reels;Educativo;facebook;8558;113;43,56;0,39;5,09;1,327;1;0;97,00;2,23;7027;1,45;2663
2024-02-10;CAMP002;Finanças do Zero | Topo Funil | Awareness;REACH;AS003;Amplo 25-50 | Brasil;AD005;Reels_Dica_Rapida_v1;Reels;Educativo;instagram;8978;116;37,96;0,33;4,23;1,298;1;0;97,00;2,56;6674;1,34;2994
2024-02-11;CAMP002;Finanças do Zero | Topo Funil | Awareness;REACH;AS003;Amplo 25-50 | Brasil;AD005;Reels_Dica_Rapida_v1;Reels;Educativo;facebook;12361;157;50,56;0,32;4,09;1,271;1;0;97,00;1,92;8174;1,49;3960
2024-02-12;CAMP002;Finanças do Zero | Topo Funil | Awareness;REACH;AS003;Amplo 25-50 | Brasil;AD005;Reels_Dica_Rapida_v1;Reels;Educativo;instagram;9798;107;49,56;0,46;5,06;1,099;1;0;97,00;1,96;8154;1,25;3226
2024-02-13;CAMP002;Finanças do Zero | Topo Funil | Awareness;REACH;AS003;Amplo 25-50 | Brasil;AD005;Reels_Dica_Rapida_v1;Reels;Educativo;facebook;9948;125;43,45;0,35;4,37;1,261;1;0;97,00;2,23;6752;1,33;3178
2024-02-14;CAMP002;Finanças do Zero | Topo Funil | Awareness;REACH;AS003;Amplo 25-50 | Brasil;AD005;Reels_Dica_Rapida_v1;Reels;Educativo;instagram;8155;106;46,43;0,44;5,69;1,303;1;0;97,00;2,09;6688;1,27;2736
2024-02-15;CAMP002;Finanças do Zero | Topo Funil | Awareness;REACH;AS003;Amplo 25-50 | Brasil;AD005;Reels_Dica_Rapida_v1;Reels;Educativo;instagram;9754;125;45,51;0,36;4,67;1,286;1;0;97,00;2,13;7383;1,52;3105
2024-02-16;CAMP002;Finanças do Zero | Topo Funil | Awareness;REACH;AS003;Amplo 25-50 | Brasil;AD005;Reels_Dica_Rapida_v1;Reels;Educativo;instagram;7428;95;36,71;0,39;4,94;1,284;0;0;0,00;0,00;6124;1,61;2286
2024-02-17;CAMP002;Finanças do Zero | Topo Funil | Awareness;REACH;AS003;Amplo 25-50 | Brasil;AD005;Reels_Dica_Rapida_v1;Reels;Educativo;facebook;8895;101;40,66;0,40;4,57;1,142;1;0;97,00;2,39;6940;1,14;2719
2024-02-18;CAMP002;Finanças do Zero | Topo Funil | Awareness;REACH;AS003;Amplo 25-50 | Brasil;AD005;Reels_Dica_Rapida_v1;Reels;Educativo;facebook;7235;93;40,03;0,43;5,53;1,293;0;0;0,00;0,00;6023;1,12;2328
2024-02-19;CAMP002;Finanças do Zero | Topo Funil | Awareness;REACH;AS003;Amplo 25-50 | Brasil;AD005;Reels_Dica_Rapida_v1;Reels;Educativo;instagram;10000;120;37,07;0,31;3,71;1,201;1;0;97,00;2,62;7984;1,56;3117
2024-02-20;CAMP002;Finanças do Zero | Topo Funil | Awareness;REACH;AS003;Amplo 25-50 | Brasil;AD005;Reels_Dica_Rapida_v1;Reels;Educativo;instagram;9590;122;40,47;0,33;4,22;1,281;1;0;97,00;2,40;7297;1,64;2758
2024-02-21;CAMP002;Finanças do Zero | Topo Funil | Awareness;REACH;AS003;Amplo 25-50 | Brasil;AD005;Reels_Dica_Rapida_v1;Reels;Educativo;facebook;8446;104;36,35;0,35;4,30;1,242;1;0;97,00;2,67;6989;1,13;2674
2024-02-22;CAMP002;Finanças do Zero | Topo Funil | Awareness;REACH;AS003;Amplo 25-50 | Brasil;AD005;Reels_Dica_Rapida_v1;Reels;Educativo;instagram;7255;85;33,83;0,40;4,66;1,179;0;0;0,00;0,00;5192;1,32;2198
2024-02-23;CAMP002;Finanças do Zero | Topo Funil | Awareness;REACH;AS003;Amplo 25-50 | Brasil;AD005;Reels_Dica_Rapida_v1;Reels;Educativo;instagram;8437;109;44,09;0,40;5,23;1,302;0;0;0,00;0,00;7034;1,25;2296
2024-02-24;CAMP002;Finanças do Zero | Topo Funil | Awareness;REACH;AS003;Amplo 25-50 | Brasil;AD005;Reels_Dica_Rapida_v1;Reels;Educativo;instagram;8888;105;46,40;0,44;5,22;1,190;0;0;0,00;0,00;7122;1,49;2574
2024-02-25;CAMP002;Finanças do Zero | Topo Funil | Awareness;REACH;AS003;Amplo 25-50 | Brasil;AD005;Reels_Dica_Rapida_v1;Reels;Educativo;facebook;8421;94;40,12;0,43;4,76;1,128;0;0;0,00;0,00;7061;1,63;2321
2024-02-26;CAMP002;Finanças do Zero | Topo Funil | Awareness;REACH;AS003;Amplo 25-50 | Brasil;AD005;Reels_Dica_Rapida_v1;Reels;Educativo;instagram;9342;125;35,66;0,29;3,82;1,341;1;0;97,00;2,72;7600;1,32;2999
2024-02-27;CAMP002;Finanças do Zero | Topo Funil | Awareness;REACH;AS003;Amplo 25-50 | Brasil;AD005;Reels_Dica_Rapida_v1;Reels;Educativo;facebook;10939;120;38,43;0,32;3,51;1,104;1;0;97,00;2,52;9141;1,39;3474
2024-02-28;CAMP002;Finanças do Zero | Topo Funil | Awareness;REACH;AS003;Amplo 25-50 | Brasil;AD005;Reels_Dica_Rapida_v1;Reels;Educativo;facebook;12609;149;43,81;0,29;3,47;1,188;1;0;97,00;2,21;8404;1,33;3499
2024-02-29;CAMP002;Finanças do Zero | Topo Funil | Awareness;REACH;AS003;Amplo 25-50 | Brasil;AD005;Reels_Dica_Rapida_v1;Reels;Educativo;instagram;7684;88;39,44;0,45;5,13;1,154;0;0;0,00;0,00;6263;1,12;2075
2024-03-01;CAMP002;Finanças do Zero | Topo Funil | Awareness;REACH;AS003;Amplo 25-50 | Brasil;AD005;Reels_Dica_Rapida_v1;Reels;Educativo;instagram;23832;260;89,05;0,34;3,74;1,095;4;0;388,00;4,36;16242;1,68;7682
2024-03-02;CAMP002;Finanças do Zero | Topo Funil | Awareness;REACH;AS003;Amplo 25-50 | Brasil;AD005;Reels_Dica_Rapida_v1;Reels;Educativo;instagram;22630;266;99,73;0,37;4,41;1,179;3;0;291,00;2,92;17643;1,18;7601
2024-03-03;CAMP002;Finanças do Zero | Topo Funil | Awareness;REACH;AS003;Amplo 25-50 | Brasil;AD005;Reels_Dica_Rapida_v1;Reels;Educativo;instagram;29260;380;94,64;0,25;3,23;1,301;7;0;679,00;7,17;19707;1,67;8374
2024-03-04;CAMP002;Finanças do Zero | Topo Funil | Awareness;REACH;AS003;Amplo 25-50 | Brasil;AD005;Reels_Dica_Rapida_v1;Reels;Educativo;facebook;19304;243;91,02;0,37;4,72;1,261;4;0;388,00;4,26;14000;1,64;5228
2024-03-05;CAMP002;Finanças do Zero | Topo Funil | Awareness;REACH;AS003;Amplo 25-50 | Brasil;AD005;Reels_Dica_Rapida_v1;Reels;Educativo;instagram;23297;260;92,27;0,35;3,96;1,117;4;0;388,00;4,21;16682;1,25;7426
2024-03-06;CAMP002;Finanças do Zero | Topo Funil | Awareness;REACH;AS003;Amplo 25-50 | Brasil;AD005;Reels_Dica_Rapida_v1;Reels;Educativo;instagram;29540;391;127,29;0,33;4,31;1,325;7;0;679,00;5,33;20030;1,43;8657
2024-03-07;CAMP002;Finanças do Zero | Topo Funil | Awareness;REACH;AS003;Amplo 25-50 | Brasil;AD005;Reels_Dica_Rapida_v1;Reels;Educativo;facebook;31694;365;124,15;0,34;3,92;1,152;6;0;582,00;4,69;26331;1,20;9709
2024-03-08;CAMP002;Finanças do Zero | Topo Funil | Awareness;REACH;AS003;Amplo 25-50 | Brasil;AD005;Reels_Dica_Rapida_v1;Reels;Educativo;facebook;28153;341;120,41;0,35;4,28;1,212;4;0;388,00;3,22;18996;1,45;7773
2024-03-09;CAMP002;Finanças do Zero | Topo Funil | Awareness;REACH;AS003;Amplo 25-50 | Brasil;AD005;Reels_Dica_Rapida_v1;Reels;Educativo;facebook;40641;431;162,63;0,38;4,00;1,061;6;0;582,00;3,58;32220;1,52;13135
2024-03-10;CAMP002;Finanças do Zero | Topo Funil | Awareness;REACH;AS003;Amplo 25-50 | Brasil;AD005;Reels_Dica_Rapida_v1;Reels;Educativo;facebook;34970;457;183,06;0,40;5,23;1,308;7;0;679,00;3,71;26181;1,53;9831
2024-03-11;CAMP002;Finanças do Zero | Topo Funil | Awareness;REACH;AS003;Amplo 25-50 | Brasil;AD005;Reels_Dica_Rapida_v1;Reels;Educativo;instagram;42451;484;194,85;0,40;4,59;1,140;6;0;582,00;2,99;34976;1,67;12086
2024-03-12;CAMP002;Finanças do Zero | Topo Funil | Awareness;REACH;AS003;Amplo 25-50 | Brasil;AD005;Reels_Dica_Rapida_v1;Reels;Educativo;instagram;45029;559;182,75;0,33;4,06;1,243;8;0;776,00;4,25;34507;1,67;14308
2024-03-13;CAMP002;Finanças do Zero | Topo Funil | Awareness;REACH;AS003;Amplo 25-50 | Brasil;AD005;Reels_Dica_Rapida_v1;Reels;Educativo;facebook;56100;748;223,71;0,30;3,99;1,335;10;0;970,00;4,34;47105;1,52;17819
2024-03-14;CAMP002;Finanças do Zero | Topo Funil | Awareness;REACH;AS003;Amplo 25-50 | Brasil;AD005;Reels_Dica_Rapida_v1;Reels;Educativo;facebook;51976;692;213,93;0,31;4,12;1,332;11;0;1067,00;4,99;42069;1,49;13773
2024-03-15;CAMP002;Finanças do Zero | Topo Funil | Awareness;REACH;AS003;Amplo 25-50 | Brasil;AD005;Reels_Dica_Rapida_v1;Reels;Educativo;instagram;36563;468;209,97;0,45;5,74;1,282;8;0;776,00;3,70;26624;1,30;11018
2024-03-16;CAMP002;Finanças do Zero | Topo Funil | Awareness;REACH;AS003;Amplo 25-50 | Brasil;AD005;Reels_Dica_Rapida_v1;Reels;Educativo;facebook;55003;642;188,17;0,29;3,42;1,168;8;0;776,00;4,12;41152;1,49;18279
2024-03-17;CAMP002;Finanças do Zero | Topo Funil | Awareness;REACH;AS003;Amplo 25-50 | Brasil;AD005;Reels_Dica_Rapida_v1;Reels;Educativo;instagram;41738;534;189,77;0,36;4,55;1,281;9;0;873,00;4,60;29078;1,54;11350
2024-03-18;CAMP002;Finanças do Zero | Topo Funil | Awareness;REACH;AS003;Amplo 25-50 | Brasil;AD005;Reels_Dica_Rapida_v1;Reels;Educativo;instagram;36158;431;200,28;0,46;5,54;1,192;7;0;679,00;3,39;26128;1,16;11222
2024-03-19;CAMP002;Finanças do Zero | Topo Funil | Awareness;REACH;AS003;Amplo 25-50 | Brasil;AD005;Reels_Dica_Rapida_v1;Reels;Educativo;facebook;42760;499;180,61;0,36;4,22;1,168;6;0;582,00;3,22;28353;1,24;12010
2024-03-20;CAMP002;Finanças do Zero | Topo Funil | Awareness;REACH;AS003;Amplo 25-50 | Brasil;AD005;Reels_Dica_Rapida_v1;Reels;Educativo;instagram;37454;496;167,88;0,34;4,48;1,325;6;0;582,00;3,47;29370;1,52;10620
2024-03-21;CAMP002;Finanças do Zero | Topo Funil | Awareness;REACH;AS003;Amplo 25-50 | Brasil;AD005;Reels_Dica_Rapida_v1;Reels;Educativo;instagram;43510;530;139,84;0,26;3,21;1,219;9;0;873,00;6,24;30690;1,26;12251
2024-03-22;CAMP002;Finanças do Zero | Topo Funil | Awareness;REACH;AS003;Amplo 25-50 | Brasil;AD005;Reels_Dica_Rapida_v1;Reels;Educativo;facebook;45254;598;155,38;0,26;3,43;1,322;11;0;1067,00;6,87;31082;1,47;12010
2024-03-23;CAMP002;Finanças do Zero | Topo Funil | Awareness;REACH;AS003;Amplo 25-50 | Brasil;AD005;Reels_Dica_Rapida_v1;Reels;Educativo;instagram;33451;399;127,68;0,32;3,82;1,195;5;0;485,00;3,80;23589;1,53;10768
2024-03-24;CAMP002;Finanças do Zero | Topo Funil | Awareness;REACH;AS003;Amplo 25-50 | Brasil;AD005;Reels_Dica_Rapida_v1;Reels;Educativo;facebook;29445;358;129,36;0,36;4,39;1,219;5;0;485,00;3,75;24152;1,33;8461
2024-03-25;CAMP002;Finanças do Zero | Topo Funil | Awareness;REACH;AS003;Amplo 25-50 | Brasil;AD005;Reels_Dica_Rapida_v1;Reels;Educativo;facebook;26335;315;115,85;0,37;4,40;1,198;4;0;388,00;3,35;17870;1,43;8651
2024-03-26;CAMP002;Finanças do Zero | Topo Funil | Awareness;REACH;AS003;Amplo 25-50 | Brasil;AD005;Reels_Dica_Rapida_v1;Reels;Educativo;instagram;23118;310;91,34;0,29;3,95;1,343;4;0;388,00;4,25;18247;1,50;6470
2024-03-27;CAMP002;Finanças do Zero | Topo Funil | Awareness;REACH;AS003;Amplo 25-50 | Brasil;AD005;Reels_Dica_Rapida_v1;Reels;Educativo;instagram;17147;210;78,46;0,37;4,58;1,225;2;0;194,00;2,47;14073;1,28;4642
2024-03-28;CAMP002;Finanças do Zero | Topo Funil | Awareness;REACH;AS003;Amplo 25-50 | Brasil;AD005;Reels_Dica_Rapida_v1;Reels;Educativo;facebook;22177;272;95,79;0,35;4,32;1,228;4;0;388,00;4,05;14813;1,65;6954
2024-03-29;CAMP002;Finanças do Zero | Topo Funil | Awareness;REACH;AS003;Amplo 25-50 | Brasil;AD005;Reels_Dica_Rapida_v1;Reels;Educativo;instagram;23544;305;80,67;0,26;3,43;1,299;5;0;485,00;6,01;19300;1,24;6385
2024-03-30;CAMP002;Finanças do Zero | Topo Funil | Awareness;REACH;AS003;Amplo 25-50 | Brasil;AD005;Reels_Dica_Rapida_v1;Reels;Educativo;facebook;18501;232;78,80;0,34;4,26;1,257;4;0;388,00;4,92;12300;1,54;5014
2024-03-31;CAMP002;Finanças do Zero | Topo Funil | Awareness;REACH;AS003;Amplo 25-50 | Brasil;AD005;Reels_Dica_Rapida_v1;Reels;Educativo;facebook;15766;173;84,30;0,49;5,35;1,101;3;0;291,00;3,45;12753;1,53;4386
2024-04-01;CAMP002;Finanças do Zero | Topo Funil | Awareness;REACH;AS003;Amplo 25-50 | Brasil;AD005;Reels_Dica_Rapida_v1;Reels;Educativo;instagram;7202;76;40,29;0,53;5,59;1,065;0;0;0,00;0,00;5566;1,53;2357
2024-04-02;CAMP002;Finanças do Zero | Topo Funil | Awareness;REACH;AS003;Amplo 25-50 | Brasil;AD005;Reels_Dica_Rapida_v1;Reels;Educativo;instagram;8942;117;35,11;0,30;3,93;1,316;1;0;97,00;2,76;5958;1,12;2473
2024-04-03;CAMP002;Finanças do Zero | Topo Funil | Awareness;REACH;AS003;Amplo 25-50 | Brasil;AD005;Reels_Dica_Rapida_v1;Reels;Educativo;facebook;8914;96;40,93;0,43;4,59;1,077;0;0;0,00;0,00;6310;1,36;2687
2024-04-04;CAMP002;Finanças do Zero | Topo Funil | Awareness;REACH;AS003;Amplo 25-50 | Brasil;AD005;Reels_Dica_Rapida_v1;Reels;Educativo;instagram;11457;150;46,07;0,31;4,02;1,315;1;0;97,00;2,11;7886;1,67;3847
2024-04-05;CAMP002;Finanças do Zero | Topo Funil | Awareness;REACH;AS003;Amplo 25-50 | Brasil;AD005;Reels_Dica_Rapida_v1;Reels;Educativo;instagram;10900;134;40,78;0,30;3,74;1,232;1;0;97,00;2,38;8383;1,28;3604
2024-04-06;CAMP002;Finanças do Zero | Topo Funil | Awareness;REACH;AS003;Amplo 25-50 | Brasil;AD005;Reels_Dica_Rapida_v1;Reels;Educativo;facebook;11866;151;46,18;0,31;3,89;1,278;1;0;97,00;2,10;9533;1,17;3240
2024-04-07;CAMP002;Finanças do Zero | Topo Funil | Awareness;REACH;AS003;Amplo 25-50 | Brasil;AD005;Reels_Dica_Rapida_v1;Reels;Educativo;facebook;10349;125;43,94;0,35;4,25;1,217;1;0;97,00;2,21;6928;1,48;2866
2024-04-08;CAMP002;Finanças do Zero | Topo Funil | Awareness;REACH;AS003;Amplo 25-50 | Brasil;AD005;Reels_Dica_Rapida_v1;Reels;Educativo;facebook;10946;142;40,07;0,28;3,66;1,303;1;0;97,00;2,42;7892;1,16;3313
2024-04-09;CAMP002;Finanças do Zero | Topo Funil | Awareness;REACH;AS003;Amplo 25-50 | Brasil;AD005;Reels_Dica_Rapida_v1;Reels;Educativo;facebook;7554;89;35,83;0,40;4,74;1,179;1;0;97,00;2,71;5935;1,23;2042
2024-04-10;CAMP002;Finanças do Zero | Topo Funil | Awareness;REACH;AS003;Amplo 25-50 | Brasil;AD005;Reels_Dica_Rapida_v1;Reels;Educativo;instagram;8299;89;38,93;0,44;4,69;1,079;0;0;0,00;0,00;6960;1,38;2392
2024-04-11;CAMP002;Finanças do Zero | Topo Funil | Awareness;REACH;AS003;Amplo 25-50 | Brasil;AD005;Reels_Dica_Rapida_v1;Reels;Educativo;instagram;5875;62;38,03;0,61;6,47;1,063;0;0;0,00;0,00;4051;1,14;1864
2024-04-12;CAMP002;Finanças do Zero | Topo Funil | Awareness;REACH;AS003;Amplo 25-50 | Brasil;AD005;Reels_Dica_Rapida_v1;Reels;Educativo;instagram;8365;107;42,36;0,40;5,06;1,288;1;0;97,00;2,29;5607;1,62;2588
2024-04-13;CAMP002;Finanças do Zero | Topo Funil | Awareness;REACH;AS003;Amplo 25-50 | Brasil;AD005;Reels_Dica_Rapida_v1;Reels;Educativo;instagram;8431;98;48,64;0,50;5,77;1,165;0;0;0,00;0,00;6706;1,63;2384
2024-04-14;CAMP002;Finanças do Zero | Topo Funil | Awareness;REACH;AS003;Amplo 25-50 | Brasil;AD005;Reels_Dica_Rapida_v1;Reels;Educativo;facebook;10918;130;41,55;0,32;3,81;1,193;1;0;97,00;2,33;7501;1,63;3530
2024-04-15;CAMP002;Finanças do Zero | Topo Funil | Awareness;REACH;AS003;Amplo 25-50 | Brasil;AD005;Reels_Dica_Rapida_v1;Reels;Educativo;facebook;8431;90;37,98;0,42;4,51;1,068;0;0;0,00;0,00;5568;1,13;2384
2024-04-16;CAMP002;Finanças do Zero | Topo Funil | Awareness;REACH;AS003;Amplo 25-50 | Brasil;AD005;Reels_Dica_Rapida_v1;Reels;Educativo;facebook;7983;96;37,40;0,39;4,68;1,205;0;0;0,00;0,00;5607;1,35;2193
2024-04-17;CAMP002;Finanças do Zero | Topo Funil | Awareness;REACH;AS003;Amplo 25-50 | Brasil;AD005;Reels_Dica_Rapida_v1;Reels;Educativo;instagram;7554;87;40,43;0,46;5,35;1,161;0;0;0,00;0,00;5977;1,56;2294
2024-04-18;CAMP002;Finanças do Zero | Topo Funil | Awareness;REACH;AS003;Amplo 25-50 | Brasil;AD005;Reels_Dica_Rapida_v1;Reels;Educativo;instagram;8131;99;34,36;0,35;4,23;1,229;1;0;97,00;2,82;6517;1,38;2156
2024-04-19;CAMP002;Finanças do Zero | Topo Funil | Awareness;REACH;AS003;Amplo 25-50 | Brasil;AD005;Reels_Dica_Rapida_v1;Reels;Educativo;facebook;11425;126;46,75;0,37;4,09;1,109;1;0;97,00;2,07;9449;1,27;3727
2024-04-20;CAMP002;Finanças do Zero | Topo Funil | Awareness;REACH;AS003;Amplo 25-50 | Brasil;AD005;Reels_Dica_Rapida_v1;Reels;Educativo;facebook;10856;137;46,88;0,34;4,32;1,269;1;0;97,00;2,07;8234;1,53;3236
2024-04-21;CAMP002;Finanças do Zero | Topo Funil | Awareness;REACH;AS003;Amplo 25-50 | Brasil;AD005;Reels_Dica_Rapida_v1;Reels;Educativo;facebook;9389;104;52,05;0,50;5,54;1,110;1;0;97,00;1,86;6458;1,34;2522
2024-04-22;CAMP002;Finanças do Zero | Topo Funil | Awareness;REACH;AS003;Amplo 25-50 | Brasil;AD005;Reels_Dica_Rapida_v1;Reels;Educativo;instagram;9923;121;39,74;0,33;4,00;1,221;1;0;97,00;2,44;7080;1,53;2634
2024-04-23;CAMP002;Finanças do Zero | Topo Funil | Awareness;REACH;AS003;Amplo 25-50 | Brasil;AD005;Reels_Dica_Rapida_v1;Reels;Educativo;instagram;10472;136;47,35;0,35;4,52;1,299;1;0;97,00;2,05;7066;1,18;3423
2024-04-24;CAMP002;Finanças do Zero | Topo Funil | Awareness;REACH;AS003;Amplo 25-50 | Brasil;AD005;Reels_Dica_Rapida_v1;Reels;Educativo;facebook;10357;119;43,21;0,36;4,17;1,158;1;0;97,00;2,24;7183;1,54;3322
2024-04-25;CAMP002;Finanças do Zero | Topo Funil | Awareness;REACH;AS003;Amplo 25-50 | Brasil;AD005;Reels_Dica_Rapida_v1;Reels;Educativo;facebook;9508;105;40,13;0,38;4,22;1,111;1;0;97,00;2,42;7079;1,53;2720
2024-04-26;CAMP002;Finanças do Zero | Topo Funil | Awareness;REACH;AS003;Amplo 25-50 | Brasil;AD005;Reels_Dica_Rapida_v1;Reels;Educativo;facebook;11777;142;48,96;0,34;4,16;1,209;1;0;97,00;1,98;9321;1,13;3421
2024-04-27;CAMP002;Finanças do Zero | Topo Funil | Awareness;REACH;AS003;Amplo 25-50 | Brasil;AD005;Reels_Dica_Rapida_v1;Reels;Educativo;facebook;9752;112;51,25;0,46;5,25;1,151;1;0;97,00;1,89;7618;1,38;2813
2024-04-28;CAMP002;Finanças do Zero | Topo Funil | Awareness;REACH;AS003;Amplo 25-50 | Brasil;AD005;Reels_Dica_Rapida_v1;Reels;Educativo;instagram;11738;130;40,88;0,31;3,48;1,115;1;0;97,00;2,37;8157;1,66;3543
2024-04-29;CAMP002;Finanças do Zero | Topo Funil | Awareness;REACH;AS003;Amplo 25-50 | Brasil;AD005;Reels_Dica_Rapida_v1;Reels;Educativo;instagram;10263;132;44,37;0,34;4,32;1,288;1;0;97,00;2,19;7745;1,17;3242
2024-04-30;CAMP002;Finanças do Zero | Topo Funil | Awareness;REACH;AS003;Amplo 25-50 | Brasil;AD005;Reels_Dica_Rapida_v1;Reels;Educativo;facebook;10588;129;40,86;0,32;3,86;1,227;1;0;97,00;2,37;7244;1,23;3286
2024-05-01;CAMP002;Finanças do Zero | Topo Funil | Awareness;REACH;AS003;Amplo 25-50 | Brasil;AD005;Reels_Dica_Rapida_v1;Reels;Educativo;instagram;8416;90;41,58;0,46;4,94;1,078;0;0;0,00;0,00;6703;1,54;2420
2024-05-02;CAMP002;Finanças do Zero | Topo Funil | Awareness;REACH;AS003;Amplo 25-50 | Brasil;AD005;Reels_Dica_Rapida_v1;Reels;Educativo;facebook;9204;111;39,78;0,36;4,32;1,215;1;0;97,00;2,44;7584;1,62;2568
2024-05-03;CAMP002;Finanças do Zero | Topo Funil | Awareness;REACH;AS003;Amplo 25-50 | Brasil;AD005;Reels_Dica_Rapida_v1;Reels;Educativo;facebook;9872;116;35,58;0,31;3,60;1,176;1;0;97,00;2,73;6949;1,59;2874
2024-05-04;CAMP002;Finanças do Zero | Topo Funil | Awareness;REACH;AS003;Amplo 25-50 | Brasil;AD005;Reels_Dica_Rapida_v1;Reels;Educativo;instagram;10783;144;43,30;0,30;4,02;1,338;1;0;97,00;2,24;8895;1,53;3531
2024-05-05;CAMP002;Finanças do Zero | Topo Funil | Awareness;REACH;AS003;Amplo 25-50 | Brasil;AD005;Reels_Dica_Rapida_v1;Reels;Educativo;facebook;10790;141;46,19;0,33;4,28;1,311;1;0;97,00;2,10;8812;1,46;3345
2024-05-06;CAMP002;Finanças do Zero | Topo Funil | Awareness;REACH;AS003;Amplo 25-50 | Brasil;AD005;Reels_Dica_Rapida_v1;Reels;Educativo;facebook;7717;93;39,81;0,43;5,16;1,209;0;0;0,00;0,00;6144;1,13;2263
2024-05-07;CAMP002;Finanças do Zero | Topo Funil | Awareness;REACH;AS003;Amplo 25-50 | Brasil;AD005;Reels_Dica_Rapida_v1;Reels;Educativo;instagram;10741;129;39,48;0,31;3,68;1,202;1;0;97,00;2,46;7741;1,37;2894
2024-05-08;CAMP002;Finanças do Zero | Topo Funil | Awareness;REACH;AS003;Amplo 25-50 | Brasil;AD005;Reels_Dica_Rapida_v1;Reels;Educativo;facebook;7652;83;41,52;0,50;5,43;1,093;0;0;0,00;0,00;6192;1,65;2367
2024-05-09;CAMP002;Finanças do Zero | Topo Funil | Awareness;REACH;AS003;Amplo 25-50 | Brasil;AD005;Reels_Dica_Rapida_v1;Reels;Educativo;facebook;9513;112;43,47;0,39;4,57;1,181;1;0;97,00;2,23;6478;1,15;2599
2024-05-10;CAMP002;Finanças do Zero | Topo Funil | Awareness;REACH;AS003;Amplo 25-50 | Brasil;AD005;Reels_Dica_Rapida_v1;Reels;Educativo;instagram;7219;96;41,32;0,43;5,72;1,341;0;0;0,00;0,00;5281;1,23;2221
2024-05-11;CAMP002;Finanças do Zero | Topo Funil | Awareness;REACH;AS003;Amplo 25-50 | Brasil;AD005;Reels_Dica_Rapida_v1;Reels;Educativo;facebook;12337;132;51,69;0,39;4,19;1,077;1;0;97,00;1,88;9846;1,24;3482
2024-05-12;CAMP002;Finanças do Zero | Topo Funil | Awareness;REACH;AS003;Amplo 25-50 | Brasil;AD005;Reels_Dica_Rapida_v1;Reels;Educativo;instagram;8051;95;44,75;0,47;5,56;1,182;0;0;0,00;0,00;5928;1,47;2450
2024-05-13;CAMP002;Finanças do Zero | Topo Funil | Awareness;REACH;AS003;Amplo 25-50 | Brasil;AD005;Reels_Dica_Rapida_v1;Reels;Educativo;instagram;12386;141;49,48;0,35;4,00;1,140;1;0;97,00;1,96;10173;1,18;3274
2024-05-14;CAMP002;Finanças do Zero | Topo Funil | Awareness;REACH;AS003;Amplo 25-50 | Brasil;AD005;Reels_Dica_Rapida_v1;Reels;Educativo;facebook;8762;104;40,04;0,39;4,57;1,193;1;0;97,00;2,42;6425;1,43;2446
2024-05-15;CAMP002;Finanças do Zero | Topo Funil | Awareness;REACH;AS003;Amplo 25-50 | Brasil;AD005;Reels_Dica_Rapida_v1;Reels;Educativo;facebook;9502;110;39,13;0,36;4,12;1,163;1;0;97,00;2,48;7139;1,13;3188
2024-05-16;CAMP002;Finanças do Zero | Topo Funil | Awareness;REACH;AS003;Amplo 25-50 | Brasil;AD005;Reels_Dica_Rapida_v1;Reels;Educativo;instagram;7544;99;43,37;0,44;5,75;1,325;1;0;97,00;2,24;5770;1,37;2081
2024-05-17;CAMP002;Finanças do Zero | Topo Funil | Awareness;REACH;AS003;Amplo 25-50 | Brasil;AD005;Reels_Dica_Rapida_v1;Reels;Educativo;instagram;11450;146;45,71;0,31;3,99;1,277;1;0;97,00;2,12;9268;1,33;3551
2024-05-18;CAMP002;Finanças do Zero | Topo Funil | Awareness;REACH;AS003;Amplo 25-50 | Brasil;AD005;Reels_Dica_Rapida_v1;Reels;Educativo;facebook;12960;168;51,90;0,31;4,00;1,302;1;0;97,00;1,87;9802;1,41;3763
2024-05-19;CAMP002;Finanças do Zero | Topo Funil | Awareness;REACH;AS003;Amplo 25-50 | Brasil;AD005;Reels_Dica_Rapida_v1;Reels;Educativo;instagram;11558;125;42,88;0,34;3,71;1,086;1;0;97,00;2,26;8813;1,40;3710
2024-05-20;CAMP002;Finanças do Zero | Topo Funil | Awareness;REACH;AS003;Amplo 25-50 | Brasil;AD005;Reels_Dica_Rapida_v1;Reels;Educativo;facebook;13665;177;41,11;0,23;3,01;1,298;1;0;97,00;2,36;10928;1,24;4030
2024-05-21;CAMP002;Finanças do Zero | Topo Funil | Awareness;REACH;AS003;Amplo 25-50 | Brasil;AD005;Reels_Dica_Rapida_v1;Reels;Educativo;facebook;10464;111;43,69;0,39;4,17;1,063;1;0;97,00;2,22;7767;1,21;3077
2024-05-22;CAMP002;Finanças do Zero | Topo Funil | Awareness;REACH;AS003;Amplo 25-50 | Brasil;AD005;Reels_Dica_Rapida_v1;Reels;Educativo;facebook;10292;125;42,61;0,34;4,14;1,218;1;0;97,00;2,28;7396;1,25;3208
2024-05-23;CAMP002;Finanças do Zero | Topo Funil | Awareness;REACH;AS003;Amplo 25-50 | Brasil;AD005;Reels_Dica_Rapida_v1;Reels;Educativo;instagram;12319;153;46,11;0,30;3,74;1,245;1;0;97,00;2,10;9966;1,13;4048
2024-05-24;CAMP002;Finanças do Zero | Topo Funil | Awareness;REACH;AS003;Amplo 25-50 | Brasil;AD005;Reels_Dica_Rapida_v1;Reels;Educativo;facebook;11328;142;42,43;0,30;3,75;1,256;1;0;97,00;2,29;8304;1,31;3612
2024-05-25;CAMP002;Finanças do Zero | Topo Funil | Awareness;REACH;AS003;Amplo 25-50 | Brasil;AD005;Reels_Dica_Rapida_v1;Reels;Educativo;facebook;9395;114;41,94;0,37;4,46;1,215;1;0;97,00;2,31;7762;1,31;2626
2024-05-26;CAMP002;Finanças do Zero | Topo Funil | Awareness;REACH;AS003;Amplo 25-50 | Brasil;AD005;Reels_Dica_Rapida_v1;Reels;Educativo;instagram;10999;144;50,36;0,35;4,58;1,310;1;0;97,00;1,93;8390;1,57;3680
2024-05-27;CAMP002;Finanças do Zero | Topo Funil | Awareness;REACH;AS003;Amplo 25-50 | Brasil;AD005;Reels_Dica_Rapida_v1;Reels;Educativo;instagram;8420;102;41,83;0,41;4,97;1,212;0;0;0,00;0,00;6845;1,57;2387
2024-05-28;CAMP002;Finanças do Zero | Topo Funil | Awareness;REACH;AS003;Amplo 25-50 | Brasil;AD005;Reels_Dica_Rapida_v1;Reels;Educativo;instagram;13129;167;42,11;0,25;3,21;1,273;1;0;97,00;2,30;10083;1,49;4323
2024-05-29;CAMP002;Finanças do Zero | Topo Funil | Awareness;REACH;AS003;Amplo 25-50 | Brasil;AD005;Reels_Dica_Rapida_v1;Reels;Educativo;facebook;10339;120;45,37;0,38;4,39;1,168;1;0;97,00;2,14;8339;1,17;2978
2024-05-30;CAMP002;Finanças do Zero | Topo Funil | Awareness;REACH;AS003;Amplo 25-50 | Brasil;AD005;Reels_Dica_Rapida_v1;Reels;Educativo;instagram;11006;132;41,67;0,32;3,79;1,208;1;0;97,00;2,33;8511;1,28;2963
2024-05-31;CAMP002;Finanças do Zero | Topo Funil | Awareness;REACH;AS003;Amplo 25-50 | Brasil;AD005;Reels_Dica_Rapida_v1;Reels;Educativo;instagram;8011;99;40,76;0,41;5,09;1,237;0;0;0,00;0,00;6213;1,45;2476
2024-06-01;CAMP002;Finanças do Zero | Topo Funil | Awareness;REACH;AS003;Amplo 25-50 | Brasil;AD005;Reels_Dica_Rapida_v1;Reels;Educativo;instagram;9319;122;39,31;0,32;4,22;1,314;1;0;97,00;2,47;6422;1,46;2939
2024-06-02;CAMP002;Finanças do Zero | Topo Funil | Awareness;REACH;AS003;Amplo 25-50 | Brasil;AD005;Reels_Dica_Rapida_v1;Reels;Educativo;facebook;8728;109;50,08;0,46;5,74;1,249;1;0;97,00;1,94;6932;1,31;2613
2024-06-03;CAMP002;Finanças do Zero | Topo Funil | Awareness;REACH;AS003;Amplo 25-50 | Brasil;AD005;Reels_Dica_Rapida_v1;Reels;Educativo;instagram;9657;106;38,93;0,37;4,03;1,102;1;0;97,00;2,49;6413;1,46;3200
2024-06-04;CAMP002;Finanças do Zero | Topo Funil | Awareness;REACH;AS003;Amplo 25-50 | Brasil;AD005;Reels_Dica_Rapida_v1;Reels;Educativo;instagram;10141;120;40,98;0,34;4,04;1,187;1;0;97,00;2,37;7346;1,19;3356
2024-06-05;CAMP002;Finanças do Zero | Topo Funil | Awareness;REACH;AS003;Amplo 25-50 | Brasil;AD005;Reels_Dica_Rapida_v1;Reels;Educativo;facebook;10439;138;39,06;0,28;3,74;1,323;1;0;97,00;2,48;8163;1,23;2814
2024-06-06;CAMP002;Finanças do Zero | Topo Funil | Awareness;REACH;AS003;Amplo 25-50 | Brasil;AD005;Reels_Dica_Rapida_v1;Reels;Educativo;instagram;7922;102;38,24;0,37;4,83;1,294;1;0;97,00;2,54;5935;1,30;2418
2024-06-07;CAMP002;Finanças do Zero | Topo Funil | Awareness;REACH;AS003;Amplo 25-50 | Brasil;AD005;Reels_Dica_Rapida_v1;Reels;Educativo;facebook;7312;91;36,65;0,40;5,01;1,248;0;0;0,00;0,00;5781;1,27;2019
2024-06-08;CAMP002;Finanças do Zero | Topo Funil | Awareness;REACH;AS003;Amplo 25-50 | Brasil;AD005;Reels_Dica_Rapida_v1;Reels;Educativo;instagram;9548;102;45,17;0,44;4,73;1,068;1;0;97,00;2,15;8011;1,36;2683
2024-06-09;CAMP002;Finanças do Zero | Topo Funil | Awareness;REACH;AS003;Amplo 25-50 | Brasil;AD005;Reels_Dica_Rapida_v1;Reels;Educativo;instagram;8035;87;43,03;0,49;5,36;1,087;0;0;0,00;0,00;6268;1,38;2219
2024-06-10;CAMP002;Finanças do Zero | Topo Funil | Awareness;REACH;AS003;Amplo 25-50 | Brasil;AD005;Reels_Dica_Rapida_v1;Reels;Educativo;facebook;6535;78;35,37;0,45;5,41;1,198;0;0;0,00;0,00;4433;1,42;1816
2024-06-11;CAMP002;Finanças do Zero | Topo Funil | Awareness;REACH;AS003;Amplo 25-50 | Brasil;AD005;Reels_Dica_Rapida_v1;Reels;Educativo;instagram;10884;137;43,07;0,31;3,96;1,268;1;0;97,00;2,25;7641;1,53;3207
2024-06-12;CAMP002;Finanças do Zero | Topo Funil | Awareness;REACH;AS003;Amplo 25-50 | Brasil;AD005;Reels_Dica_Rapida_v1;Reels;Educativo;instagram;12344;160;49,85;0,31;4,04;1,300;1;0;97,00;1,95;9054;1,50;3559
2024-06-13;CAMP002;Finanças do Zero | Topo Funil | Awareness;REACH;AS003;Amplo 25-50 | Brasil;AD005;Reels_Dica_Rapida_v1;Reels;Educativo;instagram;10260;129;43,06;0,33;4,20;1,258;1;0;97,00;2,25;8028;1,48;3443
2024-06-14;CAMP002;Finanças do Zero | Topo Funil | Awareness;REACH;AS003;Amplo 25-50 | Brasil;AD005;Reels_Dica_Rapida_v1;Reels;Educativo;facebook;10237;115;46,34;0,40;4,53;1,124;1;0;97,00;2,09;8341;1,56;2713
2024-06-15;CAMP002;Finanças do Zero | Topo Funil | Awareness;REACH;AS003;Amplo 25-50 | Brasil;AD005;Reels_Dica_Rapida_v1;Reels;Educativo;facebook;9870;109;51,49;0,47;5,22;1,105;0;0;0,00;0,00;6667;1,32;2885
2024-06-16;CAMP002;Finanças do Zero | Topo Funil | Awareness;REACH;AS003;Amplo 25-50 | Brasil;AD005;Reels_Dica_Rapida_v1;Reels;Educativo;facebook;11740;139;51,30;0,37;4,37;1,185;1;0;97,00;1,89;9296;1,27;3541
2024-06-17;CAMP002;Finanças do Zero | Topo Funil | Awareness;REACH;AS003;Amplo 25-50 | Brasil;AD005;Reels_Dica_Rapida_v1;Reels;Educativo;facebook;9943;121;41,23;0,34;4,15;1,220;1;0;97,00;2,35;7560;1,54;3007
2024-06-18;CAMP002;Finanças do Zero | Topo Funil | Awareness;REACH;AS003;Amplo 25-50 | Brasil;AD005;Reels_Dica_Rapida_v1;Reels;Educativo;facebook;9272;118;44,70;0,38;4,82;1,282;1;0;97,00;2,17;7608;1,65;2473
2024-06-19;CAMP002;Finanças do Zero | Topo Funil | Awareness;REACH;AS003;Amplo 25-50 | Brasil;AD005;Reels_Dica_Rapida_v1;Reels;Educativo;instagram;7648;95;42,92;0,45;5,61;1,247;0;0;0,00;0,00;5746;1,67;2179
2024-06-20;CAMP002;Finanças do Zero | Topo Funil | Awareness;REACH;AS003;Amplo 25-50 | Brasil;AD005;Reels_Dica_Rapida_v1;Reels;Educativo;instagram;9960;119;40,82;0,34;4,10;1,204;1;0;97,00;2,38;7195;1,48;3078
2024-06-21;CAMP002;Finanças do Zero | Topo Funil | Awareness;REACH;AS003;Amplo 25-50 | Brasil;AD005;Reels_Dica_Rapida_v1;Reels;Educativo;facebook;12441;154;37,74;0,25;3,03;1,245;1;0;97,00;2,57;10215;1,64;3644
2024-06-22;CAMP002;Finanças do Zero | Topo Funil | Awareness;REACH;AS003;Amplo 25-50 | Brasil;AD005;Reels_Dica_Rapida_v1;Reels;Educativo;facebook;9650;102;47,12;0,46;4,88;1,064;1;0;97,00;2,06;8042;1,27;2591
2024-06-23;CAMP002;Finanças do Zero | Topo Funil | Awareness;REACH;AS003;Amplo 25-50 | Brasil;AD005;Reels_Dica_Rapida_v1;Reels;Educativo;instagram;13315;155;48,44;0,31;3,64;1,167;1;0;97,00;2,00;10000;1,47;4204
2024-06-24;CAMP002;Finanças do Zero | Topo Funil | Awareness;REACH;AS003;Amplo 25-50 | Brasil;AD005;Reels_Dica_Rapida_v1;Reels;Educativo;instagram;9798;117;39,59;0,34;4,04;1,198;1;0;97,00;2,45;7668;1,56;2587
2024-06-25;CAMP002;Finanças do Zero | Topo Funil | Awareness;REACH;AS003;Amplo 25-50 | Brasil;AD005;Reels_Dica_Rapida_v1;Reels;Educativo;instagram;11651;146;42,48;0,29;3,65;1,256;1;0;97,00;2,28;9274;1,49;3403
2024-06-26;CAMP002;Finanças do Zero | Topo Funil | Awareness;REACH;AS003;Amplo 25-50 | Brasil;AD005;Reels_Dica_Rapida_v1;Reels;Educativo;facebook;9433;117;39,76;0,34;4,22;1,250;1;0;97,00;2,44;7547;1,62;2723
2024-06-27;CAMP002;Finanças do Zero | Topo Funil | Awareness;REACH;AS003;Amplo 25-50 | Brasil;AD005;Reels_Dica_Rapida_v1;Reels;Educativo;instagram;9314;114;40,07;0,35;4,30;1,227;1;0;97,00;2,42;6458;1,32;2624
2024-06-28;CAMP002;Finanças do Zero | Topo Funil | Awareness;REACH;AS003;Amplo 25-50 | Brasil;AD005;Reels_Dica_Rapida_v1;Reels;Educativo;facebook;12342;158;50,91;0,32;4,12;1,283;1;0;97,00;1,91;9359;1,24;4059
2024-06-29;CAMP002;Finanças do Zero | Topo Funil | Awareness;REACH;AS003;Amplo 25-50 | Brasil;AD005;Reels_Dica_Rapida_v1;Reels;Educativo;instagram;8824;110;44,73;0,41;5,07;1,253;1;0;97,00;2,17;6971;1,22;2921
2024-06-30;CAMP002;Finanças do Zero | Topo Funil | Awareness;REACH;AS003;Amplo 25-50 | Brasil;AD005;Reels_Dica_Rapida_v1;Reels;Educativo;facebook;11498;127;47,87;0,38;4,16;1,105;1;0;97,00;2,03;8299;1,24;3538
2024-07-01;CAMP002;Finanças do Zero | Topo Funil | Awareness;REACH;AS003;Amplo 25-50 | Brasil;AD005;Reels_Dica_Rapida_v1;Reels;Educativo;facebook;19566;212;104,66;0,49;5,35;1,087;3;0;291,00;2,78;16265;1,33;5855
2024-07-02;CAMP002;Finanças do Zero | Topo Funil | Awareness;REACH;AS003;Amplo 25-50 | Brasil;AD005;Reels_Dica_Rapida_v1;Reels;Educativo;instagram;20673;254;83,55;0,33;4,04;1,232;4;0;388,00;4,64;16713;1,55;5791
2024-07-03;CAMP002;Finanças do Zero | Topo Funil | Awareness;REACH;AS003;Amplo 25-50 | Brasil;AD005;Reels_Dica_Rapida_v1;Reels;Educativo;facebook;19508;234;92,13;0,39;4,72;1,204;3;0;291,00;3,16;16084;1,64;5991
2024-07-04;CAMP002;Finanças do Zero | Topo Funil | Awareness;REACH;AS003;Amplo 25-50 | Brasil;AD005;Reels_Dica_Rapida_v1;Reels;Educativo;instagram;19800;222;88,05;0,40;4,45;1,124;3;0;291,00;3,30;13817;1,17;5665
2024-07-05;CAMP002;Finanças do Zero | Topo Funil | Awareness;REACH;AS003;Amplo 25-50 | Brasil;AD005;Reels_Dica_Rapida_v1;Reels;Educativo;facebook;21907;238;97,23;0,41;4,44;1,087;4;0;388,00;3,99;17682;1,33;6534
2024-07-06;CAMP002;Finanças do Zero | Topo Funil | Awareness;REACH;AS003;Amplo 25-50 | Brasil;AD005;Reels_Dica_Rapida_v1;Reels;Educativo;instagram;26924;350;121,41;0,35;4,51;1,301;4;0;388,00;3,20;22387;1,66;7398
2024-07-07;CAMP002;Finanças do Zero | Topo Funil | Awareness;REACH;AS003;Amplo 25-50 | Brasil;AD005;Reels_Dica_Rapida_v1;Reels;Educativo;instagram;33455;361;144,38;0,40;4,32;1,081;6;0;582,00;4,03;25788;1,22;11115
2024-07-08;CAMP002;Finanças do Zero | Topo Funil | Awareness;REACH;AS003;Amplo 25-50 | Brasil;AD005;Reels_Dica_Rapida_v1;Reels;Educativo;instagram;29717;376;111,86;0,30;3,76;1,267;5;0;485,00;4,34;21544;1,39;8348
2024-07-09;CAMP002;Finanças do Zero | Topo Funil | Awareness;REACH;AS003;Amplo 25-50 | Brasil;AD005;Reels_Dica_Rapida_v1;Reels;Educativo;instagram;38328;503;149,19;0,30;3,89;1,312;9;0;873,00;5,85;28167;1,43;12755
2024-07-10;CAMP002;Finanças do Zero | Topo Funil | Awareness;REACH;AS003;Amplo 25-50 | Brasil;AD005;Reels_Dica_Rapida_v1;Reels;Educativo;facebook;42675;516;193,90;0,38;4,54;1,211;7;0;679,00;3,50;31950;1,60;12304
2024-07-11;CAMP002;Finanças do Zero | Topo Funil | Awareness;REACH;AS003;Amplo 25-50 | Brasil;AD005;Reels_Dica_Rapida_v1;Reels;Educativo;instagram;46712;538;178,43;0,33;3,82;1,154;8;0;776,00;4,35;37452;1,66;15162
2024-07-12;CAMP002;Finanças do Zero | Topo Funil | Awareness;REACH;AS003;Amplo 25-50 | Brasil;AD005;Reels_Dica_Rapida_v1;Reels;Educativo;instagram;41285;450;193,34;0,43;4,68;1,090;5;0;485,00;2,51;27436;1,51;13671
2024-07-13;CAMP002;Finanças do Zero | Topo Funil | Awareness;REACH;AS003;Amplo 25-50 | Brasil;AD005;Reels_Dica_Rapida_v1;Reels;Educativo;facebook;31216;387;176,41;0,46;5,65;1,240;6;0;582,00;3,30;25988;1,61;8535
2024-07-14;CAMP002;Finanças do Zero | Topo Funil | Awareness;REACH;AS003;Amplo 25-50 | Brasil;AD005;Reels_Dica_Rapida_v1;Reels;Educativo;instagram;68602;896;254,10;0,28;3,70;1,306;11;0;1067,00;4,20;51211;1,12;20688
2024-07-15;CAMP002;Finanças do Zero | Topo Funil | Awareness;REACH;AS003;Amplo 25-50 | Brasil;AD005;Reels_Dica_Rapida_v1;Reels;Educativo;instagram;53421;607;236,96;0,39;4,44;1,138;8;0;776,00;3,27;38967;1,41;16487
2024-07-16;CAMP002;Finanças do Zero | Topo Funil | Awareness;REACH;AS003;Amplo 25-50 | Brasil;AD005;Reels_Dica_Rapida_v1;Reels;Educativo;instagram;49401;654;239,14;0,37;4,84;1,326;10;0;970,00;4,06;39001;1,62;14082
2024-07-17;CAMP002;Finanças do Zero | Topo Funil | Awareness;REACH;AS003;Amplo 25-50 | Brasil;AD005;Reels_Dica_Rapida_v1;Reels;Educativo;instagram;47684;638;222,55;0,35;4,67;1,340;11;0;1067,00;4,79;33266;1,63;15880
2024-07-18;CAMP002;Finanças do Zero | Topo Funil | Awareness;REACH;AS003;Amplo 25-50 | Brasil;AD005;Reels_Dica_Rapida_v1;Reels;Educativo;facebook;47892;618;201,56;0,33;4,21;1,291;10;0;970,00;4,81;32697;1,23;14735
2024-07-19;CAMP002;Finanças do Zero | Topo Funil | Awareness;REACH;AS003;Amplo 25-50 | Brasil;AD005;Reels_Dica_Rapida_v1;Reels;Educativo;facebook;50533;542;206,53;0,38;4,09;1,073;9;0;873,00;4,23;37129;1,62;15121
2024-07-20;CAMP002;Finanças do Zero | Topo Funil | Awareness;REACH;AS003;Amplo 25-50 | Brasil;AD005;Reels_Dica_Rapida_v1;Reels;Educativo;instagram;35365;451;157,34;0,35;4,45;1,277;6;0;582,00;3,70;24467;1,52;9796
2024-07-21;CAMP002;Finanças do Zero | Topo Funil | Awareness;REACH;AS003;Amplo 25-50 | Brasil;AD005;Reels_Dica_Rapida_v1;Reels;Educativo;facebook;31321;381;163,45;0,43;5,22;1,218;5;0;485,00;2,97;25535;1,20;10393
2024-07-22;CAMP002;Finanças do Zero | Topo Funil | Awareness;REACH;AS003;Amplo 25-50 | Brasil;AD005;Reels_Dica_Rapida_v1;Reels;Educativo;facebook;31955;399;140,49;0,35;4,40;1,249;6;0;582,00;4,14;25286;1,62;9339
2024-07-23;CAMP002;Finanças do Zero | Topo Funil | Awareness;REACH;AS003;Amplo 25-50 | Brasil;AD005;Reels_Dica_Rapida_v1;Reels;Educativo;facebook;24641;293;114,70;0,39;4,65;1,191;3;0;291,00;2,54;18227;1,50;7777
2024-07-24;CAMP002;Finanças do Zero | Topo Funil | Awareness;REACH;AS003;Amplo 25-50 | Brasil;AD005;Reels_Dica_Rapida_v1;Reels;Educativo;facebook;25651;332;98,37;0,30;3,83;1,297;4;0;388,00;3,94;19592;1,22;7818
2024-07-25;CAMP002;Finanças do Zero | Topo Funil | Awareness;REACH;AS003;Amplo 25-50 | Brasil;AD005;Reels_Dica_Rapida_v1;Reels;Educativo;facebook;30172;382;120,67;0,32;4,00;1,267;6;0;582,00;4,82;23391;1,49;8478
2024-07-26;CAMP002;Finanças do Zero | Topo Funil | Awareness;REACH;AS003;Amplo 25-50 | Brasil;AD005;Reels_Dica_Rapida_v1;Reels;Educativo;facebook;18912;237;104,66;0,44;5,53;1,258;3;0;291,00;2,78;13571;1,44;6272
2024-07-27;CAMP002;Finanças do Zero | Topo Funil | Awareness;REACH;AS003;Amplo 25-50 | Brasil;AD005;Reels_Dica_Rapida_v1;Reels;Educativo;instagram;18246;231;89,27;0,39;4,89;1,270;3;0;291,00;3,26;12994;1,21;6054
2024-07-28;CAMP002;Finanças do Zero | Topo Funil | Awareness;REACH;AS003;Amplo 25-50 | Brasil;AD005;Reels_Dica_Rapida_v1;Reels;Educativo;facebook;18243;233;101,09;0,43;5,54;1,279;3;0;291,00;2,88;14973;1,53;5608
2024-07-29;CAMP002;Finanças do Zero | Topo Funil | Awareness;REACH;AS003;Amplo 25-50 | Brasil;AD005;Reels_Dica_Rapida_v1;Reels;Educativo;instagram;20598;243;99,86;0,41;4,85;1,183;3;0;291,00;2,91;16411;1,31;6788
2024-07-30;CAMP002;Finanças do Zero | Topo Funil | Awareness;REACH;AS003;Amplo 25-50 | Brasil;AD005;Reels_Dica_Rapida_v1;Reels;Educativo;facebook;19913;218;101,34;0,46;5,09;1,096;4;0;388,00;3,83;13610;1,65;5297
2024-07-31;CAMP002;Finanças do Zero | Topo Funil | Awareness;REACH;AS003;Amplo 25-50 | Brasil;AD005;Reels_Dica_Rapida_v1;Reels;Educativo;facebook;23399;296;89,51;0,30;3,83;1,266;5;0;485,00;5,42;16173;1,15;7665
2024-08-01;CAMP002;Finanças do Zero | Topo Funil | Awareness;REACH;AS003;Amplo 25-50 | Brasil;AD005;Reels_Dica_Rapida_v1;Reels;Educativo;instagram;9933;130;45,49;0,35;4,58;1,311;1;0;97,00;2,13;7180;1,40;2772
2024-08-02;CAMP002;Finanças do Zero | Topo Funil | Awareness;REACH;AS003;Amplo 25-50 | Brasil;AD005;Reels_Dica_Rapida_v1;Reels;Educativo;facebook;11196;124;46,27;0,37;4,13;1,109;1;0;97,00;2,10;8998;1,34;3699
2024-08-03;CAMP002;Finanças do Zero | Topo Funil | Awareness;REACH;AS003;Amplo 25-50 | Brasil;AD005;Reels_Dica_Rapida_v1;Reels;Educativo;facebook;11929;159;45,36;0,29;3,80;1,338;1;0;97,00;2,14;9622;1,34;3883
2024-08-04;CAMP002;Finanças do Zero | Topo Funil | Awareness;REACH;AS003;Amplo 25-50 | Brasil;AD005;Reels_Dica_Rapida_v1;Reels;Educativo;facebook;8350;92;52,74;0,57;6,32;1,103;0;0;0,00;0,00;5545;1,53;2294
2024-08-05;CAMP002;Finanças do Zero | Topo Funil | Awareness;REACH;AS003;Amplo 25-50 | Brasil;AD005;Reels_Dica_Rapida_v1;Reels;Educativo;instagram;12085;139;45,33;0,33;3,75;1,156;1;0;97,00;2,14;8579;1,29;3945
2024-08-06;CAMP002;Finanças do Zero | Topo Funil | Awareness;REACH;AS003;Amplo 25-50 | Brasil;AD005;Reels_Dica_Rapida_v1;Reels;Educativo;instagram;8747;106;48,04;0,45;5,49;1,222;1;0;97,00;2,02;5919;1,17;2918
2024-08-07;CAMP002;Finanças do Zero | Topo Funil | Awareness;REACH;AS003;Amplo 25-50 | Brasil;AD005;Reels_Dica_Rapida_v1;Reels;Educativo;instagram;6755;75;36,55;0,49;5,41;1,116;0;0;0,00;0,00;4956;1,50;2149
2024-08-08;CAMP002;Finanças do Zero | Topo Funil | Awareness;REACH;AS003;Amplo 25-50 | Brasil;AD005;Reels_Dica_Rapida_v1;Reels;Educativo;facebook;8124;88;41,49;0,47;5,11;1,089;0;0;0,00;0,00;5423;1,18;2505
2024-08-09;CAMP002;Finanças do Zero | Topo Funil | Awareness;REACH;AS003;Amplo 25-50 | Brasil;AD005;Reels_Dica_Rapida_v1;Reels;Educativo;facebook;7210;87;40,96;0,47;5,68;1,208;0;0;0,00;0,00;4806;1,26;2200
2024-08-10;CAMP002;Finanças do Zero | Topo Funil | Awareness;REACH;AS003;Amplo 25-50 | Brasil;AD005;Reels_Dica_Rapida_v1;Reels;Educativo;facebook;10169;120;48,99;0,41;4,82;1,187;1;0;97,00;1,98;6985;1,57;3259
2024-08-11;CAMP002;Finanças do Zero | Topo Funil | Awareness;REACH;AS003;Amplo 25-50 | Brasil;AD005;Reels_Dica_Rapida_v1;Reels;Educativo;facebook;7402;86;44,85;0,52;6,06;1,170;0;0;0,00;0,00;5653;1,64;2128
2024-08-12;CAMP002;Finanças do Zero | Topo Funil | Awareness;REACH;AS003;Amplo 25-50 | Brasil;AD005;Reels_Dica_Rapida_v1;Reels;Educativo;instagram;9247;119;35,17;0,30;3,80;1,293;1;0;97,00;2,76;7304;1,59;3000
2024-08-13;CAMP002;Finanças do Zero | Topo Funil | Awareness;REACH;AS003;Amplo 25-50 | Brasil;AD005;Reels_Dica_Rapida_v1;Reels;Educativo;facebook;10298;115;41,92;0,36;4,07;1,118;1;0;97,00;2,31;8241;1,45;3151
2024-08-14;CAMP002;Finanças do Zero | Topo Funil | Awareness;REACH;AS003;Amplo 25-50 | Brasil;AD005;Reels_Dica_Rapida_v1;Reels;Educativo;instagram;11317;124;46,46;0,37;4,11;1,097;1;0;97,00;2,09;8568;1,64;3303
2024-08-15;CAMP002;Finanças do Zero | Topo Funil | Awareness;REACH;AS003;Amplo 25-50 | Brasil;AD005;Reels_Dica_Rapida_v1;Reels;Educativo;facebook;9690;104;43,67;0,42;4,51;1,078;1;0;97,00;2,22;8122;1,21;3207
2024-08-16;CAMP002;Finanças do Zero | Topo Funil | Awareness;REACH;AS003;Amplo 25-50 | Brasil;AD005;Reels_Dica_Rapida_v1;Reels;Educativo;facebook;8499;101;40,02;0,40;4,71;1,199;0;0;0,00;0,00;6287;1,46;2685
2024-08-17;CAMP002;Finanças do Zero | Topo Funil | Awareness;REACH;AS003;Amplo 25-50 | Brasil;AD005;Reels_Dica_Rapida_v1;Reels;Educativo;facebook;9823;107;42,28;0,40;4,30;1,093;1;0;97,00;2,29;7088;1,42;2777
2024-08-18;CAMP002;Finanças do Zero | Topo Funil | Awareness;REACH;AS003;Amplo 25-50 | Brasil;AD005;Reels_Dica_Rapida_v1;Reels;Educativo;facebook;14310;160;53,93;0,34;3,77;1,120;1;0;97,00;1,80;9595;1,28;3795
2024-08-19;CAMP002;Finanças do Zero | Topo Funil | Awareness;REACH;AS003;Amplo 25-50 | Brasil;AD005;Reels_Dica_Rapida_v1;Reels;Educativo;instagram;12656;161;42,82;0,27;3,38;1,277;1;0;97,00;2,27;9771;1,36;3679
2024-08-20;CAMP002;Finanças do Zero | Topo Funil | Awareness;REACH;AS003;Amplo 25-50 | Brasil;AD005;Reels_Dica_Rapida_v1;Reels;Educativo;facebook;11066;143;42,25;0,30;3,82;1,299;1;0;97,00;2,30;7576;1,26;3566
2024-08-21;CAMP002;Finanças do Zero | Topo Funil | Awareness;REACH;AS003;Amplo 25-50 | Brasil;AD005;Reels_Dica_Rapida_v1;Reels;Educativo;facebook;6935;75;38,63;0,52;5,57;1,090;0;0;0,00;0,00;4610;1,19;2285
2024-08-22;CAMP002;Finanças do Zero | Topo Funil | Awareness;REACH;AS003;Amplo 25-50 | Brasil;AD005;Reels_Dica_Rapida_v1;Reels;Educativo;facebook;9929;126;45,53;0,36;4,59;1,276;1;0;97,00;2,13;7526;1,21;2990
2024-08-23;CAMP002;Finanças do Zero | Topo Funil | Awareness;REACH;AS003;Amplo 25-50 | Brasil;AD005;Reels_Dica_Rapida_v1;Reels;Educativo;facebook;11432;121;42,91;0,35;3,75;1,065;1;0;97,00;2,26;8498;1,67;3178
2024-08-24;CAMP002;Finanças do Zero | Topo Funil | Awareness;REACH;AS003;Amplo 25-50 | Brasil;AD005;Reels_Dica_Rapida_v1;Reels;Educativo;instagram;9033;101;42,30;0,42;4,68;1,122;0;0;0,00;0,00;6548;1,15;2729
2024-08-25;CAMP002;Finanças do Zero | Topo Funil | Awareness;REACH;AS003;Amplo 25-50 | Brasil;AD005;Reels_Dica_Rapida_v1;Reels;Educativo;facebook;10218;128;41,84;0,33;4,09;1,259;1;0;97,00;2,32;7385;1,44;3329
2024-08-26;CAMP002;Finanças do Zero | Topo Funil | Awareness;REACH;AS003;Amplo 25-50 | Brasil;AD005;Reels_Dica_Rapida_v1;Reels;Educativo;instagram;10709;128;46,49;0,36;4,34;1,199;1;0;97,00;2,09;7451;1,43;3344
2024-08-27;CAMP002;Finanças do Zero | Topo Funil | Awareness;REACH;AS003;Amplo 25-50 | Brasil;AD005;Reels_Dica_Rapida_v1;Reels;Educativo;instagram;9278;122;51,17;0,42;5,52;1,321;1;0;97,00;1,90;7609;1,26;2741
2024-08-28;CAMP002;Finanças do Zero | Topo Funil | Awareness;REACH;AS003;Amplo 25-50 | Brasil;AD005;Reels_Dica_Rapida_v1;Reels;Educativo;facebook;7697;84;37,44;0,45;4,86;1,096;0;0;0,00;0,00;6437;1,13;2255
2024-08-29;CAMP002;Finanças do Zero | Topo Funil | Awareness;REACH;AS003;Amplo 25-50 | Brasil;AD005;Reels_Dica_Rapida_v1;Reels;Educativo;instagram;8669;110;43,74;0,40;5,05;1,273;1;0;97,00;2,22;6761;1,15;2366
2024-08-30;CAMP002;Finanças do Zero | Topo Funil | Awareness;REACH;AS003;Amplo 25-50 | Brasil;AD005;Reels_Dica_Rapida_v1;Reels;Educativo;instagram;7739;93;41,85;0,45;5,41;1,213;1;0;97,00;2,32;5907;1,16;2218
2024-08-31;CAMP002;Finanças do Zero | Topo Funil | Awareness;REACH;AS003;Amplo 25-50 | Brasil;AD005;Reels_Dica_Rapida_v1;Reels;Educativo;instagram;11960;135;45,96;0,34;3,84;1,130;1;0;97,00;2,11;9285;1,14;3672
2024-09-01;CAMP002;Finanças do Zero | Topo Funil | Awareness;REACH;AS003;Amplo 25-50 | Brasil;AD005;Reels_Dica_Rapida_v1;Reels;Educativo;instagram;14074;168;48,92;0,29;3,48;1,198;1;0;97,00;1,98;10784;1,16;4409
2024-09-02;CAMP002;Finanças do Zero | Topo Funil | Awareness;REACH;AS003;Amplo 25-50 | Brasil;AD005;Reels_Dica_Rapida_v1;Reels;Educativo;facebook;10512;123;45,16;0,37;4,30;1,174;1;0;97,00;2,15;7855;1,18;3496
2024-09-03;CAMP002;Finanças do Zero | Topo Funil | Awareness;REACH;AS003;Amplo 25-50 | Brasil;AD005;Reels_Dica_Rapida_v1;Reels;Educativo;instagram;9811;125;47,54;0,38;4,85;1,276;1;0;97,00;2,04;7504;1,24;3234
2024-09-04;CAMP002;Finanças do Zero | Topo Funil | Awareness;REACH;AS003;Amplo 25-50 | Brasil;AD005;Reels_Dica_Rapida_v1;Reels;Educativo;facebook;9814;129;51,97;0,40;5,30;1,318;1;0;97,00;1,87;6523;1,36;2921
2024-09-05;CAMP002;Finanças do Zero | Topo Funil | Awareness;REACH;AS003;Amplo 25-50 | Brasil;AD005;Reels_Dica_Rapida_v1;Reels;Educativo;facebook;11735;126;40,87;0,32;3,48;1,082;1;0;97,00;2,37;9077;1,21;3656
2024-09-06;CAMP002;Finanças do Zero | Topo Funil | Awareness;REACH;AS003;Amplo 25-50 | Brasil;AD005;Reels_Dica_Rapida_v1;Reels;Educativo;instagram;12099;161;42,11;0,26;3,48;1,336;1;0;97,00;2,30;9947;1,33;3975
2024-09-07;CAMP002;Finanças do Zero | Topo Funil | Awareness;REACH;AS003;Amplo 25-50 | Brasil;AD005;Reels_Dica_Rapida_v1;Reels;Educativo;facebook;8695;104;47,29;0,45;5,44;1,201;1;0;97,00;2,05;7014;1,28;2828
2024-09-08;CAMP002;Finanças do Zero | Topo Funil | Awareness;REACH;AS003;Amplo 25-50 | Brasil;AD005;Reels_Dica_Rapida_v1;Reels;Educativo;instagram;16158;177;51,57;0,29;3,19;1,096;1;0;97,00;1,88;12182;1,37;5123
2024-09-09;CAMP002;Finanças do Zero | Topo Funil | Awareness;REACH;AS003;Amplo 25-50 | Brasil;AD005;Reels_Dica_Rapida_v1;Reels;Educativo;facebook;12817;169;40,12;0,24;3,13;1,325;1;0;97,00;2,42;9057;1,15;3426
2024-09-10;CAMP002;Finanças do Zero | Topo Funil | Awareness;REACH;AS003;Amplo 25-50 | Brasil;AD005;Reels_Dica_Rapida_v1;Reels;Educativo;instagram;9012;117;47,54;0,41;5,28;1,299;1;0;97,00;2,04;6096;1,17;2799
2024-09-11;CAMP002;Finanças do Zero | Topo Funil | Awareness;REACH;AS003;Amplo 25-50 | Brasil;AD005;Reels_Dica_Rapida_v1;Reels;Educativo;instagram;8520;104;41,45;0,40;4,87;1,226;1;0;97,00;2,34;6481;1,46;2558
2024-09-12;CAMP002;Finanças do Zero | Topo Funil | Awareness;REACH;AS003;Amplo 25-50 | Brasil;AD005;Reels_Dica_Rapida_v1;Reels;Educativo;instagram;11392;150;49,06;0,33;4,31;1,324;1;0;97,00;1,98;7607;1,48;3298
2024-09-13;CAMP002;Finanças do Zero | Topo Funil | Awareness;REACH;AS003;Amplo 25-50 | Brasil;AD005;Reels_Dica_Rapida_v1;Reels;Educativo;facebook;10232;120;49,70;0,41;4,86;1,178;1;0;97,00;1,95;7079;1,14;2910
2024-09-14;CAMP002;Finanças do Zero | Topo Funil | Awareness;REACH;AS003;Amplo 25-50 | Brasil;AD005;Reels_Dica_Rapida_v1;Reels;Educativo;instagram;13440;156;51,09;0,33;3,80;1,165;1;0;97,00;1,90;9310;1,64;4167
2024-09-15;CAMP002;Finanças do Zero | Topo Funil | Awareness;REACH;AS003;Amplo 25-50 | Brasil;AD005;Reels_Dica_Rapida_v1;Reels;Educativo;instagram;15180;186;50,34;0,27;3,32;1,232;1;0;97,00;1,93;12575;1,26;4476
2024-09-16;CAMP002;Finanças do Zero | Topo Funil | Awareness;REACH;AS003;Amplo 25-50 | Brasil;AD005;Reels_Dica_Rapida_v1;Reels;Educativo;facebook;8836;97;41,15;0,42;4,66;1,100;0;0;0,00;0,00;7392;1,34;2558
2024-09-17;CAMP002;Finanças do Zero | Topo Funil | Awareness;REACH;AS003;Amplo 25-50 | Brasil;AD005;Reels_Dica_Rapida_v1;Reels;Educativo;facebook;12052;131;47,44;0,36;3,94;1,092;1;0;97,00;2,04;8531;1,44;3528
2024-09-18;CAMP002;Finanças do Zero | Topo Funil | Awareness;REACH;AS003;Amplo 25-50 | Brasil;AD005;Reels_Dica_Rapida_v1;Reels;Educativo;instagram;8352;111;45,57;0,41;5,46;1,340;1;0;97,00;2,13;6417;1,20;2245
2024-09-19;CAMP002;Finanças do Zero | Topo Funil | Awareness;REACH;AS003;Amplo 25-50 | Brasil;AD005;Reels_Dica_Rapida_v1;Reels;Educativo;facebook;9287;124;35,13;0,28;3,78;1,344;1;0;97,00;2,76;6727;1,62;2956
2024-09-20;CAMP002;Finanças do Zero | Topo Funil | Awareness;REACH;AS003;Amplo 25-50 | Brasil;AD005;Reels_Dica_Rapida_v1;Reels;Educativo;instagram;13250;167;49,31;0,30;3,72;1,262;1;0;97,00;1,97;10878;1,24;3824
2024-09-21;CAMP002;Finanças do Zero | Topo Funil | Awareness;REACH;AS003;Amplo 25-50 | Brasil;AD005;Reels_Dica_Rapida_v1;Reels;Educativo;facebook;9410;101;54,97;0,54;5,84;1,083;0;0;0,00;0,00;7751;1,58;2728
2024-09-22;CAMP002;Finanças do Zero | Topo Funil | Awareness;REACH;AS003;Amplo 25-50 | Brasil;AD005;Reels_Dica_Rapida_v1;Reels;Educativo;facebook;13743;169;50,86;0,30;3,70;1,233;1;0;97,00;1,91;10794;1,48;3898
2024-09-23;CAMP002;Finanças do Zero | Topo Funil | Awareness;REACH;AS003;Amplo 25-50 | Brasil;AD005;Reels_Dica_Rapida_v1;Reels;Educativo;facebook;11340;143;46,91;0,33;4,14;1,269;1;0;97,00;2,07;9061;1,64;3097
2024-09-24;CAMP002;Finanças do Zero | Topo Funil | Awareness;REACH;AS003;Amplo 25-50 | Brasil;AD005;Reels_Dica_Rapida_v1;Reels;Educativo;instagram;10327;125;42,94;0,34;4,16;1,213;1;0;97,00;2,26;7674;1,53;3136
2024-09-25;CAMP002;Finanças do Zero | Topo Funil | Awareness;REACH;AS003;Amplo 25-50 | Brasil;AD005;Reels_Dica_Rapida_v1;Reels;Educativo;facebook;7091;95;40,09;0,42;5,65;1,343;1;0;97,00;2,42;5853;1,59;2191
2024-09-26;CAMP002;Finanças do Zero | Topo Funil | Awareness;REACH;AS003;Amplo 25-50 | Brasil;AD005;Reels_Dica_Rapida_v1;Reels;Educativo;instagram;11802;151;49,39;0,33;4,19;1,288;1;0;97,00;1,96;9268;1,67;3582
2024-09-27;CAMP002;Finanças do Zero | Topo Funil | Awareness;REACH;AS003;Amplo 25-50 | Brasil;AD005;Reels_Dica_Rapida_v1;Reels;Educativo;instagram;9891;129;44,11;0,34;4,46;1,306;1;0;97,00;2,20;7958;1,45;2646
2024-09-28;CAMP002;Finanças do Zero | Topo Funil | Awareness;REACH;AS003;Amplo 25-50 | Brasil;AD005;Reels_Dica_Rapida_v1;Reels;Educativo;facebook;8761;113;40,84;0,36;4,66;1,299;1;0;97,00;2,38;6881;1,68;2553
2024-09-29;CAMP002;Finanças do Zero | Topo Funil | Awareness;REACH;AS003;Amplo 25-50 | Brasil;AD005;Reels_Dica_Rapida_v1;Reels;Educativo;instagram;9819;122;45,75;0,38;4,66;1,253;1;0;97,00;2,12;6846;1,59;2814
2024-09-30;CAMP002;Finanças do Zero | Topo Funil | Awareness;REACH;AS003;Amplo 25-50 | Brasil;AD005;Reels_Dica_Rapida_v1;Reels;Educativo;instagram;9879;111;43,41;0,39;4,39;1,131;1;0;97,00;2,23;6533;1,15;2625
2024-10-01;CAMP002;Finanças do Zero | Topo Funil | Awareness;REACH;AS003;Amplo 25-50 | Brasil;AD005;Reels_Dica_Rapida_v1;Reels;Educativo;instagram;11838;158;44,23;0,28;3,74;1,336;1;0;97,00;2,19;9941;1,15;3706
2024-10-02;CAMP002;Finanças do Zero | Topo Funil | Awareness;REACH;AS003;Amplo 25-50 | Brasil;AD005;Reels_Dica_Rapida_v1;Reels;Educativo;instagram;12446;146;43,52;0,30;3,50;1,180;1;0;97,00;2,23;8801;1,30;3298
2024-10-03;CAMP002;Finanças do Zero | Topo Funil | Awareness;REACH;AS003;Amplo 25-50 | Brasil;AD005;Reels_Dica_Rapida_v1;Reels;Educativo;instagram;9929;126;46,36;0,37;4,67;1,274;1;0;97,00;2,09;7951;1,62;2841
2024-10-04;CAMP002;Finanças do Zero | Topo Funil | Awareness;REACH;AS003;Amplo 25-50 | Brasil;AD005;Reels_Dica_Rapida_v1;Reels;Educativo;instagram;9244;98;45,99;0,47;4,98;1,064;0;0;0,00;0,00;6530;1,60;2709
2024-10-05;CAMP002;Finanças do Zero | Topo Funil | Awareness;REACH;AS003;Amplo 25-50 | Brasil;AD005;Reels_Dica_Rapida_v1;Reels;Educativo;instagram;9540;109;50,98;0,47;5,34;1,153;0;0;0,00;0,00;7332;1,18;2756
2024-10-06;CAMP002;Finanças do Zero | Topo Funil | Awareness;REACH;AS003;Amplo 25-50 | Brasil;AD005;Reels_Dica_Rapida_v1;Reels;Educativo;facebook;10844;141;53,34;0,38;4,92;1,302;1;0;97,00;1,82;9037;1,21;3486
2024-10-07;CAMP002;Finanças do Zero | Topo Funil | Awareness;REACH;AS003;Amplo 25-50 | Brasil;AD005;Reels_Dica_Rapida_v1;Reels;Educativo;instagram;12354;144;43,75;0,30;3,54;1,172;1;0;97,00;2,22;8215;1,46;3331
2024-10-08;CAMP002;Finanças do Zero | Topo Funil | Awareness;REACH;AS003;Amplo 25-50 | Brasil;AD005;Reels_Dica_Rapida_v1;Reels;Educativo;instagram;10658;138;46,63;0,34;4,37;1,301;1;0;97,00;2,08;8940;1,26;2818
2024-10-09;CAMP002;Finanças do Zero | Topo Funil | Awareness;REACH;AS003;Amplo 25-50 | Brasil;AD005;Reels_Dica_Rapida_v1;Reels;Educativo;facebook;10405;139;50,20;0,36;4,82;1,339;1;0;97,00;1,93;7234;1,40;2806
2024-10-10;CAMP002;Finanças do Zero | Topo Funil | Awareness;REACH;AS003;Amplo 25-50 | Brasil;AD005;Reels_Dica_Rapida_v1;Reels;Educativo;facebook;11825;155;50,35;0,32;4,26;1,314;1;0;97,00;1,93;9920;1,27;3469
2024-10-11;CAMP002;Finanças do Zero | Topo Funil | Awareness;REACH;AS003;Amplo 25-50 | Brasil;AD005;Reels_Dica_Rapida_v1;Reels;Educativo;instagram;8920;112;37,95;0,34;4,26;1,266;1;0;97,00;2,56;6254;1,15;2842
2024-10-12;CAMP002;Finanças do Zero | Topo Funil | Awareness;REACH;AS003;Amplo 25-50 | Brasil;AD005;Reels_Dica_Rapida_v1;Reels;Educativo;instagram;9574;111;50,07;0,45;5,23;1,167;1;0;97,00;1,94;7996;1,15;2965
2024-10-13;CAMP002;Finanças do Zero | Topo Funil | Awareness;REACH;AS003;Amplo 25-50 | Brasil;AD005;Reels_Dica_Rapida_v1;Reels;Educativo;instagram;9887;107;45,55;0,43;4,61;1,092;1;0;97,00;2,13;8089;1,54;2867
2024-10-14;CAMP002;Finanças do Zero | Topo Funil | Awareness;REACH;AS003;Amplo 25-50 | Brasil;AD005;Reels_Dica_Rapida_v1;Reels;Educativo;instagram;11646;137;49,52;0,36;4,25;1,180;1;0;97,00;1,96;8396;1,33;3196
2024-10-15;CAMP002;Finanças do Zero | Topo Funil | Awareness;REACH;AS003;Amplo 25-50 | Brasil;AD005;Reels_Dica_Rapida_v1;Reels;Educativo;instagram;10094;111;45,97;0,41;4,55;1,100;1;0;97,00;2,11;7901;1,37;3115
2024-10-16;CAMP002;Finanças do Zero | Topo Funil | Awareness;REACH;AS003;Amplo 25-50 | Brasil;AD005;Reels_Dica_Rapida_v1;Reels;Educativo;facebook;8949;114;51,36;0,45;5,74;1,276;1;0;97,00;1,89;6694;1,28;2382
2024-10-17;CAMP002;Finanças do Zero | Topo Funil | Awareness;REACH;AS003;Amplo 25-50 | Brasil;AD005;Reels_Dica_Rapida_v1;Reels;Educativo;facebook;11149;120;44,89;0,37;4,03;1,077;1;0;97,00;2,16;8966;1,52;2997
2024-10-18;CAMP002;Finanças do Zero | Topo Funil | Awareness;REACH;AS003;Amplo 25-50 | Brasil;AD005;Reels_Dica_Rapida_v1;Reels;Educativo;facebook;14255;179;45,04;0,25;3,16;1,262;1;0;97,00;2,15;10242;1,34;4323
2024-10-19;CAMP002;Finanças do Zero | Topo Funil | Awareness;REACH;AS003;Amplo 25-50 | Brasil;AD005;Reels_Dica_Rapida_v1;Reels;Educativo;facebook;12029;134;51,02;0,38;4,24;1,122;1;0;97,00;1,90;9053;1,14;3795
2024-10-20;CAMP002;Finanças do Zero | Topo Funil | Awareness;REACH;AS003;Amplo 25-50 | Brasil;AD005;Reels_Dica_Rapida_v1;Reels;Educativo;instagram;10368;134;52,72;0,39;5,09;1,299;1;0;97,00;1,84;7317;1,22;3237
2024-10-21;CAMP002;Finanças do Zero | Topo Funil | Awareness;REACH;AS003;Amplo 25-50 | Brasil;AD005;Reels_Dica_Rapida_v1;Reels;Educativo;instagram;7969;102;43,62;0,43;5,47;1,292;1;0;97,00;2,22;6124;1,51;2228
2024-10-22;CAMP002;Finanças do Zero | Topo Funil | Awareness;REACH;AS003;Amplo 25-50 | Brasil;AD005;Reels_Dica_Rapida_v1;Reels;Educativo;facebook;9771;124;49,10;0,40;5,03;1,274;1;0;97,00;1,98;7580;1,49;2666
2024-10-23;CAMP002;Finanças do Zero | Topo Funil | Awareness;REACH;AS003;Amplo 25-50 | Brasil;AD005;Reels_Dica_Rapida_v1;Reels;Educativo;instagram;12512;151;42,54;0,28;3,40;1,211;1;0;97,00;2,28;10483;1,47;3778
2024-10-24;CAMP002;Finanças do Zero | Topo Funil | Awareness;REACH;AS003;Amplo 25-50 | Brasil;AD005;Reels_Dica_Rapida_v1;Reels;Educativo;facebook;13639;156;48,91;0,31;3,59;1,144;1;0;97,00;1,98;11057;1,39;3703
2024-10-25;CAMP002;Finanças do Zero | Topo Funil | Awareness;REACH;AS003;Amplo 25-50 | Brasil;AD005;Reels_Dica_Rapida_v1;Reels;Educativo;instagram;11310;145;45,34;0,31;4,01;1,289;1;0;97,00;2,14;8910;1,67;3128
2024-10-26;CAMP002;Finanças do Zero | Topo Funil | Awareness;REACH;AS003;Amplo 25-50 | Brasil;AD005;Reels_Dica_Rapida_v1;Reels;Educativo;facebook;9125;108;41,98;0,39;4,60;1,185;1;0;97,00;2,31;6270;1,25;2483
2024-10-27;CAMP002;Finanças do Zero | Topo Funil | Awareness;REACH;AS003;Amplo 25-50 | Brasil;AD005;Reels_Dica_Rapida_v1;Reels;Educativo;facebook;10633;117;56,15;0,48;5,28;1,101;1;0;97,00;1,73;8007;1,24;3201
2024-10-28;CAMP002;Finanças do Zero | Topo Funil | Awareness;REACH;AS003;Amplo 25-50 | Brasil;AD005;Reels_Dica_Rapida_v1;Reels;Educativo;facebook;10468;114;36,77;0,32;3,51;1,091;1;0;97,00;2,64;7239;1,13;2765
2024-10-29;CAMP002;Finanças do Zero | Topo Funil | Awareness;REACH;AS003;Amplo 25-50 | Brasil;AD005;Reels_Dica_Rapida_v1;Reels;Educativo;instagram;9225;98;38,94;0,40;4,22;1,069;0;0;0,00;0,00;7275;1,59;2516
2024-10-30;CAMP002;Finanças do Zero | Topo Funil | Awareness;REACH;AS003;Amplo 25-50 | Brasil;AD005;Reels_Dica_Rapida_v1;Reels;Educativo;instagram;10977;118;44,05;0,37;4,01;1,083;0;0;0,00;0,00;9079;1,53;3411
2024-10-31;CAMP002;Finanças do Zero | Topo Funil | Awareness;REACH;AS003;Amplo 25-50 | Brasil;AD005;Reels_Dica_Rapida_v1;Reels;Educativo;facebook;8752;104;41,29;0,40;4,72;1,195;1;0;97,00;2,35;6083;1,54;2505
2024-11-01;CAMP002;Finanças do Zero | Topo Funil | Awareness;REACH;AS003;Amplo 25-50 | Brasil;AD005;Reels_Dica_Rapida_v1;Reels;Educativo;facebook;25426;271;105,45;0,39;4,15;1,066;3;0;291,00;2,76;18872;1,55;8088
2024-11-02;CAMP002;Finanças do Zero | Topo Funil | Awareness;REACH;AS003;Amplo 25-50 | Brasil;AD005;Reels_Dica_Rapida_v1;Reels;Educativo;facebook;19744;227;96,33;0,42;4,88;1,151;3;0;291,00;3,02;14208;1,33;6496
2024-11-03;CAMP002;Finanças do Zero | Topo Funil | Awareness;REACH;AS003;Amplo 25-50 | Brasil;AD005;Reels_Dica_Rapida_v1;Reels;Educativo;instagram;20790;235;82,77;0,35;3,98;1,133;3;0;291,00;3,52;17149;1,63;5936
2024-11-04;CAMP002;Finanças do Zero | Topo Funil | Awareness;REACH;AS003;Amplo 25-50 | Brasil;AD005;Reels_Dica_Rapida_v1;Reels;Educativo;instagram;18371;205;100,47;0,49;5,47;1,121;2;0;194,00;1,93;12457;1,57;5662
2024-11-05;CAMP002;Finanças do Zero | Topo Funil | Awareness;REACH;AS003;Amplo 25-50 | Brasil;AD005;Reels_Dica_Rapida_v1;Reels;Educativo;facebook;29706;358;115,74;0,32;3,90;1,207;4;0;388,00;3,35;21904;1,55;9014
2024-11-06;CAMP002;Finanças do Zero | Topo Funil | Awareness;REACH;AS003;Amplo 25-50 | Brasil;AD005;Reels_Dica_Rapida_v1;Reels;Educativo;facebook;21228;262;110,24;0,42;5,19;1,235;3;0;291,00;2,64;16027;1,46;6429
2024-11-07;CAMP002;Finanças do Zero | Topo Funil | Awareness;REACH;AS003;Amplo 25-50 | Brasil;AD005;Reels_Dica_Rapida_v1;Reels;Educativo;facebook;30286;365;114,86;0,31;3,79;1,208;6;0;582,00;5,07;21973;1,48;8804
2024-11-08;CAMP002;Finanças do Zero | Topo Funil | Awareness;REACH;AS003;Amplo 25-50 | Brasil;AD005;Reels_Dica_Rapida_v1;Reels;Educativo;facebook;27528;326;126,31;0,39;4,59;1,187;4;0;388,00;3,07;18795;1,51;9136
2024-11-09;CAMP002;Finanças do Zero | Topo Funil | Awareness;REACH;AS003;Amplo 25-50 | Brasil;AD005;Reels_Dica_Rapida_v1;Reels;Educativo;facebook;39581;514;134,12;0,26;3,39;1,301;8;0;776,00;5,79;28831;1,44;11312
2024-11-10;CAMP002;Finanças do Zero | Topo Funil | Awareness;REACH;AS003;Amplo 25-50 | Brasil;AD005;Reels_Dica_Rapida_v1;Reels;Educativo;instagram;42617;520;168,48;0,32;3,95;1,221;9;0;873,00;5,18;30898;1,65;12817
2024-11-11;CAMP002;Finanças do Zero | Topo Funil | Awareness;REACH;AS003;Amplo 25-50 | Brasil;AD005;Reels_Dica_Rapida_v1;Reels;Educativo;instagram;39123;423;194,38;0,46;4,97;1,082;7;0;679,00;3,49;30061;1,39;12537
2024-11-12;CAMP002;Finanças do Zero | Topo Funil | Awareness;REACH;AS003;Amplo 25-50 | Brasil;AD005;Reels_Dica_Rapida_v1;Reels;Educativo;facebook;47839;543;181,27;0,33;3,79;1,137;9;0;873,00;4,82;35325;1,45;13239
2024-11-13;CAMP002;Finanças do Zero | Topo Funil | Awareness;REACH;AS003;Amplo 25-50 | Brasil;AD005;Reels_Dica_Rapida_v1;Reels;Educativo;instagram;50509;598;195,80;0,33;3,88;1,185;10;0;970,00;4,95;39891;1,61;14666
2024-11-14;CAMP002;Finanças do Zero | Topo Funil | Awareness;REACH;AS003;Amplo 25-50 | Brasil;AD005;Reels_Dica_Rapida_v1;Reels;Educativo;instagram;46140;536;249,49;0,47;5,41;1,163;9;0;873,00;3,50;36926;1,15;12600
2024-11-15;CAMP002;Finanças do Zero | Topo Funil | Awareness;REACH;AS003;Amplo 25-50 | Brasil;AD005;Reels_Dica_Rapida_v1;Reels;Educativo;facebook;50074;648;230,62;0,36;4,61;1,295;11;0;1067,00;4,63;33620;1,13;14659
2024-11-16;CAMP002;Finanças do Zero | Topo Funil | Awareness;REACH;AS003;Amplo 25-50 | Brasil;AD005;Reels_Dica_Rapida_v1;Reels;Educativo;instagram;63253;751;265,49;0,35;4,20;1,188;10;0;970,00;3,65;53040;1,20;18990
2024-11-17;CAMP002;Finanças do Zero | Topo Funil | Awareness;REACH;AS003;Amplo 25-50 | Brasil;AD005;Reels_Dica_Rapida_v1;Reels;Educativo;facebook;60868;691;252,35;0,37;4,15;1,137;9;0;873,00;3,46;41935;1,39;17216
2024-11-18;CAMP002;Finanças do Zero | Topo Funil | Awareness;REACH;AS003;Amplo 25-50 | Brasil;AD005;Reels_Dica_Rapida_v1;Reels;Educativo;instagram;41435;549;175,89;0,32;4,24;1,327;8;0;776,00;4,41;27393;1,64;11135
2024-11-19;CAMP002;Finanças do Zero | Topo Funil | Awareness;REACH;AS003;Amplo 25-50 | Brasil;AD005;Reels_Dica_Rapida_v1;Reels;Educativo;facebook;55725;597;208,42;0,35;3,74;1,073;8;0;776,00;3,72;42901;1,33;18097
2024-11-20;CAMP002;Finanças do Zero | Topo Funil | Awareness;REACH;AS003;Amplo 25-50 | Brasil;AD005;Reels_Dica_Rapida_v1;Reels;Educativo;instagram;37719;418;165,39;0,40;4,38;1,110;5;0;485,00;2,93;26438;1,61;12176
2024-11-21;CAMP002;Finanças do Zero | Topo Funil | Awareness;REACH;AS003;Amplo 25-50 | Brasil;AD005;Reels_Dica_Rapida_v1;Reels;Educativo;instagram;30710;327;151,24;0,46;4,92;1,065;4;0;388,00;2,57;24030;1,36;8117
2024-11-22;CAMP002;Finanças do Zero | Topo Funil | Awareness;REACH;AS003;Amplo 25-50 | Brasil;AD005;Reels_Dica_Rapida_v1;Reels;Educativo;instagram;40011;523;142,06;0,27;3,55;1,309;8;0;776,00;5,46;31442;1,29;11216
2024-11-23;CAMP002;Finanças do Zero | Topo Funil | Awareness;REACH;AS003;Amplo 25-50 | Brasil;AD005;Reels_Dica_Rapida_v1;Reels;Educativo;instagram;33700;409;126,38;0,31;3,75;1,216;5;0;485,00;3,84;23039;1,60;9520
2024-11-24;CAMP002;Finanças do Zero | Topo Funil | Awareness;REACH;AS003;Amplo 25-50 | Brasil;AD005;Reels_Dica_Rapida_v1;Reels;Educativo;facebook;31817;423;133,70;0,32;4,20;1,332;7;0;679,00;5,08;26596;1,41;8862
2024-11-25;CAMP002;Finanças do Zero | Topo Funil | Awareness;REACH;AS003;Amplo 25-50 | Brasil;AD005;Reels_Dica_Rapida_v1;Reels;Educativo;facebook;22005;281;107,62;0,38;4,89;1,279;3;0;291,00;2,70;15916;1,31;6698
2024-11-26;CAMP002;Finanças do Zero | Topo Funil | Awareness;REACH;AS003;Amplo 25-50 | Brasil;AD005;Reels_Dica_Rapida_v1;Reels;Educativo;instagram;19126;218;101,61;0,47;5,31;1,141;4;0;388,00;3,82;14130;1,56;5770
2024-11-27;CAMP002;Finanças do Zero | Topo Funil | Awareness;REACH;AS003;Amplo 25-50 | Brasil;AD005;Reels_Dica_Rapida_v1;Reels;Educativo;instagram;23160;279;95,43;0,34;4,12;1,209;4;0;388,00;4,07;15447;1,27;6830
2024-11-28;CAMP002;Finanças do Zero | Topo Funil | Awareness;REACH;AS003;Amplo 25-50 | Brasil;AD005;Reels_Dica_Rapida_v1;Reels;Educativo;instagram;22485;295;95,91;0,33;4,27;1,313;5;0;485,00;5,06;18756;1,40;6450
2024-11-29;CAMP002;Finanças do Zero | Topo Funil | Awareness;REACH;AS003;Amplo 25-50 | Brasil;AD005;Reels_Dica_Rapida_v1;Reels;Educativo;facebook;24695;321;87,36;0,27;3,54;1,301;4;0;388,00;4,44;17769;1,20;6613
2024-11-30;CAMP002;Finanças do Zero | Topo Funil | Awareness;REACH;AS003;Amplo 25-50 | Brasil;AD005;Reels_Dica_Rapida_v1;Reels;Educativo;instagram;27539;326;93,80;0,29;3,41;1,185;4;0;388,00;4,14;18966;1,16;8389
2024-12-01;CAMP002;Finanças do Zero | Topo Funil | Awareness;REACH;AS003;Amplo 25-50 | Brasil;AD005;Reels_Dica_Rapida_v1;Reels;Educativo;instagram;8580;112;58,98;0,53;6,87;1,316;1;0;97,00;1,64;6791;1,14;2676
2024-12-02;CAMP002;Finanças do Zero | Topo Funil | Awareness;REACH;AS003;Amplo 25-50 | Brasil;AD005;Reels_Dica_Rapida_v1;Reels;Educativo;facebook;11451;124;42,39;0,34;3,70;1,085;1;0;97,00;2,29;8796;1,65;3589
2024-12-03;CAMP002;Finanças do Zero | Topo Funil | Awareness;REACH;AS003;Amplo 25-50 | Brasil;AD005;Reels_Dica_Rapida_v1;Reels;Educativo;facebook;11493;134;41,50;0,31;3,61;1,168;1;0;97,00;2,34;8425;1,22;3548
2024-12-04;CAMP002;Finanças do Zero | Topo Funil | Awareness;REACH;AS003;Amplo 25-50 | Brasil;AD005;Reels_Dica_Rapida_v1;Reels;Educativo;facebook;11788;156;47,81;0,31;4,06;1,327;1;0;97,00;2,03;9195;1,68;3266
2024-12-05;CAMP002;Finanças do Zero | Topo Funil | Awareness;REACH;AS003;Amplo 25-50 | Brasil;AD005;Reels_Dica_Rapida_v1;Reels;Educativo;facebook;14287;190;48,70;0,26;3,41;1,333;1;0;97,00;1,99;9632;1,60;3885
2024-12-06;CAMP002;Finanças do Zero | Topo Funil | Awareness;REACH;AS003;Amplo 25-50 | Brasil;AD005;Reels_Dica_Rapida_v1;Reels;Educativo;instagram;9974;133;46,74;0,35;4,69;1,334;1;0;97,00;2,08;7373;1,50;3272
2024-12-07;CAMP002;Finanças do Zero | Topo Funil | Awareness;REACH;AS003;Amplo 25-50 | Brasil;AD005;Reels_Dica_Rapida_v1;Reels;Educativo;facebook;9696;105;52,56;0,50;5,42;1,085;1;0;97,00;1,85;7208;1,23;2944
2024-12-08;CAMP002;Finanças do Zero | Topo Funil | Awareness;REACH;AS003;Amplo 25-50 | Brasil;AD005;Reels_Dica_Rapida_v1;Reels;Educativo;facebook;14306;152;54,04;0,36;3,78;1,064;1;0;97,00;1,79;9565;1,54;4788
2024-12-09;CAMP002;Finanças do Zero | Topo Funil | Awareness;REACH;AS003;Amplo 25-50 | Brasil;AD005;Reels_Dica_Rapida_v1;Reels;Educativo;facebook;10079;127;41,60;0,33;4,13;1,264;1;0;97,00;2,33;6657;1,62;2913
2024-12-10;CAMP002;Finanças do Zero | Topo Funil | Awareness;REACH;AS003;Amplo 25-50 | Brasil;AD005;Reels_Dica_Rapida_v1;Reels;Educativo;instagram;13380;168;50,91;0,30;3,81;1,257;1;0;97,00;1,91;10340;1,16;4408
2024-12-11;CAMP002;Finanças do Zero | Topo Funil | Awareness;REACH;AS003;Amplo 25-50 | Brasil;AD005;Reels_Dica_Rapida_v1;Reels;Educativo;facebook;13681;179;52,44;0,29;3,83;1,313;2;0;194,00;3,70;11268;1,32;4287
2024-12-12;CAMP002;Finanças do Zero | Topo Funil | Awareness;REACH;AS003;Amplo 25-50 | Brasil;AD005;Reels_Dica_Rapida_v1;Reels;Educativo;facebook;7945;93;39,28;0,42;4,94;1,173;0;0;0,00;0,00;6164;1,65;2325
2024-12-13;CAMP002;Finanças do Zero | Topo Funil | Awareness;REACH;AS003;Amplo 25-50 | Brasil;AD005;Reels_Dica_Rapida_v1;Reels;Educativo;facebook;13224;160;40,42;0,25;3,06;1,213;1;0;97,00;2,40;10580;1,39;4343
2024-12-14;CAMP002;Finanças do Zero | Topo Funil | Awareness;REACH;AS003;Amplo 25-50 | Brasil;AD005;Reels_Dica_Rapida_v1;Reels;Educativo;instagram;13636;178;51,53;0,29;3,78;1,312;1;0;97,00;1,88;9752;1,23;4286
2024-12-15;CAMP002;Finanças do Zero | Topo Funil | Awareness;REACH;AS003;Amplo 25-50 | Brasil;AD005;Reels_Dica_Rapida_v1;Reels;Educativo;instagram;13310;158;55,05;0,35;4,14;1,188;1;0;97,00;1,76;9570;1,59;3722
2024-12-16;CAMP002;Finanças do Zero | Topo Funil | Awareness;REACH;AS003;Amplo 25-50 | Brasil;AD005;Reels_Dica_Rapida_v1;Reels;Educativo;facebook;11197;130;44,19;0,34;3,95;1,165;1;0;97,00;2,20;7966;1,62;3326
2024-12-17;CAMP002;Finanças do Zero | Topo Funil | Awareness;REACH;AS003;Amplo 25-50 | Brasil;AD005;Reels_Dica_Rapida_v1;Reels;Educativo;facebook;10628;129;44,97;0,35;4,23;1,221;1;0;97,00;2,16;7603;1,24;3460
2024-12-18;CAMP002;Finanças do Zero | Topo Funil | Awareness;REACH;AS003;Amplo 25-50 | Brasil;AD005;Reels_Dica_Rapida_v1;Reels;Educativo;instagram;9290;122;36,69;0,30;3,95;1,314;1;0;97,00;2,64;6539;1,50;2878
2024-12-19;CAMP002;Finanças do Zero | Topo Funil | Awareness;REACH;AS003;Amplo 25-50 | Brasil;AD005;Reels_Dica_Rapida_v1;Reels;Educativo;instagram;11782;124;48,04;0,39;4,08;1,060;1;0;97,00;2,02;8608;1,19;3297
2024-12-20;CAMP002;Finanças do Zero | Topo Funil | Awareness;REACH;AS003;Amplo 25-50 | Brasil;AD005;Reels_Dica_Rapida_v1;Reels;Educativo;instagram;10850;144;43,78;0,30;4,03;1,332;1;0;97,00;2,22;7792;1,38;3306
2024-12-21;CAMP002;Finanças do Zero | Topo Funil | Awareness;REACH;AS003;Amplo 25-50 | Brasil;AD005;Reels_Dica_Rapida_v1;Reels;Educativo;facebook;9746;111;49,83;0,45;5,11;1,146;1;0;97,00;1,95;7167;1,25;3137
2024-12-22;CAMP002;Finanças do Zero | Topo Funil | Awareness;REACH;AS003;Amplo 25-50 | Brasil;AD005;Reels_Dica_Rapida_v1;Reels;Educativo;instagram;8839;102;46,23;0,45;5,23;1,158;0;0;0,00;0,00;7249;1,26;2775
2024-12-23;CAMP002;Finanças do Zero | Topo Funil | Awareness;REACH;AS003;Amplo 25-50 | Brasil;AD005;Reels_Dica_Rapida_v1;Reels;Educativo;facebook;10287;133;44,90;0,34;4,36;1,298;1;0;97,00;2,16;7124;1,54;3035
2024-12-24;CAMP002;Finanças do Zero | Topo Funil | Awareness;REACH;AS003;Amplo 25-50 | Brasil;AD005;Reels_Dica_Rapida_v1;Reels;Educativo;facebook;10381;114;53,81;0,47;5,18;1,105;1;0;97,00;1,80;7827;1,63;3420
2024-12-25;CAMP002;Finanças do Zero | Topo Funil | Awareness;REACH;AS003;Amplo 25-50 | Brasil;AD005;Reels_Dica_Rapida_v1;Reels;Educativo;instagram;12238;156;47,69;0,31;3,90;1,279;1;0;97,00;2,03;8809;1,24;3715
2024-12-26;CAMP002;Finanças do Zero | Topo Funil | Awareness;REACH;AS003;Amplo 25-50 | Brasil;AD005;Reels_Dica_Rapida_v1;Reels;Educativo;instagram;13228;176;48,12;0,27;3,64;1,336;1;0;97,00;2,02;10054;1,51;3534
2024-12-27;CAMP002;Finanças do Zero | Topo Funil | Awareness;REACH;AS003;Amplo 25-50 | Brasil;AD005;Reels_Dica_Rapida_v1;Reels;Educativo;facebook;11017;133;38,44;0,29;3,49;1,210;1;0;97,00;2,52;7404;1,46;3685
2024-12-28;CAMP002;Finanças do Zero | Topo Funil | Awareness;REACH;AS003;Amplo 25-50 | Brasil;AD005;Reels_Dica_Rapida_v1;Reels;Educativo;instagram;11143;123;51,67;0,42;4,64;1,106;1;0;97,00;1,88;9091;1,31;3469
2024-12-29;CAMP002;Finanças do Zero | Topo Funil | Awareness;REACH;AS003;Amplo 25-50 | Brasil;AD005;Reels_Dica_Rapida_v1;Reels;Educativo;instagram;11558;122;56,30;0,46;4,87;1,056;1;0;97,00;1,72;8744;1,24;3571
2024-12-30;CAMP002;Finanças do Zero | Topo Funil | Awareness;REACH;AS003;Amplo 25-50 | Brasil;AD005;Reels_Dica_Rapida_v1;Reels;Educativo;instagram;10483;118;45,63;0,39;4,35;1,129;1;0;97,00;2,13;8154;1,39;3319
2024-12-31;CAMP002;Finanças do Zero | Topo Funil | Awareness;REACH;AS003;Amplo 25-50 | Brasil;AD005;Reels_Dica_Rapida_v1;Reels;Educativo;facebook;14285;190;45,41;0,24;3,18;1,336;2;0;194,00;4,27;11230;1,44;4463
2025-01-01;CAMP002;Finanças do Zero | Topo Funil | Awareness;REACH;AS003;Amplo 25-50 | Brasil;AD005;Reels_Dica_Rapida_v1;Reels;Educativo;facebook;11364;152;50,82;0,33;4,47;1,338;1;0;97,00;1,91;7948;1,52;3107
2025-01-02;CAMP002;Finanças do Zero | Topo Funil | Awareness;REACH;AS003;Amplo 25-50 | Brasil;AD005;Reels_Dica_Rapida_v1;Reels;Educativo;facebook;12214;159;44,64;0,28;3,65;1,308;1;0;97,00;2,17;10036;1,52;3892
2025-01-03;CAMP002;Finanças do Zero | Topo Funil | Awareness;REACH;AS003;Amplo 25-50 | Brasil;AD005;Reels_Dica_Rapida_v1;Reels;Educativo;facebook;11302;132;45,60;0,35;4,03;1,170;1;0;97,00;2,13;8160;1,67;3629
2025-01-04;CAMP002;Finanças do Zero | Topo Funil | Awareness;REACH;AS003;Amplo 25-50 | Brasil;AD005;Reels_Dica_Rapida_v1;Reels;Educativo;facebook;12471;164;46,29;0,28;3,71;1,316;1;0;97,00;2,10;9954;1,42;3906
2025-01-05;CAMP002;Finanças do Zero | Topo Funil | Awareness;REACH;AS003;Amplo 25-50 | Brasil;AD005;Reels_Dica_Rapida_v1;Reels;Educativo;instagram;13365;172;55,46;0,32;4,15;1,290;2;0;194,00;3,50;9730;1,16;4113
2025-01-06;CAMP002;Finanças do Zero | Topo Funil | Awareness;REACH;AS003;Amplo 25-50 | Brasil;AD005;Reels_Dica_Rapida_v1;Reels;Educativo;instagram;10512;114;51,01;0,45;4,85;1,090;1;0;97,00;1,90;7064;1,27;3068
2025-01-07;CAMP002;Finanças do Zero | Topo Funil | Awareness;REACH;AS003;Amplo 25-50 | Brasil;AD005;Reels_Dica_Rapida_v1;Reels;Educativo;instagram;10871;118;39,77;0,34;3,66;1,090;1;0;97,00;2,44;7969;1,40;3562
2025-01-08;CAMP002;Finanças do Zero | Topo Funil | Awareness;REACH;AS003;Amplo 25-50 | Brasil;AD005;Reels_Dica_Rapida_v1;Reels;Educativo;facebook;12793;170;50,52;0,30;3,95;1,331;1;0;97,00;1,92;10056;1,14;4233
2025-01-09;CAMP002;Finanças do Zero | Topo Funil | Awareness;REACH;AS003;Amplo 25-50 | Brasil;AD005;Reels_Dica_Rapida_v1;Reels;Educativo;instagram;9451;108;40,56;0,38;4,29;1,143;0;0;0,00;0,00;6748;1,55;2519
2025-01-10;CAMP002;Finanças do Zero | Topo Funil | Awareness;REACH;AS003;Amplo 25-50 | Brasil;AD005;Reels_Dica_Rapida_v1;Reels;Educativo;instagram;10525;134;49,39;0,37;4,69;1,278;1;0;97,00;1,96;6962;1,44;3269
2025-01-11;CAMP002;Finanças do Zero | Topo Funil | Awareness;REACH;AS003;Amplo 25-50 | Brasil;AD005;Reels_Dica_Rapida_v1;Reels;Educativo;instagram;10213;111;45,79;0,41;4,48;1,095;1;0;97,00;2,12;8521;1,19;2884
2025-01-12;CAMP002;Finanças do Zero | Topo Funil | Awareness;REACH;AS003;Amplo 25-50 | Brasil;AD005;Reels_Dica_Rapida_v1;Reels;Educativo;facebook;14865;197;57,92;0,29;3,90;1,327;2;0;194,00;3,35;10082;1,30;4475
2025-01-13;CAMP002;Finanças do Zero | Topo Funil | Awareness;REACH;AS003;Amplo 25-50 | Brasil;AD005;Reels_Dica_Rapida_v1;Reels;Educativo;facebook;11169;148;49,38;0,33;4,42;1,329;1;0;97,00;1,96;8859;1,50;3696
2025-01-14;CAMP002;Finanças do Zero | Topo Funil | Awareness;REACH;AS003;Amplo 25-50 | Brasil;AD005;Reels_Dica_Rapida_v1;Reels;Educativo;instagram;8308;89;45,94;0,52;5,53;1,080;0;0;0,00;0,00;5813;1,50;2528
2025-01-15;CAMP002;Finanças do Zero | Topo Funil | Awareness;REACH;AS003;Amplo 25-50 | Brasil;AD005;Reels_Dica_Rapida_v1;Reels;Educativo;instagram;14149;160;55,56;0,35;3,93;1,137;1;0;97,00;1,75;11036;1,66;4106
2025-01-16;CAMP002;Finanças do Zero | Topo Funil | Awareness;REACH;AS003;Amplo 25-50 | Brasil;AD005;Reels_Dica_Rapida_v1;Reels;Educativo;instagram;9890;105;48,35;0,46;4,89;1,066;1;0;97,00;2,01;8037;1,16;2987
2025-01-17;CAMP002;Finanças do Zero | Topo Funil | Awareness;REACH;AS003;Amplo 25-50 | Brasil;AD005;Reels_Dica_Rapida_v1;Reels;Educativo;instagram;10420;124;44,12;0,36;4,23;1,190;1;0;97,00;2,20;7813;1,63;3348
2025-01-18;CAMP002;Finanças do Zero | Topo Funil | Awareness;REACH;AS003;Amplo 25-50 | Brasil;AD005;Reels_Dica_Rapida_v1;Reels;Educativo;instagram;13237;167;55,94;0,33;4,23;1,264;1;0;97,00;1,73;10992;1,63;3838
2025-01-19;CAMP002;Finanças do Zero | Topo Funil | Awareness;REACH;AS003;Amplo 25-50 | Brasil;AD005;Reels_Dica_Rapida_v1;Reels;Educativo;instagram;10362;121;52,18;0,43;5,04;1,169;1;0;97,00;1,86;8633;1,45;2783
2025-01-20;CAMP002;Finanças do Zero | Topo Funil | Awareness;REACH;AS003;Amplo 25-50 | Brasil;AD005;Reels_Dica_Rapida_v1;Reels;Educativo;instagram;8105;94;41,71;0,44;5,15;1,163;0;0;0,00;0,00;6699;1,63;2686
2025-01-21;CAMP002;Finanças do Zero | Topo Funil | Awareness;REACH;AS003;Amplo 25-50 | Brasil;AD005;Reels_Dica_Rapida_v1;Reels;Educativo;instagram;9729;124;49,32;0,40;5,07;1,275;1;0;97,00;1,97;7429;1,30;2846
2025-01-22;CAMP002;Finanças do Zero | Topo Funil | Awareness;REACH;AS003;Amplo 25-50 | Brasil;AD005;Reels_Dica_Rapida_v1;Reels;Educativo;instagram;10845;128;47,30;0,37;4,36;1,187;1;0;97,00;2,05;8674;1,20;3322
2025-01-23;CAMP002;Finanças do Zero | Topo Funil | Awareness;REACH;AS003;Amplo 25-50 | Brasil;AD005;Reels_Dica_Rapida_v1;Reels;Educativo;facebook;7629;81;45,52;0,56;5,97;1,071;0;0;0,00;0,00;5375;1,27;2506
2025-01-24;CAMP002;Finanças do Zero | Topo Funil | Awareness;REACH;AS003;Amplo 25-50 | Brasil;AD005;Reels_Dica_Rapida_v1;Reels;Educativo;instagram;12839;147;49,27;0,34;3,84;1,145;1;0;97,00;1,97;8982;1,15;4101
2025-01-25;CAMP002;Finanças do Zero | Topo Funil | Awareness;REACH;AS003;Amplo 25-50 | Brasil;AD005;Reels_Dica_Rapida_v1;Reels;Educativo;instagram;13795;166;42,35;0,26;3,07;1,210;1;0;97,00;2,29;11388;1,19;3783
2025-01-26;CAMP002;Finanças do Zero | Topo Funil | Awareness;REACH;AS003;Amplo 25-50 | Brasil;AD005;Reels_Dica_Rapida_v1;Reels;Educativo;instagram;10220;135;42,03;0,31;4,11;1,325;1;0;97,00;2,31;8245;1,21;3182
2025-01-27;CAMP002;Finanças do Zero | Topo Funil | Awareness;REACH;AS003;Amplo 25-50 | Brasil;AD005;Reels_Dica_Rapida_v1;Reels;Educativo;instagram;10647;126;49,34;0,39;4,63;1,189;1;0;97,00;1,97;7120;1,50;3191
2025-01-28;CAMP002;Finanças do Zero | Topo Funil | Awareness;REACH;AS003;Amplo 25-50 | Brasil;AD005;Reels_Dica_Rapida_v1;Reels;Educativo;facebook;9800;104;51,85;0,50;5,29;1,063;1;0;97,00;1,87;6860;1,57;2900
2025-01-29;CAMP002;Finanças do Zero | Topo Funil | Awareness;REACH;AS003;Amplo 25-50 | Brasil;AD005;Reels_Dica_Rapida_v1;Reels;Educativo;facebook;10691;118;44,13;0,37;4,13;1,110;1;0;97,00;2,20;8298;1,18;2858
2025-01-30;CAMP002;Finanças do Zero | Topo Funil | Awareness;REACH;AS003;Amplo 25-50 | Brasil;AD005;Reels_Dica_Rapida_v1;Reels;Educativo;instagram;13324;176;53,27;0,30;4,00;1,325;1;0;97,00;1,82;9574;1,64;4015
2025-01-31;CAMP002;Finanças do Zero | Topo Funil | Awareness;REACH;AS003;Amplo 25-50 | Brasil;AD005;Reels_Dica_Rapida_v1;Reels;Educativo;facebook;10516;131;51,81;0,40;4,93;1,253;1;0;97,00;1,87;7545;1,16;3277
2024-03-01;CAMP003;Carteira Pro | Lançamento | Leads;LEAD_GENERATION;AS004;Leads Qualificados | Renda Extra;AD006;Video_Lancamento_Carteira_v1;Video;Lançamento;instagram;25603;341;143,28;0,42;5,60;1,335;5;24;985,00;6,87;19336;1,63;7916
2024-03-02;CAMP003;Carteira Pro | Lançamento | Leads;LEAD_GENERATION;AS004;Leads Qualificados | Renda Extra;AD006;Video_Lancamento_Carteira_v1;Video;Lançamento;instagram;38336;426;115,94;0,27;3,02;1,113;7;32;1379,00;11,89;26516;1,21;12110
2024-03-03;CAMP003;Carteira Pro | Lançamento | Leads;LEAD_GENERATION;AS004;Leads Qualificados | Renda Extra;AD006;Video_Lancamento_Carteira_v1;Video;Lançamento;instagram;30699;393;159,10;0,40;5,18;1,282;5;33;985,00;6,19;24832;1,66;10004
2024-03-04;CAMP003;Carteira Pro | Lançamento | Leads;LEAD_GENERATION;AS004;Leads Qualificados | Renda Extra;AD006;Video_Lancamento_Carteira_v1;Video;Lançamento;facebook;38744;486;143,08;0,29;3,69;1,256;8;36;1576,00;11,01;25580;1,46;11242
2024-03-05;CAMP003;Carteira Pro | Lançamento | Leads;LEAD_GENERATION;AS004;Leads Qualificados | Renda Extra;AD006;Video_Lancamento_Carteira_v1;Video;Lançamento;instagram;43069;551;170,35;0,31;3,96;1,281;7;41;1379,00;8,10;35960;1,36;12826
2024-03-06;CAMP003;Carteira Pro | Lançamento | Leads;LEAD_GENERATION;AS004;Leads Qualificados | Renda Extra;AD006;Video_Lancamento_Carteira_v1;Video;Lançamento;facebook;31811;353;137,57;0,39;4,32;1,110;5;30;985,00;7,16;25746;1,19;8855
2024-03-07;CAMP003;Carteira Pro | Lançamento | Leads;LEAD_GENERATION;AS004;Leads Qualificados | Renda Extra;AD006;Video_Lancamento_Carteira_v1;Video;Lançamento;facebook;27458;317;162,20;0,51;5,91;1,158;5;27;985,00;6,07;21612;1,43;9154
2024-03-08;CAMP003;Carteira Pro | Lançamento | Leads;LEAD_GENERATION;AS004;Leads Qualificados | Renda Extra;AD006;Video_Lancamento_Carteira_v1;Video;Lançamento;facebook;55092;702;226,88;0,32;4,12;1,275;11;52;2167,00;9,55;39576;1,35;17534
2024-03-09;CAMP003;Carteira Pro | Lançamento | Leads;LEAD_GENERATION;AS004;Leads Qualificados | Renda Extra;AD006;Video_Lancamento_Carteira_v1;Video;Lançamento;facebook;46552;584;194,00;0,33;4,17;1,255;8;51;1576,00;8,12;36043;1,63;14818
2024-03-10;CAMP003;Carteira Pro | Lançamento | Leads;LEAD_GENERATION;AS004;Leads Qualificados | Renda Extra;AD006;Video_Lancamento_Carteira_v1;Video;Lançamento;facebook;64520;840;267,70;0,32;4,15;1,303;13;70;2561,00;9,57;44657;1,49;21485
2024-03-11;CAMP003;Carteira Pro | Lançamento | Leads;LEAD_GENERATION;AS004;Leads Qualificados | Renda Extra;AD006;Video_Lancamento_Carteira_v1;Video;Lançamento;facebook;63189;847;277,12;0,33;4,39;1,342;11;70;2167,00;7,82;51180;1,62;19572
2024-03-12;CAMP003;Carteira Pro | Lançamento | Leads;LEAD_GENERATION;AS004;Leads Qualificados | Renda Extra;AD006;Video_Lancamento_Carteira_v1;Video;Lançamento;instagram;78345;853;339,93;0,40;4,34;1,089;11;66;2167,00;6,37;53181;1,56;22016
2024-03-13;CAMP003;Carteira Pro | Lançamento | Leads;LEAD_GENERATION;AS004;Leads Qualificados | Renda Extra;AD006;Video_Lancamento_Carteira_v1;Video;Lançamento;facebook;72034;920;347,55;0,38;4,82;1,278;15;70;2955,00;8,50;50391;1,13;21015
2024-03-14;CAMP003;Carteira Pro | Lançamento | Leads;LEAD_GENERATION;AS004;Leads Qualificados | Renda Extra;AD006;Video_Lancamento_Carteira_v1;Video;Lançamento;facebook;63166;708;330,88;0,47;5,24;1,122;12;56;2364,00;7,14;45257;1,32;17934
2024-03-15;CAMP003;Carteira Pro | Lançamento | Leads;LEAD_GENERATION;AS004;Leads Qualificados | Renda Extra;AD006;Video_Lancamento_Carteira_v1;Video;Lançamento;instagram;66691;737;294,46;0,40;4,42;1,106;12;52;2364,00;8,03;44880;1,17;20325
2024-03-16;CAMP003;Carteira Pro | Lançamento | Leads;LEAD_GENERATION;AS004;Leads Qualificados | Renda Extra;AD006;Video_Lancamento_Carteira_v1;Video;Lançamento;facebook;75542;1000;317,21;0,32;4,20;1,325;13;84;2561,00;8,07;57892;1,45;22395
2024-03-17;CAMP003;Carteira Pro | Lançamento | Leads;LEAD_GENERATION;AS004;Leads Qualificados | Renda Extra;AD006;Video_Lancamento_Carteira_v1;Video;Lançamento;facebook;73281;945;337,43;0,36;4,60;1,290;12;69;2364,00;7,01;49303;1,67;23920
2024-03-18;CAMP003;Carteira Pro | Lançamento | Leads;LEAD_GENERATION;AS004;Leads Qualificados | Renda Extra;AD006;Video_Lancamento_Carteira_v1;Video;Lançamento;instagram;59749;643;272,13;0,42;4,55;1,077;9;48;1773,00;6,52;44411;1,52;18210
2024-03-19;CAMP003;Carteira Pro | Lançamento | Leads;LEAD_GENERATION;AS004;Leads Qualificados | Renda Extra;AD006;Video_Lancamento_Carteira_v1;Video;Lançamento;facebook;55549;598;271,06;0,45;4,88;1,077;9;52;1773,00;6,54;37980;1,25;17272
2024-03-20;CAMP003;Carteira Pro | Lançamento | Leads;LEAD_GENERATION;AS004;Leads Qualificados | Renda Extra;AD006;Video_Lancamento_Carteira_v1;Video;Lançamento;instagram;53318;711;275,00;0,39;5,16;1,334;11;56;2167,00;7,88;37466;1,43;16522
2024-03-21;CAMP003;Carteira Pro | Lançamento | Leads;LEAD_GENERATION;AS004;Leads Qualificados | Renda Extra;AD006;Video_Lancamento_Carteira_v1;Video;Lançamento;instagram;52515;659;233,57;0,35;4,45;1,256;9;54;1773,00;7,59;37768;1,47;14576
2024-03-22;CAMP003;Carteira Pro | Lançamento | Leads;LEAD_GENERATION;AS004;Leads Qualificados | Renda Extra;AD006;Video_Lancamento_Carteira_v1;Video;Lançamento;facebook;60434;669;236,30;0,35;3,91;1,108;9;47;1773,00;7,50;43715;1,19;16056
2024-03-23;CAMP003;Carteira Pro | Lançamento | Leads;LEAD_GENERATION;AS004;Leads Qualificados | Renda Extra;AD006;Video_Lancamento_Carteira_v1;Video;Lançamento;facebook;44439;551;170,88;0,31;3,85;1,240;9;41;1773,00;10,38;29339;1,12;13078
2024-03-24;CAMP003;Carteira Pro | Lançamento | Leads;LEAD_GENERATION;AS004;Leads Qualificados | Renda Extra;AD006;Video_Lancamento_Carteira_v1;Video;Lançamento;instagram;36391;429;180,60;0,42;4,96;1,181;6;34;1182,00;6,54;29813;1,45;9840
2024-03-25;CAMP003;Carteira Pro | Lançamento | Leads;LEAD_GENERATION;AS004;Leads Qualificados | Renda Extra;AD006;Video_Lancamento_Carteira_v1;Video;Lançamento;instagram;35975;383;178,66;0,47;4,97;1,066;7;27;1379,00;7,72;25781;1,35;10068
2024-03-26;CAMP003;Carteira Pro | Lançamento | Leads;LEAD_GENERATION;AS004;Leads Qualificados | Renda Extra;AD006;Video_Lancamento_Carteira_v1;Video;Lançamento;instagram;32252;380;131,22;0,35;4,07;1,179;5;30;985,00;7,51;22083;1,16;10130
2024-03-27;CAMP003;Carteira Pro | Lançamento | Leads;LEAD_GENERATION;AS004;Leads Qualificados | Renda Extra;AD006;Video_Lancamento_Carteira_v1;Video;Lançamento;facebook;28049;354;136,59;0,39;4,87;1,263;4;27;788,00;5,77;20848;1,21;8766
2024-03-28;CAMP003;Carteira Pro | Lançamento | Leads;LEAD_GENERATION;AS004;Leads Qualificados | Renda Extra;AD006;Video_Lancamento_Carteira_v1;Video;Lançamento;instagram;24926;284;130,21;0,46;5,22;1,140;4;24;788,00;6,05;19195;1,59;7206
2024-03-29;CAMP003;Carteira Pro | Lançamento | Leads;LEAD_GENERATION;AS004;Leads Qualificados | Renda Extra;AD006;Video_Lancamento_Carteira_v1;Video;Lançamento;facebook;29739;378;143,41;0,38;4,82;1,273;6;33;1182,00;8,24;21273;1,28;8402
2024-03-30;CAMP003;Carteira Pro | Lançamento | Leads;LEAD_GENERATION;AS004;Leads Qualificados | Renda Extra;AD006;Video_Lancamento_Carteira_v1;Video;Lançamento;instagram;33353;441;117,43;0,27;3,52;1,323;7;37;1379,00;11,74;23668;1,26;9887
2024-03-31;CAMP003;Carteira Pro | Lançamento | Leads;LEAD_GENERATION;AS004;Leads Qualificados | Renda Extra;AD006;Video_Lancamento_Carteira_v1;Video;Lançamento;facebook;36379;439;117,38;0,27;3,23;1,207;7;36;1379,00;11,75;25480;1,43;11158
2024-07-01;CAMP003;Carteira Pro | Lançamento | Leads;LEAD_GENERATION;AS004;Leads Qualificados | Renda Extra;AD006;Video_Lancamento_Carteira_v1;Video;Lançamento;instagram;27616;309;143,24;0,46;5,19;1,119;5;26;985,00;6,88;18722;1,48;7604
2024-07-02;CAMP003;Carteira Pro | Lançamento | Leads;LEAD_GENERATION;AS004;Leads Qualificados | Renda Extra;AD006;Video_Lancamento_Carteira_v1;Video;Lançamento;instagram;45865;492;152,29;0,31;3,32;1,074;6;42;1182,00;7,76;32969;1,55;15077
2024-07-03;CAMP003;Carteira Pro | Lançamento | Leads;LEAD_GENERATION;AS004;Leads Qualificados | Renda Extra;AD006;Video_Lancamento_Carteira_v1;Video;Lançamento;facebook;29541;343;153,56;0,45;5,20;1,163;5;28;985,00;6,41;19695;1,60;7820
2024-07-04;CAMP003;Carteira Pro | Lançamento | Leads;LEAD_GENERATION;AS004;Leads Qualificados | Renda Extra;AD006;Video_Lancamento_Carteira_v1;Video;Lançamento;facebook;36541;392;138,44;0,35;3,79;1,074;6;29;1182,00;8,54;25047;1,15;11586
2024-07-05;CAMP003;Carteira Pro | Lançamento | Leads;LEAD_GENERATION;AS004;Leads Qualificados | Renda Extra;AD006;Video_Lancamento_Carteira_v1;Video;Lançamento;instagram;26940;320;161,90;0,51;6,01;1,189;5;27;985,00;6,08;18703;1,42;8241
2024-07-06;CAMP003;Carteira Pro | Lançamento | Leads;LEAD_GENERATION;AS004;Leads Qualificados | Renda Extra;AD006;Video_Lancamento_Carteira_v1;Video;Lançamento;facebook;51758;610;178,79;0,29;3,45;1,180;10;53;1970,00;11,02;36592;1,46;15007
2024-07-07;CAMP003;Carteira Pro | Lançamento | Leads;LEAD_GENERATION;AS004;Leads Qualificados | Renda Extra;AD006;Video_Lancamento_Carteira_v1;Video;Lançamento;facebook;35136;379;173,21;0,46;4,93;1,080;5;30;985,00;5,69;25065;1,33;9740
2024-07-08;CAMP003;Carteira Pro | Lançamento | Leads;LEAD_GENERATION;AS004;Leads Qualificados | Renda Extra;AD006;Video_Lancamento_Carteira_v1;Video;Lançamento;instagram;45359;591;203,13;0,34;4,48;1,303;8;46;1576,00;7,76;31634;1,22;12326
2024-07-09;CAMP003;Carteira Pro | Lançamento | Leads;LEAD_GENERATION;AS004;Leads Qualificados | Renda Extra;AD006;Video_Lancamento_Carteira_v1;Video;Lançamento;facebook;56326;715;213,08;0,30;3,78;1,270;12;59;2364,00;11,09;37506;1,56;18079
2024-07-10;CAMP003;Carteira Pro | Lançamento | Leads;LEAD_GENERATION;AS004;Leads Qualificados | Renda Extra;AD006;Video_Lancamento_Carteira_v1;Video;Lançamento;facebook;72528;884;308,50;0,35;4,25;1,220;12;75;2364,00;7,66;59436;1,66;22561
2024-07-11;CAMP003;Carteira Pro | Lançamento | Leads;LEAD_GENERATION;AS004;Leads Qualificados | Renda Extra;AD006;Video_Lancamento_Carteira_v1;Video;Lançamento;instagram;77969;927;270,82;0,29;3,47;1,190;12;65;2364,00;8,73;52279;1,24;21865
2024-07-12;CAMP003;Carteira Pro | Lançamento | Leads;LEAD_GENERATION;AS004;Leads Qualificados | Renda Extra;AD006;Video_Lancamento_Carteira_v1;Video;Lançamento;facebook;92883;1198;292,64;0,24;3,15;1,291;20;90;3940,00;13,46;68800;1,34;26773
2024-07-13;CAMP003;Carteira Pro | Lançamento | Leads;LEAD_GENERATION;AS004;Leads Qualificados | Renda Extra;AD006;Video_Lancamento_Carteira_v1;Video;Lançamento;facebook;85716;1033;318,29;0,31;3,71;1,206;14;88;2758,00;8,67;58646;1,13;25105
2024-07-14;CAMP003;Carteira Pro | Lançamento | Leads;LEAD_GENERATION;AS004;Leads Qualificados | Renda Extra;AD006;Video_Lancamento_Carteira_v1;Video;Lançamento;facebook;80137;896;340,90;0,38;4,25;1,119;12;71;2364,00;6,93;62559;1,16;23624
2024-07-15;CAMP003;Carteira Pro | Lançamento | Leads;LEAD_GENERATION;AS004;Leads Qualificados | Renda Extra;AD006;Video_Lancamento_Carteira_v1;Video;Lançamento;instagram;78757;863;354,43;0,41;4,50;1,097;13;70;2561,00;7,23;55511;1,54;25035
2024-07-16;CAMP003;Carteira Pro | Lançamento | Leads;LEAD_GENERATION;AS004;Leads Qualificados | Renda Extra;AD006;Video_Lancamento_Carteira_v1;Video;Lançamento;instagram;68285;898;270,11;0,30;3,96;1,316;16;75;3152,00;11,67;55098;1,43;18866
2024-07-17;CAMP003;Carteira Pro | Lançamento | Leads;LEAD_GENERATION;AS004;Leads Qualificados | Renda Extra;AD006;Video_Lancamento_Carteira_v1;Video;Lançamento;facebook;63616;680;298,79;0,44;4,70;1,069;11;53;2167,00;7,25;43027;1,65;20081
2024-07-18;CAMP003;Carteira Pro | Lançamento | Leads;LEAD_GENERATION;AS004;Leads Qualificados | Renda Extra;AD006;Video_Lancamento_Carteira_v1;Video;Lançamento;instagram;74085;861;294,57;0,34;3,98;1,164;13;75;2561,00;8,69;57704;1,35;22473
2024-07-19;CAMP003;Carteira Pro | Lançamento | Leads;LEAD_GENERATION;AS004;Leads Qualificados | Renda Extra;AD006;Video_Lancamento_Carteira_v1;Video;Lançamento;facebook;86653;1073;289,32;0,27;3,34;1,239;17;92;3349,00;11,58;71628;1,35;23188
2024-07-20;CAMP003;Carteira Pro | Lançamento | Leads;LEAD_GENERATION;AS004;Leads Qualificados | Renda Extra;AD006;Video_Lancamento_Carteira_v1;Video;Lançamento;facebook;57548;633;268,19;0,42;4,66;1,100;10;52;1970,00;7,35;39844;1,31;16504
2024-07-21;CAMP003;Carteira Pro | Lançamento | Leads;LEAD_GENERATION;AS004;Leads Qualificados | Renda Extra;AD006;Video_Lancamento_Carteira_v1;Video;Lançamento;facebook;59777;699;195,53;0,28;3,27;1,170;11;58;2167,00;11,08;49644;1,63;17870
2024-07-22;CAMP003;Carteira Pro | Lançamento | Leads;LEAD_GENERATION;AS004;Leads Qualificados | Renda Extra;AD006;Video_Lancamento_Carteira_v1;Video;Lançamento;instagram;50961;565;190,99;0,34;3,75;1,110;7;40;1379,00;7,22;42495;1,15;13607
2024-07-23;CAMP003;Carteira Pro | Lançamento | Leads;LEAD_GENERATION;AS004;Leads Qualificados | Renda Extra;AD006;Video_Lancamento_Carteira_v1;Video;Lançamento;facebook;55197;700;210,34;0,30;3,81;1,270;9;61;1773,00;8,43;40944;1,67;14768
2024-07-24;CAMP003;Carteira Pro | Lançamento | Leads;LEAD_GENERATION;AS004;Leads Qualificados | Renda Extra;AD006;Video_Lancamento_Carteira_v1;Video;Lançamento;instagram;34291;384;190,24;0,50;5,55;1,121;5;27;985,00;5,18;26918;1,66;9492
2024-07-25;CAMP003;Carteira Pro | Lançamento | Leads;LEAD_GENERATION;AS004;Leads Qualificados | Renda Extra;AD006;Video_Lancamento_Carteira_v1;Video;Lançamento;instagram;43376;479;151,65;0,32;3,50;1,106;6;38;1182,00;7,79;30578;1,34;13192
2024-07-26;CAMP003;Carteira Pro | Lançamento | Leads;LEAD_GENERATION;AS004;Leads Qualificados | Renda Extra;AD006;Video_Lancamento_Carteira_v1;Video;Lançamento;instagram;27326;297;126,56;0,43;4,63;1,089;4;24;788,00;6,23;20942;1,50;8485
2024-07-27;CAMP003;Carteira Pro | Lançamento | Leads;LEAD_GENERATION;AS004;Leads Qualificados | Renda Extra;AD006;Video_Lancamento_Carteira_v1;Video;Lançamento;instagram;28648;359;163,92;0,46;5,72;1,255;6;26;1182,00;7,21;21191;1,28;9429
2024-07-28;CAMP003;Carteira Pro | Lançamento | Leads;LEAD_GENERATION;AS004;Leads Qualificados | Renda Extra;AD006;Video_Lancamento_Carteira_v1;Video;Lançamento;facebook;28376;347;122,96;0,35;4,33;1,223;5;26;985,00;8,01;18780;1,13;8255
2024-07-29;CAMP003;Carteira Pro | Lançamento | Leads;LEAD_GENERATION;AS004;Leads Qualificados | Renda Extra;AD006;Video_Lancamento_Carteira_v1;Video;Lançamento;instagram;38022;485;127,30;0,26;3,35;1,277;7;41;1379,00;10,83;29364;1,37;12511
2024-07-30;CAMP003;Carteira Pro | Lançamento | Leads;LEAD_GENERATION;AS004;Leads Qualificados | Renda Extra;AD006;Video_Lancamento_Carteira_v1;Video;Lançamento;instagram;29643;364;144,95;0,40;4,89;1,228;5;27;985,00;6,80;22094;1,22;9522
2024-07-31;CAMP003;Carteira Pro | Lançamento | Leads;LEAD_GENERATION;AS004;Leads Qualificados | Renda Extra;AD006;Video_Lancamento_Carteira_v1;Video;Lançamento;facebook;24209;317;119,92;0,38;4,95;1,311;4;22;788,00;6,57;16098;1,57;7034
2024-11-01;CAMP003;Carteira Pro | Lançamento | Leads;LEAD_GENERATION;AS004;Leads Qualificados | Renda Extra;AD006;Video_Lancamento_Carteira_v1;Video;Lançamento;facebook;28670;329;130,10;0,40;4,54;1,149;6;29;1182,00;9,09;19704;1,35;8224
2024-11-02;CAMP003;Carteira Pro | Lançamento | Leads;LEAD_GENERATION;AS004;Leads Qualificados | Renda Extra;AD006;Video_Lancamento_Carteira_v1;Video;Lançamento;instagram;35980;427;145,05;0,34;4,03;1,189;7;31;1379,00;9,51;28047;1,35;11969
2024-11-03;CAMP003;Carteira Pro | Lançamento | Leads;LEAD_GENERATION;AS004;Leads Qualificados | Renda Extra;AD006;Video_Lancamento_Carteira_v1;Video;Lançamento;facebook;26639;320;120,05;0,38;4,51;1,204;5;25;985,00;8,20;21052;1,17;7460
2024-11-04;CAMP003;Carteira Pro | Lançamento | Leads;LEAD_GENERATION;AS004;Leads Qualificados | Renda Extra;AD006;Video_Lancamento_Carteira_v1;Video;Lançamento;facebook;35645;463;153,66;0,33;4,31;1,301;6;40;1182,00;7,69;24659;1,16;9799
2024-11-05;CAMP003;Carteira Pro | Lançamento | Leads;LEAD_GENERATION;AS004;Leads Qualificados | Renda Extra;AD006;Video_Lancamento_Carteira_v1;Video;Lançamento;facebook;31180;375;186,46;0,50;5,98;1,203;6;27;1182,00;6,34;25460;1,33;9451
2024-11-06;CAMP003;Carteira Pro | Lançamento | Leads;LEAD_GENERATION;AS004;Leads Qualificados | Renda Extra;AD006;Video_Lancamento_Carteira_v1;Video;Lançamento;facebook;45858;585;152,29;0,26;3,32;1,276;7;44;1379,00;9,06;33481;1,43;15371
2024-11-07;CAMP003;Carteira Pro | Lançamento | Leads;LEAD_GENERATION;AS004;Leads Qualificados | Renda Extra;AD006;Video_Lancamento_Carteira_v1;Video;Lançamento;instagram;54469;636;176,51;0,28;3,24;1,168;10;50;1970,00;11,16;42207;1,64;16263
2024-11-08;CAMP003;Carteira Pro | Lançamento | Leads;LEAD_GENERATION;AS004;Leads Qualificados | Renda Extra;AD006;Video_Lancamento_Carteira_v1;Video;Lançamento;facebook;55117;683;247,32;0,36;4,49;1,240;9;59;1773,00;7,17;42288;1,54;17424
2024-11-09;CAMP003;Carteira Pro | Lançamento | Leads;LEAD_GENERATION;AS004;Leads Qualificados | Renda Extra;AD006;Video_Lancamento_Carteira_v1;Video;Lançamento;facebook;47465;628;194,56;0,31;4,10;1,324;11;46;2167,00;11,14;33938;1,23;12749
2024-11-10;CAMP003;Carteira Pro | Lançamento | Leads;LEAD_GENERATION;AS004;Leads Qualificados | Renda Extra;AD006;Video_Lancamento_Carteira_v1;Video;Lançamento;facebook;58092;632;256,02;0,41;4,41;1,088;11;55;2167,00;8,46;39282;1,63;18944
2024-11-11;CAMP003;Carteira Pro | Lançamento | Leads;LEAD_GENERATION;AS004;Leads Qualificados | Renda Extra;AD006;Video_Lancamento_Carteira_v1;Video;Lançamento;facebook;69864;934;279,39;0,30;4,00;1,337;13;78;2561,00;9,17;52570;1,17;19445
2024-11-12;CAMP003;Carteira Pro | Lançamento | Leads;LEAD_GENERATION;AS004;Leads Qualificados | Renda Extra;AD006;Video_Lancamento_Carteira_v1;Video;Lançamento;facebook;53326;626;309,05;0,49;5,80;1,174;10;53;1970,00;6,37;35246;1,52;17672
2024-11-13;CAMP003;Carteira Pro | Lançamento | Leads;LEAD_GENERATION;AS004;Leads Qualificados | Renda Extra;AD006;Video_Lancamento_Carteira_v1;Video;Lançamento;facebook;72275;944;325,19;0,34;4,50;1,307;12;77;2364,00;7,27;51216;1,30;23692
2024-11-14;CAMP003;Carteira Pro | Lançamento | Leads;LEAD_GENERATION;AS004;Leads Qualificados | Renda Extra;AD006;Video_Lancamento_Carteira_v1;Video;Lançamento;facebook;73926;927;344,91;0,37;4,67;1,254;17;80;3349,00;9,71;49584;1,46;21635
2024-11-15;CAMP003;Carteira Pro | Lançamento | Leads;LEAD_GENERATION;AS004;Leads Qualificados | Renda Extra;AD006;Video_Lancamento_Carteira_v1;Video;Lançamento;facebook;67190;756;340,35;0,45;5,07;1,126;10;65;1970,00;5,79;55012;1,68;20164
2024-11-16;CAMP003;Carteira Pro | Lançamento | Leads;LEAD_GENERATION;AS004;Leads Qualificados | Renda Extra;AD006;Video_Lancamento_Carteira_v1;Video;Lançamento;facebook;96357;1243;331,47;0,27;3,44;1,291;19;105;3743,00;11,29;78915;1,40;32122
2024-11-17;CAMP003;Carteira Pro | Lançamento | Leads;LEAD_GENERATION;AS004;Leads Qualificados | Renda Extra;AD006;Video_Lancamento_Carteira_v1;Video;Lançamento;facebook;93900;1114;319,16;0,29;3,40;1,187;16;90;3152,00;9,88;61987;1,66;25292
2024-11-18;CAMP003;Carteira Pro | Lançamento | Leads;LEAD_GENERATION;AS004;Leads Qualificados | Renda Extra;AD006;Video_Lancamento_Carteira_v1;Video;Lançamento;facebook;57715;728;298,95;0,41;5,18;1,262;10;60;1970,00;6,59;41720;1,60;16013
2024-11-19;CAMP003;Carteira Pro | Lançamento | Leads;LEAD_GENERATION;AS004;Leads Qualificados | Renda Extra;AD006;Video_Lancamento_Carteira_v1;Video;Lançamento;instagram;65970;831;289,86;0,35;4,39;1,260;14;73;2758,00;9,51;49394;1,13;17867
2024-11-20;CAMP003;Carteira Pro | Lançamento | Leads;LEAD_GENERATION;AS004;Leads Qualificados | Renda Extra;AD006;Video_Lancamento_Carteira_v1;Video;Lançamento;instagram;60438;667;242,01;0,36;4,00;1,104;11;58;2167,00;8,95;42580;1,41;16282
2024-11-21;CAMP003;Carteira Pro | Lançamento | Leads;LEAD_GENERATION;AS004;Leads Qualificados | Renda Extra;AD006;Video_Lancamento_Carteira_v1;Video;Lançamento;facebook;55532;733;188,83;0,26;3,40;1,320;12;56;2364,00;12,52;42059;1,45;15855
2024-11-22;CAMP003;Carteira Pro | Lançamento | Leads;LEAD_GENERATION;AS004;Leads Qualificados | Renda Extra;AD006;Video_Lancamento_Carteira_v1;Video;Lançamento;instagram;44172;571;239,50;0,42;5,42;1,293;7;44;1379,00;5,76;33398;1,33;14090
2024-11-23;CAMP003;Carteira Pro | Lançamento | Leads;LEAD_GENERATION;AS004;Leads Qualificados | Renda Extra;AD006;Video_Lancamento_Carteira_v1;Video;Lançamento;facebook;44639;529;175,39;0,33;3,93;1,185;7;42;1379,00;7,86;32221;1,44;12503
2024-11-24;CAMP003;Carteira Pro | Lançamento | Leads;LEAD_GENERATION;AS004;Leads Qualificados | Renda Extra;AD006;Video_Lancamento_Carteira_v1;Video;Lançamento;instagram;37360;473;172,11;0,36;4,61;1,269;8;38;1576,00;9,16;26460;1,46;11141
2024-11-25;CAMP003;Carteira Pro | Lançamento | Leads;LEAD_GENERATION;AS004;Leads Qualificados | Renda Extra;AD006;Video_Lancamento_Carteira_v1;Video;Lançamento;facebook;38167;409;189,04;0,46;4,95;1,074;6;33;1182,00;6,25;28991;1,39;11711
2024-11-26;CAMP003;Carteira Pro | Lançamento | Leads;LEAD_GENERATION;AS004;Leads Qualificados | Renda Extra;AD006;Video_Lancamento_Carteira_v1;Video;Lançamento;facebook;33298;410;137,61;0,34;4,13;1,234;6;32;1182,00;8,59;26787;1,16;10713
2024-11-27;CAMP003;Carteira Pro | Lançamento | Leads;LEAD_GENERATION;AS004;Leads Qualificados | Renda Extra;AD006;Video_Lancamento_Carteira_v1;Video;Lançamento;facebook;29380;349;147,18;0,42;5,01;1,188;6;26;1182,00;8,03;24664;1,34;8376
2024-11-28;CAMP003;Carteira Pro | Lançamento | Leads;LEAD_GENERATION;AS004;Leads Qualificados | Renda Extra;AD006;Video_Lancamento_Carteira_v1;Video;Lançamento;facebook;24570;302;124,90;0,41;5,08;1,230;5;24;985,00;7,89;17660;1,34;6788
2024-11-29;CAMP003;Carteira Pro | Lançamento | Leads;LEAD_GENERATION;AS004;Leads Qualificados | Renda Extra;AD006;Video_Lancamento_Carteira_v1;Video;Lançamento;facebook;37629;447;134,17;0,30;3,57;1,188;6;33;1182,00;8,81;24957;1,46;11408
2024-11-30;CAMP003;Carteira Pro | Lançamento | Leads;LEAD_GENERATION;AS004;Leads Qualificados | Renda Extra;AD006;Video_Lancamento_Carteira_v1;Video;Lançamento;facebook;32262;361;114,77;0,32;3,56;1,120;5;29;985,00;8,58;23208;1,43;9225
2024-03-01;CAMP003;Carteira Pro | Lançamento | Leads;LEAD_GENERATION;AS005;Lookalike Compradores | 2%;AD007;Carrossel_Modulos_Curso_v1;Carousel;Produto;instagram;35352;399;154,51;0,39;4,37;1,131;7;35;1379,00;8,92;29595;1,43;0
2024-03-02;CAMP003;Carteira Pro | Lançamento | Leads;LEAD_GENERATION;AS005;Lookalike Compradores | 2%;AD007;Carrossel_Modulos_Curso_v1;Carousel;Produto;instagram;28133;371;138,96;0,37;4,94;1,320;4;27;788,00;5,67;22415;1,50;0
2024-03-03;CAMP003;Carteira Pro | Lançamento | Leads;LEAD_GENERATION;AS005;Lookalike Compradores | 2%;AD007;Carrossel_Modulos_Curso_v1;Carousel;Produto;instagram;36406;452;143,03;0,32;3,93;1,242;5;40;985,00;6,89;24664;1,32;0
2024-03-04;CAMP003;Carteira Pro | Lançamento | Leads;LEAD_GENERATION;AS005;Lookalike Compradores | 2%;AD007;Carrossel_Modulos_Curso_v1;Carousel;Produto;facebook;35963;448;157,23;0,35;4,37;1,248;8;34;1576,00;10,02;26989;1,37;0
2024-03-05;CAMP003;Carteira Pro | Lançamento | Leads;LEAD_GENERATION;AS005;Lookalike Compradores | 2%;AD007;Carrossel_Modulos_Curso_v1;Carousel;Produto;facebook;35245;420;143,55;0,34;4,07;1,192;6;34;1182,00;8,23;27264;1,14;0
2024-03-06;CAMP003;Carteira Pro | Lançamento | Leads;LEAD_GENERATION;AS005;Lookalike Compradores | 2%;AD007;Carrossel_Modulos_Curso_v1;Carousel;Produto;facebook;36104;409;141,76;0,35;3,93;1,134;6;36;1182,00;8,34;26385;1,26;0
2024-03-07;CAMP003;Carteira Pro | Lançamento | Leads;LEAD_GENERATION;AS005;Lookalike Compradores | 2%;AD007;Carrossel_Modulos_Curso_v1;Carousel;Produto;instagram;37202;435;194,00;0,45;5,21;1,171;8;32;1576,00;8,12;25502;1,65;0
2024-03-08;CAMP003;Carteira Pro | Lançamento | Leads;LEAD_GENERATION;AS005;Lookalike Compradores | 2%;AD007;Carrossel_Modulos_Curso_v1;Carousel;Produto;facebook;46338;547;225,96;0,41;4,88;1,182;8;41;1576,00;6,97;32119;1,36;0
2024-03-09;CAMP003;Carteira Pro | Lançamento | Leads;LEAD_GENERATION;AS005;Lookalike Compradores | 2%;AD007;Carrossel_Modulos_Curso_v1;Carousel;Produto;instagram;42072;557;232,13;0,42;5,52;1,324;9;42;1773,00;7,64;31545;1,56;0
2024-03-10;CAMP003;Carteira Pro | Lançamento | Leads;LEAD_GENERATION;AS005;Lookalike Compradores | 2%;AD007;Carrossel_Modulos_Curso_v1;Carousel;Produto;facebook;55461;637;262,03;0,41;4,72;1,150;10;52;1970,00;7,52;45070;1,30;0
2024-03-11;CAMP003;Carteira Pro | Lançamento | Leads;LEAD_GENERATION;AS005;Lookalike Compradores | 2%;AD007;Carrossel_Modulos_Curso_v1;Carousel;Produto;facebook;66169;714;296,03;0,41;4,47;1,080;9;54;1773,00;5,99;45651;1,31;0
2024-03-12;CAMP003;Carteira Pro | Lançamento | Leads;LEAD_GENERATION;AS005;Lookalike Compradores | 2%;AD007;Carrossel_Modulos_Curso_v1;Carousel;Produto;facebook;77392;905;339,42;0,38;4,39;1,170;15;80;2955,00;8,71;64024;1,64;0
2024-03-13;CAMP003;Carteira Pro | Lançamento | Leads;LEAD_GENERATION;AS005;Lookalike Compradores | 2%;AD007;Carrossel_Modulos_Curso_v1;Carousel;Produto;facebook;72987;974;307,10;0,32;4,21;1,335;15;76;2955,00;9,62;56283;1,27;0
2024-03-14;CAMP003;Carteira Pro | Lançamento | Leads;LEAD_GENERATION;AS005;Lookalike Compradores | 2%;AD007;Carrossel_Modulos_Curso_v1;Carousel;Produto;facebook;79456;880;316,54;0,36;3,98;1,108;15;64;2955,00;9,34;62635;1,59;0
2024-03-15;CAMP003;Carteira Pro | Lançamento | Leads;LEAD_GENERATION;AS005;Lookalike Compradores | 2%;AD007;Carrossel_Modulos_Curso_v1;Carousel;Produto;facebook;77494;900;302,13;0,34;3,90;1,162;12;64;2364,00;7,82;58526;1,31;0
2024-03-16;CAMP003;Carteira Pro | Lançamento | Leads;LEAD_GENERATION;AS005;Lookalike Compradores | 2%;AD007;Carrossel_Modulos_Curso_v1;Carousel;Produto;facebook;74590;885;317,25;0,36;4,25;1,187;12;66;2364,00;7,45;54017;1,33;0
2024-03-17;CAMP003;Carteira Pro | Lançamento | Leads;LEAD_GENERATION;AS005;Lookalike Compradores | 2%;AD007;Carrossel_Modulos_Curso_v1;Carousel;Produto;instagram;64837;821;304,47;0,37;4,70;1,267;11;70;2167,00;7,12;49568;1,38;0
2024-03-18;CAMP003;Carteira Pro | Lançamento | Leads;LEAD_GENERATION;AS005;Lookalike Compradores | 2%;AD007;Carrossel_Modulos_Curso_v1;Carousel;Produto;facebook;85843;1116;293,86;0,26;3,42;1,300;18;79;3546,00;12,07;60090;1,25;0
2024-03-19;CAMP003;Carteira Pro | Lançamento | Leads;LEAD_GENERATION;AS005;Lookalike Compradores | 2%;AD007;Carrossel_Modulos_Curso_v1;Carousel;Produto;facebook;45569;571;268,26;0,47;5,89;1,254;8;47;1576,00;5,87;33578;1,63;0
2024-03-20;CAMP003;Carteira Pro | Lançamento | Leads;LEAD_GENERATION;AS005;Lookalike Compradores | 2%;AD007;Carrossel_Modulos_Curso_v1;Carousel;Produto;instagram;51399;678;206,63;0,30;4,02;1,319;8;58;1576,00;7,63;35739;1,39;0
2024-03-21;CAMP003;Carteira Pro | Lançamento | Leads;LEAD_GENERATION;AS005;Lookalike Compradores | 2%;AD007;Carrossel_Modulos_Curso_v1;Carousel;Produto;facebook;47138;540;226,19;0,42;4,80;1,146;7;45;1379,00;6,10;38972;1,35;0
2024-03-22;CAMP003;Carteira Pro | Lançamento | Leads;LEAD_GENERATION;AS005;Lookalike Compradores | 2%;AD007;Carrossel_Modulos_Curso_v1;Carousel;Produto;instagram;53326;578;218,27;0,38;4,09;1,085;9;41;1773,00;8,12;36999;1,36;0
2024-03-23;CAMP003;Carteira Pro | Lançamento | Leads;LEAD_GENERATION;AS005;Lookalike Compradores | 2%;AD007;Carrossel_Modulos_Curso_v1;Carousel;Produto;facebook;34818;442;176,26;0,40;5,06;1,270;8;36;1576,00;8,94;29165;1,34;0
2024-03-24;CAMP003;Carteira Pro | Lançamento | Leads;LEAD_GENERATION;AS005;Lookalike Compradores | 2%;AD007;Carrossel_Modulos_Curso_v1;Carousel;Produto;instagram;38138;430;163,88;0,38;4,30;1,130;6;36;1182,00;7,21;25532;1,27;0
2024-03-25;CAMP003;Carteira Pro | Lançamento | Leads;LEAD_GENERATION;AS005;Lookalike Compradores | 2%;AD007;Carrossel_Modulos_Curso_v1;Carousel;Produto;facebook;34309;367;144,11;0,39;4,20;1,070;6;28;1182,00;8,20;25924;1,25;0
2024-03-26;CAMP003;Carteira Pro | Lançamento | Leads;LEAD_GENERATION;AS005;Lookalike Compradores | 2%;AD007;Carrossel_Modulos_Curso_v1;Carousel;Produto;instagram;40167;505;128,75;0,25;3,21;1,259;8;39;1576,00;12,24;27740;1,41;0
2024-03-27;CAMP003;Carteira Pro | Lançamento | Leads;LEAD_GENERATION;AS005;Lookalike Compradores | 2%;AD007;Carrossel_Modulos_Curso_v1;Carousel;Produto;instagram;31230;356;145,10;0,41;4,65;1,142;6;31;1182,00;8,15;23888;1,50;0
2024-03-28;CAMP003;Carteira Pro | Lançamento | Leads;LEAD_GENERATION;AS005;Lookalike Compradores | 2%;AD007;Carrossel_Modulos_Curso_v1;Carousel;Produto;facebook;35188;461;147,30;0,32;4,19;1,312;6;38;1182,00;8,02;29212;1,32;0
2024-03-29;CAMP003;Carteira Pro | Lançamento | Leads;LEAD_GENERATION;AS005;Lookalike Compradores | 2%;AD007;Carrossel_Modulos_Curso_v1;Carousel;Produto;facebook;33913;401;131,51;0,33;3,88;1,183;6;33;1182,00;8,99;27388;1,46;0
2024-03-30;CAMP003;Carteira Pro | Lançamento | Leads;LEAD_GENERATION;AS005;Lookalike Compradores | 2%;AD007;Carrossel_Modulos_Curso_v1;Carousel;Produto;instagram;30894;366;140,22;0,38;4,54;1,186;4;25;788,00;5,62;25483;1,30;0
2024-03-31;CAMP003;Carteira Pro | Lançamento | Leads;LEAD_GENERATION;AS005;Lookalike Compradores | 2%;AD007;Carrossel_Modulos_Curso_v1;Carousel;Produto;instagram;24162;319;118,54;0,37;4,91;1,323;4;27;788,00;6,65;20217;1,21;0
2024-07-01;CAMP003;Carteira Pro | Lançamento | Leads;LEAD_GENERATION;AS005;Lookalike Compradores | 2%;AD007;Carrossel_Modulos_Curso_v1;Carousel;Produto;facebook;22735;274;109,15;0,40;4,80;1,208;4;21;788,00;7,22;17370;1,42;0
2024-07-02;CAMP003;Carteira Pro | Lançamento | Leads;LEAD_GENERATION;AS005;Lookalike Compradores | 2%;AD007;Carrossel_Modulos_Curso_v1;Carousel;Produto;facebook;42851;569;128,04;0,23;2,99;1,328;8;40;1576,00;12,31;34709;1,58;0
2024-07-03;CAMP003;Carteira Pro | Lançamento | Leads;LEAD_GENERATION;AS005;Lookalike Compradores | 2%;AD007;Carrossel_Modulos_Curso_v1;Carousel;Produto;instagram;32528;424;129,30;0,30;3,97;1,304;7;34;1379,00;10,67;21992;1,24;0
2024-07-04;CAMP003;Carteira Pro | Lançamento | Leads;LEAD_GENERATION;AS005;Lookalike Compradores | 2%;AD007;Carrossel_Modulos_Curso_v1;Carousel;Produto;instagram;34147;434;171,14;0,39;5,01;1,273;6;36;1182,00;6,91;23736;1,55;0
2024-07-05;CAMP003;Carteira Pro | Lançamento | Leads;LEAD_GENERATION;AS005;Lookalike Compradores | 2%;AD007;Carrossel_Modulos_Curso_v1;Carousel;Produto;facebook;31868;358;150,39;0,42;4,72;1,125;5;25;985,00;6,55;25924;1,66;0
2024-07-06;CAMP003;Carteira Pro | Lançamento | Leads;LEAD_GENERATION;AS005;Lookalike Compradores | 2%;AD007;Carrossel_Modulos_Curso_v1;Carousel;Produto;instagram;41686;454;182,62;0,40;4,38;1,091;7;32;1379,00;7,55;33713;1,15;0
2024-07-07;CAMP003;Carteira Pro | Lançamento | Leads;LEAD_GENERATION;AS005;Lookalike Compradores | 2%;AD007;Carrossel_Modulos_Curso_v1;Carousel;Produto;facebook;55994;644;178,42;0,28;3,19;1,150;11;49;2167,00;12,15;40992;1,52;0
2024-07-08;CAMP003;Carteira Pro | Lançamento | Leads;LEAD_GENERATION;AS005;Lookalike Compradores | 2%;AD007;Carrossel_Modulos_Curso_v1;Carousel;Produto;facebook;66249;738;228,08;0,31;3,44;1,115;13;53;2561,00;11,23;51954;1,37;0
2024-07-09;CAMP003;Carteira Pro | Lançamento | Leads;LEAD_GENERATION;AS005;Lookalike Compradores | 2%;AD007;Carrossel_Modulos_Curso_v1;Carousel;Produto;instagram;55829;628;212,92;0,34;3,81;1,126;10;52;1970,00;9,25;46649;1,47;0
2024-07-10;CAMP003;Carteira Pro | Lançamento | Leads;LEAD_GENERATION;AS005;Lookalike Compradores | 2%;AD007;Carrossel_Modulos_Curso_v1;Carousel;Produto;instagram;72965;971;271,94;0,28;3,73;1,331;15;72;2955,00;10,87;58931;1,48;0
2024-07-11;CAMP003;Carteira Pro | Lançamento | Leads;LEAD_GENERATION;AS005;Lookalike Compradores | 2%;AD007;Carrossel_Modulos_Curso_v1;Carousel;Produto;facebook;54677;715;249,02;0,35;4,55;1,309;9;54;1773,00;7,12;42582;1,34;0
2024-07-12;CAMP003;Carteira Pro | Lançamento | Leads;LEAD_GENERATION;AS005;Lookalike Compradores | 2%;AD007;Carrossel_Modulos_Curso_v1;Carousel;Produto;instagram;86571;921;296,97;0,32;3,43;1,064;12;75;2364,00;7,96;63523;1,68;0
2024-07-13;CAMP003;Carteira Pro | Lançamento | Leads;LEAD_GENERATION;AS005;Lookalike Compradores | 2%;AD007;Carrossel_Modulos_Curso_v1;Carousel;Produto;facebook;57269;737;272,55;0,37;4,76;1,288;10;63;1970,00;7,23;38157;1,50;0
2024-07-14;CAMP003;Carteira Pro | Lançamento | Leads;LEAD_GENERATION;AS005;Lookalike Compradores | 2%;AD007;Carrossel_Modulos_Curso_v1;Carousel;Produto;instagram;81862;1014;326,95;0,32;3,99;1,239;14;81;2758,00;8,44;60064;1,58;0
2024-07-15;CAMP003;Carteira Pro | Lançamento | Leads;LEAD_GENERATION;AS005;Lookalike Compradores | 2%;AD007;Carrossel_Modulos_Curso_v1;Carousel;Produto;facebook;96044;1199;276,86;0,23;2,88;1,249;19;87;3743,00;13,52;67954;1,67;0
2024-07-16;CAMP003;Carteira Pro | Lançamento | Leads;LEAD_GENERATION;AS005;Lookalike Compradores | 2%;AD007;Carrossel_Modulos_Curso_v1;Carousel;Produto;facebook;59554;778;352,90;0,45;5,93;1,307;11;58;2167,00;6,14;44974;1,27;0
2024-07-17;CAMP003;Carteira Pro | Lançamento | Leads;LEAD_GENERATION;AS005;Lookalike Compradores | 2%;AD007;Carrossel_Modulos_Curso_v1;Carousel;Produto;instagram;82139;1003;353,58;0,35;4,30;1,222;16;71;3152,00;8,91;64489;1,40;0
2024-07-18;CAMP003;Carteira Pro | Lançamento | Leads;LEAD_GENERATION;AS005;Lookalike Compradores | 2%;AD007;Carrossel_Modulos_Curso_v1;Carousel;Produto;instagram;81500;1076;359,19;0,33;4,41;1,321;17;79;3349,00;9,32;67557;1,42;0
2024-07-19;CAMP003;Carteira Pro | Lançamento | Leads;LEAD_GENERATION;AS005;Lookalike Compradores | 2%;AD007;Carrossel_Modulos_Curso_v1;Carousel;Produto;instagram;77215;893;293,26;0,33;3,80;1,157;16;66;3152,00;10,75;58434;1,59;0
2024-07-20;CAMP003;Carteira Pro | Lançamento | Leads;LEAD_GENERATION;AS005;Lookalike Compradores | 2%;AD007;Carrossel_Modulos_Curso_v1;Carousel;Produto;facebook;53283;698;272,78;0,39;5,12;1,312;9;62;1773,00;6,50;42732;1,57;0
2024-07-21;CAMP003;Carteira Pro | Lançamento | Leads;LEAD_GENERATION;AS005;Lookalike Compradores | 2%;AD007;Carrossel_Modulos_Curso_v1;Carousel;Produto;facebook;68924;879;258,54;0,29;3,75;1,277;11;67;2167,00;8,38;51783;1,24;0
2024-07-22;CAMP003;Carteira Pro | Lançamento | Leads;LEAD_GENERATION;AS005;Lookalike Compradores | 2%;AD007;Carrossel_Modulos_Curso_v1;Carousel;Produto;instagram;45107;542;185,25;0,34;4,11;1,203;9;40;1773,00;9,57;33420;1,28;0
2024-07-23;CAMP003;Carteira Pro | Lançamento | Leads;LEAD_GENERATION;AS005;Lookalike Compradores | 2%;AD007;Carrossel_Modulos_Curso_v1;Carousel;Produto;instagram;40229;496;206,93;0,42;5,14;1,235;6;43;1182,00;5,71;33570;1,23;0
2024-07-24;CAMP003;Carteira Pro | Lançamento | Leads;LEAD_GENERATION;AS005;Lookalike Compradores | 2%;AD007;Carrossel_Modulos_Curso_v1;Carousel;Produto;facebook;27828;307;149,35;0,49;5,37;1,104;4;23;788,00;5,28;22686;1,49;0
2024-07-25;CAMP003;Carteira Pro | Lançamento | Leads;LEAD_GENERATION;AS005;Lookalike Compradores | 2%;AD007;Carrossel_Modulos_Curso_v1;Carousel;Produto;facebook;24885;295;154,04;0,52;6,19;1,186;4;22;788,00;5,12;16677;1,28;0
2024-07-26;CAMP003;Carteira Pro | Lançamento | Leads;LEAD_GENERATION;AS005;Lookalike Compradores | 2%;AD007;Carrossel_Modulos_Curso_v1;Carousel;Produto;facebook;42110;513;147,88;0,29;3,51;1,219;7;39;1379,00;9,33;28243;1,56;0
2024-07-27;CAMP003;Carteira Pro | Lançamento | Leads;LEAD_GENERATION;AS005;Lookalike Compradores | 2%;AD007;Carrossel_Modulos_Curso_v1;Carousel;Produto;instagram;31119;341;147,11;0,43;4,73;1,098;6;27;1182,00;8,03;21384;1,38;0
2024-07-28;CAMP003;Carteira Pro | Lançamento | Leads;LEAD_GENERATION;AS005;Lookalike Compradores | 2%;AD007;Carrossel_Modulos_Curso_v1;Carousel;Produto;facebook;30654;339;132,05;0,39;4,31;1,109;5;30;985,00;7,46;21255;1,59;0
2024-07-29;CAMP003;Carteira Pro | Lançamento | Leads;LEAD_GENERATION;AS005;Lookalike Compradores | 2%;AD007;Carrossel_Modulos_Curso_v1;Carousel;Produto;facebook;33078;365;125,07;0,34;3,78;1,106;4;29;788,00;6,30;22977;1,47;0
2024-07-30;CAMP003;Carteira Pro | Lançamento | Leads;LEAD_GENERATION;AS005;Lookalike Compradores | 2%;AD007;Carrossel_Modulos_Curso_v1;Carousel;Produto;facebook;30414;362;121,50;0,34;3,99;1,193;4;28;788,00;6,49;20380;1,51;0
2024-07-31;CAMP003;Carteira Pro | Lançamento | Leads;LEAD_GENERATION;AS005;Lookalike Compradores | 2%;AD007;Carrossel_Modulos_Curso_v1;Carousel;Produto;facebook;33634;431;141,12;0,33;4,20;1,284;6;36;1182,00;8,38;25656;1,52;0
2024-11-01;CAMP003;Carteira Pro | Lançamento | Leads;LEAD_GENERATION;AS005;Lookalike Compradores | 2%;AD007;Carrossel_Modulos_Curso_v1;Carousel;Produto;facebook;35460;421;111,21;0,26;3,14;1,190;7;29;1379,00;12,40;24275;1,17;0
2024-11-02;CAMP003;Carteira Pro | Lançamento | Leads;LEAD_GENERATION;AS005;Lookalike Compradores | 2%;AD007;Carrossel_Modulos_Curso_v1;Carousel;Produto;instagram;32111;359;164,93;0,46;5,14;1,118;5;26;985,00;5,97;22185;1,56;0
2024-11-03;CAMP003;Carteira Pro | Lançamento | Leads;LEAD_GENERATION;AS005;Lookalike Compradores | 2%;AD007;Carrossel_Modulos_Curso_v1;Carousel;Produto;facebook;27829;353;131,21;0,37;4,71;1,270;5;25;985,00;7,51;19297;1,34;0
2024-11-04;CAMP003;Carteira Pro | Lançamento | Leads;LEAD_GENERATION;AS005;Lookalike Compradores | 2%;AD007;Carrossel_Modulos_Curso_v1;Carousel;Produto;facebook;33242;425;145,98;0,34;4,39;1,279;7;36;1379,00;9,45;25347;1,68;0
2024-11-05;CAMP003;Carteira Pro | Lançamento | Leads;LEAD_GENERATION;AS005;Lookalike Compradores | 2%;AD007;Carrossel_Modulos_Curso_v1;Carousel;Produto;facebook;40204;477;173,48;0,36;4,31;1,187;7;37;1379,00;7,95;32505;1,67;0
2024-11-06;CAMP003;Carteira Pro | Lançamento | Leads;LEAD_GENERATION;AS005;Lookalike Compradores | 2%;AD007;Carrossel_Modulos_Curso_v1;Carousel;Produto;instagram;40680;451;199,41;0,44;4,90;1,109;6;37;1182,00;5,93;28174;1,13;0
2024-11-07;CAMP003;Carteira Pro | Lançamento | Leads;LEAD_GENERATION;AS005;Lookalike Compradores | 2%;AD007;Carrossel_Modulos_Curso_v1;Carousel;Produto;instagram;38275;504;227,93;0,45;5,96;1,319;8;35;1576,00;6,91;30758;1,27;0
2024-11-08;CAMP003;Carteira Pro | Lançamento | Leads;LEAD_GENERATION;AS005;Lookalike Compradores | 2%;AD007;Carrossel_Modulos_Curso_v1;Carousel;Produto;facebook;41745;462;190,69;0,41;4,57;1,109;7;35;1379,00;7,23;31085;1,17;0
2024-11-09;CAMP003;Carteira Pro | Lançamento | Leads;LEAD_GENERATION;AS005;Lookalike Compradores | 2%;AD007;Carrossel_Modulos_Curso_v1;Carousel;Produto;instagram;50065;532;216,15;0,41;4,32;1,063;10;38;1970,00;9,11;38308;1,65;0
2024-11-10;CAMP003;Carteira Pro | Lançamento | Leads;LEAD_GENERATION;AS005;Lookalike Compradores | 2%;AD007;Carrossel_Modulos_Curso_v1;Carousel;Produto;facebook;48350;603;220,10;0,37;4,55;1,248;8;53;1576,00;7,16;33396;1,45;0
2024-11-11;CAMP003;Carteira Pro | Lançamento | Leads;LEAD_GENERATION;AS005;Lookalike Compradores | 2%;AD007;Carrossel_Modulos_Curso_v1;Carousel;Produto;instagram;81293;1029;284,35;0,28;3,50;1,267;18;89;3546,00;12,47;65230;1,26;0
2024-11-12;CAMP003;Carteira Pro | Lançamento | Leads;LEAD_GENERATION;AS005;Lookalike Compradores | 2%;AD007;Carrossel_Modulos_Curso_v1;Carousel;Produto;instagram;74120;863;304,10;0,35;4,10;1,165;11;60;2167,00;7,13;55005;1,41;0
2024-11-13;CAMP003;Carteira Pro | Lançamento | Leads;LEAD_GENERATION;AS005;Lookalike Compradores | 2%;AD007;Carrossel_Modulos_Curso_v1;Carousel;Produto;instagram;70017;936;289,32;0,31;4,13;1,337;17;67;3349,00;11,58;54021;1,14;0
2024-11-14;CAMP003;Carteira Pro | Lançamento | Leads;LEAD_GENERATION;AS005;Lookalike Compradores | 2%;AD007;Carrossel_Modulos_Curso_v1;Carousel;Produto;facebook;59495;726;295,59;0,41;4,97;1,221;12;58;2364,00;8,00;43475;1,58;0
2024-11-15;CAMP003;Carteira Pro | Lançamento | Leads;LEAD_GENERATION;AS005;Lookalike Compradores | 2%;AD007;Carrossel_Modulos_Curso_v1;Carousel;Produto;instagram;96027;1284;391,70;0,31;4,08;1,338;18;97;3546,00;9,05;79704;1,36;0
2024-11-16;CAMP003;Carteira Pro | Lançamento | Leads;LEAD_GENERATION;AS005;Lookalike Compradores | 2%;AD007;Carrossel_Modulos_Curso_v1;Carousel;Produto;facebook;53014;622;322,40;0,52;6,08;1,174;9;46;1773,00;5,50;36594;1,52;0
2024-11-17;CAMP003;Carteira Pro | Lançamento | Leads;LEAD_GENERATION;AS005;Lookalike Compradores | 2%;AD007;Carrossel_Modulos_Curso_v1;Carousel;Produto;facebook;74289;943;368,15;0,39;4,96;1,270;17;72;3349,00;9,10;59211;1,30;0
2024-11-18;CAMP003;Carteira Pro | Lançamento | Leads;LEAD_GENERATION;AS005;Lookalike Compradores | 2%;AD007;Carrossel_Modulos_Curso_v1;Carousel;Produto;facebook;48226;619;254,10;0,41;5,27;1,284;10;55;1970,00;7,75;37143;1,37;0
2024-11-19;CAMP003;Carteira Pro | Lançamento | Leads;LEAD_GENERATION;AS005;Lookalike Compradores | 2%;AD007;Carrossel_Modulos_Curso_v1;Carousel;Produto;facebook;60008;649;246,88;0,38;4,11;1,082;9;50;1773,00;7,18;43758;1,12;0
2024-11-20;CAMP003;Carteira Pro | Lançamento | Leads;LEAD_GENERATION;AS005;Lookalike Compradores | 2%;AD007;Carrossel_Modulos_Curso_v1;Carousel;Produto;instagram;69910;837;244,22;0,29;3,49;1,198;15;70;2955,00;12,10;55452;1,45;0
2024-11-21;CAMP003;Carteira Pro | Lançamento | Leads;LEAD_GENERATION;AS005;Lookalike Compradores | 2%;AD007;Carrossel_Modulos_Curso_v1;Carousel;Produto;instagram;51901;592;247,97;0,42;4,78;1,142;11;52;2167,00;8,74;38739;1,65;0
2024-11-22;CAMP003;Carteira Pro | Lançamento | Leads;LEAD_GENERATION;AS005;Lookalike Compradores | 2%;AD007;Carrossel_Modulos_Curso_v1;Carousel;Produto;facebook;35453;457;213,98;0,47;6,04;1,291;8;36;1576,00;7,37;26172;1,50;0
2024-11-23;CAMP003;Carteira Pro | Lançamento | Leads;LEAD_GENERATION;AS005;Lookalike Compradores | 2%;AD007;Carrossel_Modulos_Curso_v1;Carousel;Produto;instagram;48446;641;201,91;0,31;4,17;1,324;10;46;1970,00;9,76;38028;1,17;0
2024-11-24;CAMP003;Carteira Pro | Lançamento | Leads;LEAD_GENERATION;AS005;Lookalike Compradores | 2%;AD007;Carrossel_Modulos_Curso_v1;Carousel;Produto;facebook;32438;356;176,20;0,49;5,43;1,099;4;29;788,00;4,47;21808;1,57;0
2024-11-25;CAMP003;Carteira Pro | Lançamento | Leads;LEAD_GENERATION;AS005;Lookalike Compradores | 2%;AD007;Carrossel_Modulos_Curso_v1;Carousel;Produto;instagram;35781;423;144,35;0,34;4,03;1,185;6;34;1182,00;8,19;27363;1,45;0
2024-11-26;CAMP003;Carteira Pro | Lançamento | Leads;LEAD_GENERATION;AS005;Lookalike Compradores | 2%;AD007;Carrossel_Modulos_Curso_v1;Carousel;Produto;facebook;41112;440;143,69;0,33;3,49;1,071;5;32;985,00;6,86;33128;1,61;0
2024-11-27;CAMP003;Carteira Pro | Lançamento | Leads;LEAD_GENERATION;AS005;Lookalike Compradores | 2%;AD007;Carrossel_Modulos_Curso_v1;Carousel;Produto;instagram;31689;418;150,45;0,36;4,75;1,321;7;33;1379,00;9,17;26437;1,45;0
2024-11-28;CAMP003;Carteira Pro | Lançamento | Leads;LEAD_GENERATION;AS005;Lookalike Compradores | 2%;AD007;Carrossel_Modulos_Curso_v1;Carousel;Produto;facebook;31240;374;128,01;0,34;4,10;1,200;4;28;788,00;6,16;23247;1,30;0
2024-11-29;CAMP003;Carteira Pro | Lançamento | Leads;LEAD_GENERATION;AS005;Lookalike Compradores | 2%;AD007;Carrossel_Modulos_Curso_v1;Carousel;Produto;facebook;34926;384;142,29;0,37;4,07;1,102;7;29;1379,00;9,69;24903;1,37;0
2024-11-30;CAMP003;Carteira Pro | Lançamento | Leads;LEAD_GENERATION;AS005;Lookalike Compradores | 2%;AD007;Carrossel_Modulos_Curso_v1;Carousel;Produto;facebook;24870;302;136,55;0,45;5,49;1,215;4;24;788,00;5,77;19227;1,50;0
2024-03-01;CAMP004;Carteira Pro | Lançamento | Vendas;CONVERSIONS;AS006;Lista Leads Aquecidos;AD008;Video_Oferta_Final_v1;Video;Oferta;facebook;97038;1816;321,15;0,18;3,31;1,872;117;0;23049,00;71,77;65107;1,18;29821
2024-03-02;CAMP004;Carteira Pro | Lançamento | Vendas;CONVERSIONS;AS006;Lista Leads Aquecidos;AD008;Video_Oferta_Final_v1;Video;Oferta;facebook;65311;1070;288,83;0,27;4,42;1,639;53;0;10441,00;36,15;43453;1,20;20643
2024-03-03;CAMP004;Carteira Pro | Lançamento | Vendas;CONVERSIONS;AS006;Lista Leads Aquecidos;AD008;Video_Oferta_Final_v1;Video;Oferta;instagram;83546;1588;344,98;0,22;4,13;1,902;104;0;20488,00;59,39;56487;1,36;22232
2024-03-04;CAMP004;Carteira Pro | Lançamento | Vendas;CONVERSIONS;AS006;Lista Leads Aquecidos;AD008;Video_Oferta_Final_v1;Video;Oferta;instagram;118518;2253;362,22;0,16;3,06;1,902;122;0;24034,00;66,35;84879;1,30;37478
2024-03-05;CAMP004;Carteira Pro | Lançamento | Vendas;CONVERSIONS;AS006;Lista Leads Aquecidos;AD008;Video_Oferta_Final_v1;Video;Oferta;instagram;85830;1522;404,12;0,27;4,71;1,774;101;0;19897,00;49,24;62562;1,60;28631
2024-03-06;CAMP004;Carteira Pro | Lançamento | Vendas;CONVERSIONS;AS006;Lista Leads Aquecidos;AD008;Video_Oferta_Final_v1;Video;Oferta;instagram;68557;1298;375,13;0,29;5,47;1,895;81;0;15957,00;42,54;51316;1,67;18834
2024-03-07;CAMP004;Carteira Pro | Lançamento | Vendas;CONVERSIONS;AS006;Lista Leads Aquecidos;AD008;Video_Oferta_Final_v1;Video;Oferta;facebook;101328;1784;436,95;0,24;4,31;1,761;86;0;16942,00;38,77;80545;1,65;27671
2024-03-08;CAMP004;Carteira Pro | Lançamento | Vendas;CONVERSIONS;AS006;Lista Leads Aquecidos;AD008;Video_Oferta_Final_v1;Video;Oferta;instagram;137008;2471;570,36;0,23;4,16;1,804;157;0;30929,00;54,23;113482;1,51;45362
2024-03-09;CAMP004;Carteira Pro | Lançamento | Vendas;CONVERSIONS;AS006;Lista Leads Aquecidos;AD008;Video_Oferta_Final_v1;Video;Oferta;instagram;182182;2946;576,97;0,20;3,17;1,617;193;0;38021,00;65,90;148189;1,61;53893
2024-03-10;CAMP004;Carteira Pro | Lançamento | Vendas;CONVERSIONS;AS006;Lista Leads Aquecidos;AD008;Video_Oferta_Final_v1;Video;Oferta;facebook;145780;2831;679,74;0,24;4,66;1,943;168;0;33096,00;48,69;105703;1,44;38869
2024-03-11;CAMP004;Carteira Pro | Lançamento | Vendas;CONVERSIONS;AS006;Lista Leads Aquecidos;AD008;Video_Oferta_Final_v1;Video;Oferta;facebook;146967;2634;768,15;0,29;5,23;1,793;135;0;26595,00;34,62;105283;1,20;41676
2024-03-12;CAMP004;Carteira Pro | Lançamento | Vendas;CONVERSIONS;AS006;Lista Leads Aquecidos;AD008;Video_Oferta_Final_v1;Video;Oferta;facebook;135157;2581;754,48;0,29;5,58;1,910;147;0;28959,00;38,38;91317;1,65;43375
2024-03-13;CAMP004;Carteira Pro | Lançamento | Vendas;CONVERSIONS;AS006;Lista Leads Aquecidos;AD008;Video_Oferta_Final_v1;Video;Oferta;instagram;168025;2920;747,55;0,26;4,45;1,738;168;0;33096,00;44,27;130855;1,22;47702
2024-03-14;CAMP004;Carteira Pro | Lançamento | Vendas;CONVERSIONS;AS006;Lista Leads Aquecidos;AD008;Video_Oferta_Final_v1;Video;Oferta;facebook;215271;4070;698,77;0,17;3,25;1,891;227;0;44719,00;64,00;162662;1,23;64017
2024-03-15;CAMP004;Carteira Pro | Lançamento | Vendas;CONVERSIONS;AS006;Lista Leads Aquecidos;AD008;Video_Oferta_Final_v1;Video;Oferta;facebook;167878;3150;678,61;0,22;4,04;1,877;196;0;38612,00;56,90;132677;1,40;50704
2024-03-16;CAMP004;Carteira Pro | Lançamento | Vendas;CONVERSIONS;AS006;Lista Leads Aquecidos;AD008;Video_Oferta_Final_v1;Video;Oferta;facebook;202500;3562;862,92;0,24;4,26;1,759;228;0;44916,00;52,05;163413;1,13;67937
2024-03-17;CAMP004;Carteira Pro | Lançamento | Vendas;CONVERSIONS;AS006;Lista Leads Aquecidos;AD008;Video_Oferta_Final_v1;Video;Oferta;facebook;155468;2903;693,87;0,24;4,46;1,868;148;0;29156,00;42,02;109524;1,57;41371
2024-03-18;CAMP004;Carteira Pro | Lançamento | Vendas;CONVERSIONS;AS006;Lista Leads Aquecidos;AD008;Video_Oferta_Final_v1;Video;Oferta;facebook;148347;2621;865,12;0,33;5,83;1,767;165;0;32505,00;37,57;100592;1,25;46960
2024-03-19;CAMP004;Carteira Pro | Lançamento | Vendas;CONVERSIONS;AS006;Lista Leads Aquecidos;AD008;Video_Oferta_Final_v1;Video;Oferta;instagram;183306;2953;697,45;0,24;3,80;1,611;178;0;35066,00;50,28;139154;1,18;56209
2024-03-20;CAMP004;Carteira Pro | Lançamento | Vendas;CONVERSIONS;AS006;Lista Leads Aquecidos;AD008;Video_Oferta_Final_v1;Video;Oferta;instagram;160218;2560;693,71;0,27;4,33;1,598;115;0;22655,00;32,66;129198;1,29;45074
2024-03-21;CAMP004;Carteira Pro | Lançamento | Vendas;CONVERSIONS;AS006;Lista Leads Aquecidos;AD008;Video_Oferta_Final_v1;Video;Oferta;facebook;125604;2402;652,09;0,27;5,19;1,913;137;0;26989,00;41,39;102898;1,15;40011
2024-03-22;CAMP004;Carteira Pro | Lançamento | Vendas;CONVERSIONS;AS006;Lista Leads Aquecidos;AD008;Video_Oferta_Final_v1;Video;Oferta;instagram;123057;2329;543,69;0,23;4,42;1,893;155;0;30535,00;56,16;83399;1,67;38228
2024-03-23;CAMP004;Carteira Pro | Lançamento | Vendas;CONVERSIONS;AS006;Lista Leads Aquecidos;AD008;Video_Oferta_Final_v1;Video;Oferta;facebook;132882;2314;485,57;0,21;3,65;1,742;104;0;20488,00;42,19;110621;1,19;38340
2024-03-24;CAMP004;Carteira Pro | Lançamento | Vendas;CONVERSIONS;AS006;Lista Leads Aquecidos;AD008;Video_Oferta_Final_v1;Video;Oferta;instagram;73459;1216;408,58;0,34;5,56;1,656;68;0;13396,00;32,79;55392;1,61;19411
2024-03-25;CAMP004;Carteira Pro | Lançamento | Vendas;CONVERSIONS;AS006;Lista Leads Aquecidos;AD008;Video_Oferta_Final_v1;Video;Oferta;facebook;87344;1560;381,17;0,24;4,36;1,786;102;0;20094,00;52,72;66333;1,18;26278
2024-03-26;CAMP004;Carteira Pro | Lançamento | Vendas;CONVERSIONS;AS006;Lista Leads Aquecidos;AD008;Video_Oferta_Final_v1;Video;Oferta;instagram;97868;1635;363,62;0,22;3,72;1,672;95;0;18715,00;51,47;69020;1,54;29292
2024-03-27;CAMP004;Carteira Pro | Lançamento | Vendas;CONVERSIONS;AS006;Lista Leads Aquecidos;AD008;Video_Oferta_Final_v1;Video;Oferta;facebook;62462;1110;303,88;0,27;4,86;1,777;60;0;11820,00;38,90;43271;1,60;17779
2024-03-28;CAMP004;Carteira Pro | Lançamento | Vendas;CONVERSIONS;AS006;Lista Leads Aquecidos;AD008;Video_Oferta_Final_v1;Video;Oferta;facebook;78226;1396;327,39;0,23;4,19;1,785;92;0;18124,00;55,36;60800;1,14;24420
2024-03-29;CAMP004;Carteira Pro | Lançamento | Vendas;CONVERSIONS;AS006;Lista Leads Aquecidos;AD008;Video_Oferta_Final_v1;Video;Oferta;instagram;76563;1531;352,12;0,23;4,60;2,000;74;0;14578,00;41,40;58594;1,58;24563
2024-03-30;CAMP004;Carteira Pro | Lançamento | Vendas;CONVERSIONS;AS006;Lista Leads Aquecidos;AD008;Video_Oferta_Final_v1;Video;Oferta;instagram;78261;1393;314,64;0,23;4,02;1,781;74;0;14578,00;46,33;62933;1,38;24505
2024-03-31;CAMP004;Carteira Pro | Lançamento | Vendas;CONVERSIONS;AS006;Lista Leads Aquecidos;AD008;Video_Oferta_Final_v1;Video;Oferta;facebook;75196;1467;301,89;0,21;4,01;1,951;95;0;18715,00;61,99;50839;1,32;20149
2024-07-01;CAMP004;Carteira Pro | Lançamento | Vendas;CONVERSIONS;AS006;Lista Leads Aquecidos;AD008;Video_Oferta_Final_v1;Video;Oferta;facebook;64766;1046;282,19;0,27;4,36;1,615;58;0;11426,00;40,49;46988;1,13;21664
2024-07-02;CAMP004;Carteira Pro | Lançamento | Vendas;CONVERSIONS;AS006;Lista Leads Aquecidos;AD008;Video_Oferta_Final_v1;Video;Oferta;facebook;100245;1655;421,00;0,25;4,20;1,652;105;0;20685,00;49,13;77349;1,51;32713
2024-07-03;CAMP004;Carteira Pro | Lançamento | Vendas;CONVERSIONS;AS006;Lista Leads Aquecidos;AD008;Video_Oferta_Final_v1;Video;Oferta;instagram;82613;1387;364,77;0,26;4,42;1,679;62;0;12214,00;33,48;63457;1,63;26624
2024-07-04;CAMP004;Carteira Pro | Lançamento | Vendas;CONVERSIONS;AS006;Lista Leads Aquecidos;AD008;Video_Oferta_Final_v1;Video;Oferta;instagram;79578;1387;368,17;0,27;4,63;1,743;64;0;12608,00;34,25;63460;1,39;25101
2024-07-05;CAMP004;Carteira Pro | Lançamento | Vendas;CONVERSIONS;AS006;Lista Leads Aquecidos;AD008;Video_Oferta_Final_v1;Video;Oferta;instagram;108277;1823;474,92;0,26;4,39;1,684;117;0;23049,00;48,53;75997;1,46;32872
2024-07-06;CAMP004;Carteira Pro | Lançamento | Vendas;CONVERSIONS;AS006;Lista Leads Aquecidos;AD008;Video_Oferta_Final_v1;Video;Oferta;facebook;88410;1505;421,47;0,28;4,77;1,703;84;0;16548,00;39,26;66157;1,27;28561
2024-07-07;CAMP004;Carteira Pro | Lançamento | Vendas;CONVERSIONS;AS006;Lista Leads Aquecidos;AD008;Video_Oferta_Final_v1;Video;Oferta;facebook;117848;1992;456,58;0,23;3,87;1,691;104;0;20488,00;44,87;80681;1,54;37649
2024-07-08;CAMP004;Carteira Pro | Lançamento | Vendas;CONVERSIONS;AS006;Lista Leads Aquecidos;AD008;Video_Oferta_Final_v1;Video;Oferta;facebook;146984;2476;511,47;0,21;3,48;1,685;131;0;25807,00;50,46;106041;1,44;41551
2024-07-09;CAMP004;Carteira Pro | Lançamento | Vendas;CONVERSIONS;AS006;Lista Leads Aquecidos;AD008;Video_Oferta_Final_v1;Video;Oferta;facebook;135188;2490;576,80;0,23;4,27;1,843;120;0;23640,00;40,98;92959;1,53;43347
2024-07-10;CAMP004;Carteira Pro | Lançamento | Vendas;CONVERSIONS;AS006;Lista Leads Aquecidos;AD008;Video_Oferta_Final_v1;Video;Oferta;instagram;176019;3109;660,88;0,21;3,75;1,767;171;0;33687,00;50,97;118221;1,20;47758
2024-07-11;CAMP004;Carteira Pro | Lançamento | Vendas;CONVERSIONS;AS006;Lista Leads Aquecidos;AD008;Video_Oferta_Final_v1;Video;Oferta;facebook;127106;2224;621,07;0,28;4,89;1,750;112;0;22064,00;35,53;94898;1,49;40169
2024-07-12;CAMP004;Carteira Pro | Lançamento | Vendas;CONVERSIONS;AS006;Lista Leads Aquecidos;AD008;Video_Oferta_Final_v1;Video;Oferta;facebook;151095;2403;647,69;0,27;4,29;1,591;117;0;23049,00;35,59;122582;1,37;45363
2024-07-13;CAMP004;Carteira Pro | Lançamento | Vendas;CONVERSIONS;AS006;Lista Leads Aquecidos;AD008;Video_Oferta_Final_v1;Video;Oferta;instagram;157242;2872;672,32;0,23;4,28;1,827;150;0;29550,00;43,95;123174;1,55;46072
2024-07-14;CAMP004;Carteira Pro | Lançamento | Vendas;CONVERSIONS;AS006;Lista Leads Aquecidos;AD008;Video_Oferta_Final_v1;Video;Oferta;facebook;170184;3428;806,03;0,24;4,74;2,015;188;0;37036,00;45,95;112636;1,36;52926
2024-07-15;CAMP004;Carteira Pro | Lançamento | Vendas;CONVERSIONS;AS006;Lista Leads Aquecidos;AD008;Video_Oferta_Final_v1;Video;Oferta;instagram;159850;3108;717,60;0,23;4,49;1,945;153;0;30141,00;42,00;119193;1,31;50160
2024-07-16;CAMP004;Carteira Pro | Lançamento | Vendas;CONVERSIONS;AS006;Lista Leads Aquecidos;AD008;Video_Oferta_Final_v1;Video;Oferta;facebook;165917;2989;774,45;0,26;4,67;1,802;165;0;32505,00;41,97;133317;1,15;49978
2024-07-17;CAMP004;Carteira Pro | Lançamento | Vendas;CONVERSIONS;AS006;Lista Leads Aquecidos;AD008;Video_Oferta_Final_v1;Video;Oferta;facebook;248177;3992;813,76;0,20;3,28;1,609;208;0;40976,00;50,35;175398;1,33;71716
2024-07-18;CAMP004;Carteira Pro | Lançamento | Vendas;CONVERSIONS;AS006;Lista Leads Aquecidos;AD008;Video_Oferta_Final_v1;Video;Oferta;instagram;165439;2959;701,78;0,24;4,24;1,789;170;0;33490,00;47,72;126943;1,54;49028
2024-07-19;CAMP004;Carteira Pro | Lançamento | Vendas;CONVERSIONS;AS006;Lista Leads Aquecidos;AD008;Video_Oferta_Final_v1;Video;Oferta;instagram;188110;3579;797,50;0,22;4,24;1,903;193;0;38021,00;47,68;141088;1,15;61604
2024-07-20;CAMP004;Carteira Pro | Lançamento | Vendas;CONVERSIONS;AS006;Lista Leads Aquecidos;AD008;Video_Oferta_Final_v1;Video;Oferta;instagram;126864;2051;620,57;0,30;4,89;1,617;124;0;24428,00;39,36;87090;1,14;35144
2024-07-21;CAMP004;Carteira Pro | Lançamento | Vendas;CONVERSIONS;AS006;Lista Leads Aquecidos;AD008;Video_Oferta_Final_v1;Video;Oferta;facebook;126467;2115;525,53;0,25;4,16;1,673;97;0;19109,00;36,36;94443;1,22;34356
2024-07-22;CAMP004;Carteira Pro | Lançamento | Vendas;CONVERSIONS;AS006;Lista Leads Aquecidos;AD008;Video_Oferta_Final_v1;Video;Oferta;instagram;101650;1797;506,19;0,28;4,98;1,768;85;0;16745,00;33,08;70096;1,40;32540
2024-07-23;CAMP004;Carteira Pro | Lançamento | Vendas;CONVERSIONS;AS006;Lista Leads Aquecidos;AD008;Video_Oferta_Final_v1;Video;Oferta;facebook;111617;2171;407,46;0,19;3,65;1,946;116;0;22852,00;56,08;81197;1,43;37021
2024-07-24;CAMP004;Carteira Pro | Lançamento | Vendas;CONVERSIONS;AS006;Lista Leads Aquecidos;AD008;Video_Oferta_Final_v1;Video;Oferta;instagram;112364;2171;471,80;0,22;4,20;1,932;106;0;20882,00;44,26;94282;1,62;37624
2024-07-25;CAMP004;Carteira Pro | Lançamento | Vendas;CONVERSIONS;AS006;Lista Leads Aquecidos;AD008;Video_Oferta_Final_v1;Video;Oferta;facebook;86298;1435;464,91;0,32;5,39;1,664;77;0;15169,00;32,63;57897;1,40;26177
2024-07-26;CAMP004;Carteira Pro | Lançamento | Vendas;CONVERSIONS;AS006;Lista Leads Aquecidos;AD008;Video_Oferta_Final_v1;Video;Oferta;facebook;100049;1983;432,43;0,22;4,32;1,982;124;0;24428,00;56,49;74057;1,17;32021
2024-07-27;CAMP004;Carteira Pro | Lançamento | Vendas;CONVERSIONS;AS006;Lista Leads Aquecidos;AD008;Video_Oferta_Final_v1;Video;Oferta;facebook;107499;1794;371,52;0,21;3,46;1,670;87;0;17139,00;46,13;75860;1,59;30544
2024-07-28;CAMP004;Carteira Pro | Lançamento | Vendas;CONVERSIONS;AS006;Lista Leads Aquecidos;AD008;Video_Oferta_Final_v1;Video;Oferta;facebook;101892;1861;348,27;0,19;3,42;1,827;115;0;22655,00;65,05;84046;1,36;26938
2024-07-29;CAMP004;Carteira Pro | Lançamento | Vendas;CONVERSIONS;AS006;Lista Leads Aquecidos;AD008;Video_Oferta_Final_v1;Video;Oferta;instagram;79284;1367;336,68;0,25;4,25;1,724;63;0;12411,00;36,86;53879;1,61;24376
2024-07-30;CAMP004;Carteira Pro | Lançamento | Vendas;CONVERSIONS;AS006;Lista Leads Aquecidos;AD008;Video_Oferta_Final_v1;Video;Oferta;facebook;71162;1360;325,56;0,24;4,57;1,912;66;0;13002,00;39,94;58428;1,60;19390
2024-07-31;CAMP004;Carteira Pro | Lançamento | Vendas;CONVERSIONS;AS006;Lista Leads Aquecidos;AD008;Video_Oferta_Final_v1;Video;Oferta;instagram;62038;1133;360,91;0,32;5,82;1,827;61;0;12017,00;33,30;48968;1,19;18399
2024-11-01;CAMP004;Carteira Pro | Lançamento | Vendas;CONVERSIONS;AS006;Lista Leads Aquecidos;AD008;Video_Oferta_Final_v1;Video;Oferta;instagram;91265;1699;323,54;0,19;3,55;1,862;89;0;17533,00;54,19;64584;1,24;29015
2024-11-02;CAMP004;Carteira Pro | Lançamento | Vendas;CONVERSIONS;AS006;Lista Leads Aquecidos;AD008;Video_Oferta_Final_v1;Video;Oferta;instagram;68008;1237;354,53;0,29;5,21;1,820;63;0;12411,00;35,01;57049;1,12;21643
2024-11-03;CAMP004;Carteira Pro | Lançamento | Vendas;CONVERSIONS;AS006;Lista Leads Aquecidos;AD008;Video_Oferta_Final_v1;Video;Oferta;facebook;62881;1190;341,99;0,29;5,44;1,893;56;0;11032,00;32,26;48236;1,66;17351
2024-11-04;CAMP004;Carteira Pro | Lançamento | Vendas;CONVERSIONS;AS006;Lista Leads Aquecidos;AD008;Video_Oferta_Final_v1;Video;Oferta;instagram;114884;2257;440,90;0,20;3,84;1,965;113;0;22261,00;50,49;87035;1,14;37888
2024-11-05;CAMP004;Carteira Pro | Lançamento | Vendas;CONVERSIONS;AS006;Lista Leads Aquecidos;AD008;Video_Oferta_Final_v1;Video;Oferta;facebook;73351;1240;449,51;0,36;6,13;1,691;60;0;11820,00;26,30;53132;1,66;19579
2024-11-06;CAMP004;Carteira Pro | Lançamento | Vendas;CONVERSIONS;AS006;Lista Leads Aquecidos;AD008;Video_Oferta_Final_v1;Video;Oferta;facebook;133521;2676;442,55;0,17;3,31;2,005;126;0;24822,00;56,09;111900;1,62;37976
2024-11-07;CAMP004;Carteira Pro | Lançamento | Vendas;CONVERSIONS;AS006;Lista Leads Aquecidos;AD008;Video_Oferta_Final_v1;Video;Oferta;instagram;110437;2026;543,59;0,27;4,92;1,835;127;0;25019,00;46,03;86706;1,57;30810
2024-11-08;CAMP004;Carteira Pro | Lançamento | Vendas;CONVERSIONS;AS006;Lista Leads Aquecidos;AD008;Video_Oferta_Final_v1;Video;Oferta;instagram;114008;2224;439,12;0,20;3,85;1,951;119;0;23443,00;53,39;77959;1,21;36762
2024-11-09;CAMP004;Carteira Pro | Lançamento | Vendas;CONVERSIONS;AS006;Lista Leads Aquecidos;AD008;Video_Oferta_Final_v1;Video;Oferta;instagram;126558;2130;566,79;0,27;4,48;1,684;101;0;19897,00;35,10;100674;1,66;34235
2024-11-10;CAMP004;Carteira Pro | Lançamento | Vendas;CONVERSIONS;AS006;Lista Leads Aquecidos;AD008;Video_Oferta_Final_v1;Video;Oferta;facebook;136322;2390;729,15;0,31;5,35;1,754;155;0;30535,00;41,88;113317;1,46;37146
2024-11-11;CAMP004;Carteira Pro | Lançamento | Vendas;CONVERSIONS;AS006;Lista Leads Aquecidos;AD008;Video_Oferta_Final_v1;Video;Oferta;facebook;137785;2366;643,94;0,27;4,67;1,717;125;0;24625,00;38,24;100460;1,21;42280
2024-11-12;CAMP004;Carteira Pro | Lançamento | Vendas;CONVERSIONS;AS006;Lista Leads Aquecidos;AD008;Video_Oferta_Final_v1;Video;Oferta;facebook;200599;3473;886,92;0,26;4,42;1,732;232;0;45704,00;51,53;138924;1,17;59404
2024-11-13;CAMP004;Carteira Pro | Lançamento | Vendas;CONVERSIONS;AS006;Lista Leads Aquecidos;AD008;Video_Oferta_Final_v1;Video;Oferta;instagram;151990;2491;869,36;0,35;5,72;1,639;135;0;26595,00;30,59;109027;1,65;47433
2024-11-14;CAMP004;Carteira Pro | Lançamento | Vendas;CONVERSIONS;AS006;Lista Leads Aquecidos;AD008;Video_Oferta_Final_v1;Video;Oferta;instagram;208796;4124;739,04;0,18;3,54;1,975;249;0;49053,00;66,37;142332;1,62;67278
2024-11-15;CAMP004;Carteira Pro | Lançamento | Vendas;CONVERSIONS;AS006;Lista Leads Aquecidos;AD008;Video_Oferta_Final_v1;Video;Oferta;facebook;142283;2794;800,84;0,29;5,63;1,964;181;0;35657,00;44,52;100834;1,30;39519
2024-11-16;CAMP004;Carteira Pro | Lançamento | Vendas;CONVERSIONS;AS006;Lista Leads Aquecidos;AD008;Video_Oferta_Final_v1;Video;Oferta;facebook;166638;2894;929,25;0,32;5,58;1,737;150;0;29550,00;31,80;112991;1,27;51669
2024-11-17;CAMP004;Carteira Pro | Lançamento | Vendas;CONVERSIONS;AS006;Lista Leads Aquecidos;AD008;Video_Oferta_Final_v1;Video;Oferta;instagram;164757;2955;812,24;0,27;4,93;1,794;171;0;33687,00;41,47;122563;1,48;55047
2024-11-18;CAMP004;Carteira Pro | Lançamento | Vendas;CONVERSIONS;AS006;Lista Leads Aquecidos;AD008;Video_Oferta_Final_v1;Video;Oferta;instagram;199064;3233;661,05;0,20;3,32;1,624;184;0;36248,00;54,83;153894;1,52;62233
2024-11-19;CAMP004;Carteira Pro | Lançamento | Vendas;CONVERSIONS;AS006;Lista Leads Aquecidos;AD008;Video_Oferta_Final_v1;Video;Oferta;instagram;153221;3041;667,17;0,22;4,35;1,985;136;0;26792,00;40,16;114712;1,55;45209
2024-11-20;CAMP004;Carteira Pro | Lançamento | Vendas;CONVERSIONS;AS006;Lista Leads Aquecidos;AD008;Video_Oferta_Final_v1;Video;Oferta;instagram;158665;2673;605,07;0,23;3,81;1,685;129;0;25413,00;42,00;114837;1,45;45976
2024-11-21;CAMP004;Carteira Pro | Lançamento | Vendas;CONVERSIONS;AS006;Lista Leads Aquecidos;AD008;Video_Oferta_Final_v1;Video;Oferta;instagram;104844;1962;617,53;0,31;5,89;1,872;130;0;25610,00;41,47;81209;1,27;33609
2024-11-22;CAMP004;Carteira Pro | Lançamento | Vendas;CONVERSIONS;AS006;Lista Leads Aquecidos;AD008;Video_Oferta_Final_v1;Video;Oferta;instagram;107412;1781;526,92;0,30;4,91;1,658;110;0;21670,00;41,13;73501;1,51;34455
2024-11-23;CAMP004;Carteira Pro | Lançamento | Vendas;CONVERSIONS;AS006;Lista Leads Aquecidos;AD008;Video_Oferta_Final_v1;Video;Oferta;facebook;93101;1709;376,35;0,22;4,04;1,837;83;0;16351,00;43,45;75896;1,29;28852
2024-11-24;CAMP004;Carteira Pro | Lançamento | Vendas;CONVERSIONS;AS006;Lista Leads Aquecidos;AD008;Video_Oferta_Final_v1;Video;Oferta;facebook;95063;1733;398,73;0,23;4,19;1,824;84;0;16548,00;41,50;75660;1,61;28746
2024-11-25;CAMP004;Carteira Pro | Lançamento | Vendas;CONVERSIONS;AS006;Lista Leads Aquecidos;AD008;Video_Oferta_Final_v1;Video;Oferta;instagram;109757;2097;374,29;0,18;3,41;1,911;140;0;27580,00;73,69;76167;1,37;34985
2024-11-26;CAMP004;Carteira Pro | Lançamento | Vendas;CONVERSIONS;AS006;Lista Leads Aquecidos;AD008;Video_Oferta_Final_v1;Video;Oferta;instagram;90040;1734;451,87;0,26;5,02;1,927;87;0;17139,00;37,93;68660;1,27;24905
2024-11-27;CAMP004;Carteira Pro | Lançamento | Vendas;CONVERSIONS;AS006;Lista Leads Aquecidos;AD008;Video_Oferta_Final_v1;Video;Oferta;instagram;60053;995;309,58;0,31;5,16;1,658;60;0;11820,00;38,18;43942;1,14;16988
2024-11-28;CAMP004;Carteira Pro | Lançamento | Vendas;CONVERSIONS;AS006;Lista Leads Aquecidos;AD008;Video_Oferta_Final_v1;Video;Oferta;instagram;86754;1509;416,00;0,28;4,80;1,740;74;0;14578,00;35,04;67361;1,16;23020
2024-11-29;CAMP004;Carteira Pro | Lançamento | Vendas;CONVERSIONS;AS006;Lista Leads Aquecidos;AD008;Video_Oferta_Final_v1;Video;Oferta;facebook;63003;1057;286,22;0,27;4,54;1,679;56;0;11032,00;38,54;43106;1,23;17984
2024-11-30;CAMP004;Carteira Pro | Lançamento | Vendas;CONVERSIONS;AS006;Lista Leads Aquecidos;AD008;Video_Oferta_Final_v1;Video;Oferta;facebook;64135;1017;323,18;0,32;5,04;1,587;46;0;9062,00;28,04;47655;1,66;19975
2024-02-01;CAMP005;Retargeting | Visitantes Site;CONVERSIONS;AS007;Visitantes 7 dias | Retargeting;AD009;Imagem_Retargeting_Desconto_v1;Image;Retargeting;facebook;6318;111;34,98;0,32;5,54;1,765;4;0;788,00;22,53;4614;1,67;0
2024-02-02;CAMP005;Retargeting | Visitantes Site;CONVERSIONS;AS007;Visitantes 7 dias | Retargeting;AD009;Imagem_Retargeting_Desconto_v1;Image;Retargeting;instagram;8390;153;28,80;0,19;3,43;1,831;4;0;388,00;13,47;5673;1,23;0
2024-02-03;CAMP005;Retargeting | Visitantes Site;CONVERSIONS;AS007;Visitantes 7 dias | Retargeting;AD009;Imagem_Retargeting_Desconto_v1;Image;Retargeting;facebook;11083;185;43,24;0,23;3,90;1,673;7;0;679,00;15,70;7339;1,56;0
2024-02-04;CAMP005;Retargeting | Visitantes Site;CONVERSIONS;AS007;Visitantes 7 dias | Retargeting;AD009;Imagem_Retargeting_Desconto_v1;Image;Retargeting;instagram;9746;172;38,38;0,22;3,94;1,772;5;0;485,00;12,64;7044;1,52;0
2024-02-05;CAMP005;Retargeting | Visitantes Site;CONVERSIONS;AS007;Visitantes 7 dias | Retargeting;AD009;Imagem_Retargeting_Desconto_v1;Image;Retargeting;instagram;8806;146;35,57;0,24;4,04;1,661;5;0;985,00;27,69;7319;1,41;0
2024-02-06;CAMP005;Retargeting | Visitantes Site;CONVERSIONS;AS007;Visitantes 7 dias | Retargeting;AD009;Imagem_Retargeting_Desconto_v1;Image;Retargeting;facebook;9594;184;40,08;0,22;4,18;1,925;6;0;582,00;14,52;7746;1,47;0
2024-02-07;CAMP005;Retargeting | Visitantes Site;CONVERSIONS;AS007;Visitantes 7 dias | Retargeting;AD009;Imagem_Retargeting_Desconto_v1;Image;Retargeting;instagram;9900;161;41,48;0,26;4,19;1,627;5;0;485,00;11,69;7638;1,68;0
2024-02-08;CAMP005;Retargeting | Visitantes Site;CONVERSIONS;AS007;Visitantes 7 dias | Retargeting;AD009;Imagem_Retargeting_Desconto_v1;Image;Retargeting;instagram;7342;121;31,63;0,26;4,31;1,657;4;0;788,00;24,91;4948;1,29;0
2024-02-09;CAMP005;Retargeting | Visitantes Site;CONVERSIONS;AS007;Visitantes 7 dias | Retargeting;AD009;Imagem_Retargeting_Desconto_v1;Image;Retargeting;instagram;6798;131;37,33;0,28;5,49;1,928;4;0;788,00;21,11;5184;1,44;0
2024-02-10;CAMP005;Retargeting | Visitantes Site;CONVERSIONS;AS007;Visitantes 7 dias | Retargeting;AD009;Imagem_Retargeting_Desconto_v1;Image;Retargeting;facebook;9231;160;45,92;0,29;4,97;1,744;4;0;388,00;8,45;6559;1,35;0
2024-02-11;CAMP005;Retargeting | Visitantes Site;CONVERSIONS;AS007;Visitantes 7 dias | Retargeting;AD009;Imagem_Retargeting_Desconto_v1;Image;Retargeting;facebook;7510;121;40,09;0,33;5,34;1,611;3;0;291,00;7,26;5633;1,45;0
2024-02-12;CAMP005;Retargeting | Visitantes Site;CONVERSIONS;AS007;Visitantes 7 dias | Retargeting;AD009;Imagem_Retargeting_Desconto_v1;Image;Retargeting;facebook;8992;149;37,21;0,25;4,14;1,659;4;0;788,00;21,18;7286;1,25;0
2024-02-13;CAMP005;Retargeting | Visitantes Site;CONVERSIONS;AS007;Visitantes 7 dias | Retargeting;AD009;Imagem_Retargeting_Desconto_v1;Image;Retargeting;instagram;7975;149;27,92;0,19;3,50;1,874;4;0;788,00;28,22;6321;1,59;0
2024-02-14;CAMP005;Retargeting | Visitantes Site;CONVERSIONS;AS007;Visitantes 7 dias | Retargeting;AD009;Imagem_Retargeting_Desconto_v1;Image;Retargeting;facebook;8325;141;33,45;0,24;4,02;1,703;4;0;788,00;23,56;6307;1,53;0
2024-02-15;CAMP005;Retargeting | Visitantes Site;CONVERSIONS;AS007;Visitantes 7 dias | Retargeting;AD009;Imagem_Retargeting_Desconto_v1;Image;Retargeting;instagram;9206;156;37,73;0,24;4,10;1,695;5;0;985,00;26,11;7327;1,19;0
2024-02-16;CAMP005;Retargeting | Visitantes Site;CONVERSIONS;AS007;Visitantes 7 dias | Retargeting;AD009;Imagem_Retargeting_Desconto_v1;Image;Retargeting;facebook;10214;178;36,51;0,21;3,57;1,743;5;0;485,00;13,28;8466;1,41;0
2024-02-17;CAMP005;Retargeting | Visitantes Site;CONVERSIONS;AS007;Visitantes 7 dias | Retargeting;AD009;Imagem_Retargeting_Desconto_v1;Image;Retargeting;instagram;8399;137;35,91;0,26;4,28;1,632;5;0;985,00;27,43;6525;1,31;0
2024-02-18;CAMP005;Retargeting | Visitantes Site;CONVERSIONS;AS007;Visitantes 7 dias | Retargeting;AD009;Imagem_Retargeting_Desconto_v1;Image;Retargeting;facebook;8635;152;38,98;0,26;4,51;1,762;6;0;582,00;14,93;6053;1,31;0
2024-02-19;CAMP005;Retargeting | Visitantes Site;CONVERSIONS;AS007;Visitantes 7 dias | Retargeting;AD009;Imagem_Retargeting_Desconto_v1;Image;Retargeting;facebook;6674;111;32,96;0,30;4,94;1,675;3;0;591,00;17,93;5386;1,49;0
2024-02-20;CAMP005;Retargeting | Visitantes Site;CONVERSIONS;AS007;Visitantes 7 dias | Retargeting;AD009;Imagem_Retargeting_Desconto_v1;Image;Retargeting;instagram;9881;162;35,16;0,22;3,56;1,643;6;0;1182,00;33,62;8142;1,35;0
2024-02-21;CAMP005;Retargeting | Visitantes Site;CONVERSIONS;AS007;Visitantes 7 dias | Retargeting;AD009;Imagem_Retargeting_Desconto_v1;Image;Retargeting;instagram;9580;170;38,55;0,23;4,02;1,779;6;0;1182,00;30,66;7488;1,30;0
2024-02-22;CAMP005;Retargeting | Visitantes Site;CONVERSIONS;AS007;Visitantes 7 dias | Retargeting;AD009;Imagem_Retargeting_Desconto_v1;Image;Retargeting;instagram;6892;121;34,93;0,29;5,07;1,763;3;0;291,00;8,33;5773;1,51;0
2024-02-23;CAMP005;Retargeting | Visitantes Site;CONVERSIONS;AS007;Visitantes 7 dias | Retargeting;AD009;Imagem_Retargeting_Desconto_v1;Image;Retargeting;facebook;8784;171;32,03;0,19;3,65;1,950;6;0;1182,00;36,90;7107;1,44;0
2024-02-24;CAMP005;Retargeting | Visitantes Site;CONVERSIONS;AS007;Visitantes 7 dias | Retargeting;AD009;Imagem_Retargeting_Desconto_v1;Image;Retargeting;instagram;7755;148;40,89;0,28;5,27;1,914;5;0;985,00;24,09;5159;1,50;0
2024-02-25;CAMP005;Retargeting | Visitantes Site;CONVERSIONS;AS007;Visitantes 7 dias | Retargeting;AD009;Imagem_Retargeting_Desconto_v1;Image;Retargeting;facebook;6664;127;33,62;0,26;5,04;1,914;4;0;388,00;11,54;5317;1,39;0
2024-02-26;CAMP005;Retargeting | Visitantes Site;CONVERSIONS;AS007;Visitantes 7 dias | Retargeting;AD009;Imagem_Retargeting_Desconto_v1;Image;Retargeting;instagram;8824;160;35,64;0,22;4,04;1,816;4;0;388,00;10,89;6939;1,43;0
2024-02-27;CAMP005;Retargeting | Visitantes Site;CONVERSIONS;AS007;Visitantes 7 dias | Retargeting;AD009;Imagem_Retargeting_Desconto_v1;Image;Retargeting;instagram;10652;172;36,42;0,21;3,42;1,623;6;0;582,00;15,98;8201;1,42;0
2024-02-28;CAMP005;Retargeting | Visitantes Site;CONVERSIONS;AS007;Visitantes 7 dias | Retargeting;AD009;Imagem_Retargeting_Desconto_v1;Image;Retargeting;facebook;7064;133;29,97;0,23;4,24;1,884;4;0;388,00;12,95;5519;1,66;0
2024-02-29;CAMP005;Retargeting | Visitantes Site;CONVERSIONS;AS007;Visitantes 7 dias | Retargeting;AD009;Imagem_Retargeting_Desconto_v1;Image;Retargeting;instagram;7287;137;33,89;0,25;4,65;1,883;4;0;788,00;23,25;5399;1,55;0
2024-03-01;CAMP005;Retargeting | Visitantes Site;CONVERSIONS;AS007;Visitantes 7 dias | Retargeting;AD009;Imagem_Retargeting_Desconto_v1;Image;Retargeting;facebook;19046;346;85,28;0,25;4,48;1,817;16;0;3152,00;36,96;15856;1,26;0
2024-03-02;CAMP005;Retargeting | Visitantes Site;CONVERSIONS;AS007;Visitantes 7 dias | Retargeting;AD009;Imagem_Retargeting_Desconto_v1;Image;Retargeting;facebook;18118;338;81,56;0,24;4,50;1,869;17;0;1649,00;20,22;13477;1,51;0
2024-03-03;CAMP005;Retargeting | Visitantes Site;CONVERSIONS;AS007;Visitantes 7 dias | Retargeting;AD009;Imagem_Retargeting_Desconto_v1;Image;Retargeting;facebook;18666;326;92,90;0,28;4,98;1,751;17;0;3349,00;36,05;13474;1,49;0
2024-03-04;CAMP005;Retargeting | Visitantes Site;CONVERSIONS;AS007;Visitantes 7 dias | Retargeting;AD009;Imagem_Retargeting_Desconto_v1;Image;Retargeting;facebook;22811;366;99,05;0,27;4,34;1,606;19;0;3743,00;37,79;18755;1,61;0
2024-03-05;CAMP005;Retargeting | Visitantes Site;CONVERSIONS;AS007;Visitantes 7 dias | Retargeting;AD009;Imagem_Retargeting_Desconto_v1;Image;Retargeting;facebook;16009;307;106,19;0,35;6,63;1,919;14;0;1358,00;12,79;11753;1,64;0
2024-03-06;CAMP005;Retargeting | Visitantes Site;CONVERSIONS;AS007;Visitantes 7 dias | Retargeting;AD009;Imagem_Retargeting_Desconto_v1;Image;Retargeting;instagram;19029;353;84,33;0,24;4,43;1,856;16;0;1552,00;18,40;13073;1,37;0
2024-03-07;CAMP005;Retargeting | Visitantes Site;CONVERSIONS;AS007;Visitantes 7 dias | Retargeting;AD009;Imagem_Retargeting_Desconto_v1;Image;Retargeting;facebook;27889;534;104,00;0,19;3,73;1,917;33;0;6501,00;62,51;21722;1,54;0
2024-03-08;CAMP005;Retargeting | Visitantes Site;CONVERSIONS;AS007;Visitantes 7 dias | Retargeting;AD009;Imagem_Retargeting_Desconto_v1;Image;Retargeting;facebook;20769;359;108,49;0,30;5,22;1,730;20;0;3940,00;36,32;13988;1,47;0
2024-03-09;CAMP005;Retargeting | Visitantes Site;CONVERSIONS;AS007;Visitantes 7 dias | Retargeting;AD009;Imagem_Retargeting_Desconto_v1;Image;Retargeting;instagram;30560;563;121,98;0,22;3,99;1,843;36;0;3492,00;28,63;22403;1,22;0
2024-03-10;CAMP005;Retargeting | Visitantes Site;CONVERSIONS;AS007;Visitantes 7 dias | Retargeting;AD009;Imagem_Retargeting_Desconto_v1;Image;Retargeting;facebook;31839;537;145,04;0,27;4,56;1,688;25;0;2425,00;16,72;26711;1,48;0
2024-03-11;CAMP005;Retargeting | Visitantes Site;CONVERSIONS;AS007;Visitantes 7 dias | Retargeting;AD009;Imagem_Retargeting_Desconto_v1;Image;Retargeting;facebook;42605;715;149,52;0,21;3,51;1,678;44;0;8668,00;57,97;33042;1,47;0
2024-03-12;CAMP005;Retargeting | Visitantes Site;CONVERSIONS;AS007;Visitantes 7 dias | Retargeting;AD009;Imagem_Retargeting_Desconto_v1;Image;Retargeting;facebook;41657;660;165,95;0,25;3,98;1,587;32;0;6304,00;37,99;29730;1,57;0
2024-03-13;CAMP005;Retargeting | Visitantes Site;CONVERSIONS;AS007;Visitantes 7 dias | Retargeting;AD009;Imagem_Retargeting_Desconto_v1;Image;Retargeting;facebook;40511;657;168,55;0,26;4,16;1,623;43;0;4171,00;24,75;26802;1,38;0
2024-03-14;CAMP005;Retargeting | Visitantes Site;CONVERSIONS;AS007;Visitantes 7 dias | Retargeting;AD009;Imagem_Retargeting_Desconto_v1;Image;Retargeting;instagram;39322;780;207,48;0,27;5,28;1,984;35;0;6895,00;33,23;25957;1,48;0
2024-03-15;CAMP005;Retargeting | Visitantes Site;CONVERSIONS;AS007;Visitantes 7 dias | Retargeting;AD009;Imagem_Retargeting_Desconto_v1;Image;Retargeting;facebook;43022;823;193,17;0,23;4,49;1,914;49;0;4753,00;24,61;33802;1,32;0
2024-03-16;CAMP005;Retargeting | Visitantes Site;CONVERSIONS;AS007;Visitantes 7 dias | Retargeting;AD009;Imagem_Retargeting_Desconto_v1;Image;Retargeting;facebook;38642;685;188,26;0,27;4,87;1,774;36;0;7092,00;37,67;31580;1,50;0
2024-03-17;CAMP005;Retargeting | Visitantes Site;CONVERSIONS;AS007;Visitantes 7 dias | Retargeting;AD009;Imagem_Retargeting_Desconto_v1;Image;Retargeting;facebook;44746;737;198,51;0,27;4,44;1,647;38;0;7486,00;37,71;33702;1,68;0
2024-03-18;CAMP005;Retargeting | Visitantes Site;CONVERSIONS;AS007;Visitantes 7 dias | Retargeting;AD009;Imagem_Retargeting_Desconto_v1;Image;Retargeting;instagram;40363;806;183,83;0,23;4,55;1,999;40;0;3880,00;21,11;31030;1,33;0
2024-03-19;CAMP005;Retargeting | Visitantes Site;CONVERSIONS;AS007;Visitantes 7 dias | Retargeting;AD009;Imagem_Retargeting_Desconto_v1;Image;Retargeting;facebook;36585;638;148,74;0,23;4,07;1,745;33;0;6501,00;43,71;25034;1,66;0
2024-03-20;CAMP005;Retargeting | Visitantes Site;CONVERSIONS;AS007;Visitantes 7 dias | Retargeting;AD009;Imagem_Retargeting_Desconto_v1;Image;Retargeting;instagram;27658;457;127,63;0,28;4,61;1,656;24;0;2328,00;18,24;20236;1,13;0
2024-03-21;CAMP005;Retargeting | Visitantes Site;CONVERSIONS;AS007;Visitantes 7 dias | Retargeting;AD009;Imagem_Retargeting_Desconto_v1;Image;Retargeting;facebook;41393;689;144,87;0,21;3,50;1,666;36;0;3492,00;24,10;28923;1,45;0
2024-03-22;CAMP005;Retargeting | Visitantes Site;CONVERSIONS;AS007;Visitantes 7 dias | Retargeting;AD009;Imagem_Retargeting_Desconto_v1;Image;Retargeting;instagram;35182;635;124,54;0,20;3,54;1,806;38;0;7486,00;60,11;29023;1,46;0
2024-03-23;CAMP005;Retargeting | Visitantes Site;CONVERSIONS;AS007;Visitantes 7 dias | Retargeting;AD009;Imagem_Retargeting_Desconto_v1;Image;Retargeting;facebook;21192;340;108,03;0,32;5,10;1,605;22;0;4334,00;40,12;14351;1,62;0
2024-03-24;CAMP005;Retargeting | Visitantes Site;CONVERSIONS;AS007;Visitantes 7 dias | Retargeting;AD009;Imagem_Retargeting_Desconto_v1;Image;Retargeting;facebook;19965;323;98,55;0,31;4,94;1,621;21;0;4137,00;41,98;16399;1,13;0
2024-03-25;CAMP005;Retargeting | Visitantes Site;CONVERSIONS;AS007;Visitantes 7 dias | Retargeting;AD009;Imagem_Retargeting_Desconto_v1;Image;Retargeting;instagram;18138;360;92,14;0,26;5,08;1,986;17;0;1649,00;17,90;14390;1,66;0
2024-03-26;CAMP005;Retargeting | Visitantes Site;CONVERSIONS;AS007;Visitantes 7 dias | Retargeting;AD009;Imagem_Retargeting_Desconto_v1;Image;Retargeting;instagram;26188;478;95,68;0,20;3,65;1,828;23;0;2231,00;23,32;18799;1,13;0
2024-03-27;CAMP005;Retargeting | Visitantes Site;CONVERSIONS;AS007;Visitantes 7 dias | Retargeting;AD009;Imagem_Retargeting_Desconto_v1;Image;Retargeting;instagram;24020;444;81,27;0,18;3,38;1,849;24;0;4728,00;58,18;17137;1,59;0
2024-03-28;CAMP005;Retargeting | Visitantes Site;CONVERSIONS;AS007;Visitantes 7 dias | Retargeting;AD009;Imagem_Retargeting_Desconto_v1;Image;Retargeting;facebook;22128;351;81,46;0,23;3,68;1,589;20;0;1940,00;23,82;15534;1,15;0
2024-03-29;CAMP005;Retargeting | Visitantes Site;CONVERSIONS;AS007;Visitantes 7 dias | Retargeting;AD009;Imagem_Retargeting_Desconto_v1;Image;Retargeting;instagram;17300;306;95,74;0,31;5,53;1,769;20;0;1940,00;20,26;13157;1,47;0
2024-03-30;CAMP005;Retargeting | Visitantes Site;CONVERSIONS;AS007;Visitantes 7 dias | Retargeting;AD009;Imagem_Retargeting_Desconto_v1;Image;Retargeting;instagram;17134;332;89,05;0,27;5,20;1,941;18;0;1746,00;19,61;12549;1,48;0
2024-03-31;CAMP005;Retargeting | Visitantes Site;CONVERSIONS;AS007;Visitantes 7 dias | Retargeting;AD009;Imagem_Retargeting_Desconto_v1;Image;Retargeting;instagram;12698;235;68,52;0,29;5,40;1,855;10;0;1970,00;28,75;9687;1,35;0
2024-04-01;CAMP005;Retargeting | Visitantes Site;CONVERSIONS;AS007;Visitantes 7 dias | Retargeting;AD009;Imagem_Retargeting_Desconto_v1;Image;Retargeting;instagram;8346;155;44,19;0,29;5,30;1,861;6;0;582,00;13,17;6245;1,29;0
2024-04-02;CAMP005;Retargeting | Visitantes Site;CONVERSIONS;AS007;Visitantes 7 dias | Retargeting;AD009;Imagem_Retargeting_Desconto_v1;Image;Retargeting;facebook;6009;100;29,41;0,29;4,89;1,668;3;0;591,00;20,10;3979;1,60;0
2024-04-03;CAMP005;Retargeting | Visitantes Site;CONVERSIONS;AS007;Visitantes 7 dias | Retargeting;AD009;Imagem_Retargeting_Desconto_v1;Image;Retargeting;facebook;8551;172;32,33;0,19;3,78;2,012;5;0;485,00;15,00;7130;1,35;0
2024-04-04;CAMP005;Retargeting | Visitantes Site;CONVERSIONS;AS007;Visitantes 7 dias | Retargeting;AD009;Imagem_Retargeting_Desconto_v1;Image;Retargeting;facebook;7245;133;35,65;0,27;4,92;1,842;3;0;291,00;8,16;5055;1,41;0
2024-04-05;CAMP005;Retargeting | Visitantes Site;CONVERSIONS;AS007;Visitantes 7 dias | Retargeting;AD009;Imagem_Retargeting_Desconto_v1;Image;Retargeting;facebook;6219;125;30,49;0,24;4,90;2,014;3;0;591,00;19,38;4977;1,28;0
2024-04-06;CAMP005;Retargeting | Visitantes Site;CONVERSIONS;AS007;Visitantes 7 dias | Retargeting;AD009;Imagem_Retargeting_Desconto_v1;Image;Retargeting;facebook;7661;150;39,92;0,27;5,21;1,958;5;0;985,00;24,67;6010;1,67;0
2024-04-07;CAMP005;Retargeting | Visitantes Site;CONVERSIONS;AS007;Visitantes 7 dias | Retargeting;AD009;Imagem_Retargeting_Desconto_v1;Image;Retargeting;facebook;8908;171;40,40;0,24;4,53;1,924;6;0;1182,00;29,26;7420;1,17;0
2024-04-08;CAMP005;Retargeting | Visitantes Site;CONVERSIONS;AS007;Visitantes 7 dias | Retargeting;AD009;Imagem_Retargeting_Desconto_v1;Image;Retargeting;facebook;7469;130;31,32;0,24;4,19;1,750;5;0;485,00;15,49;5680;1,46;0
2024-04-09;CAMP005;Retargeting | Visitantes Site;CONVERSIONS;AS007;Visitantes 7 dias | Retargeting;AD009;Imagem_Retargeting_Desconto_v1;Image;Retargeting;instagram;6035;114;36,81;0,32;6,10;1,899;4;0;788,00;21,41;4266;1,62;0
2024-04-10;CAMP005;Retargeting | Visitantes Site;CONVERSIONS;AS007;Visitantes 7 dias | Retargeting;AD009;Imagem_Retargeting_Desconto_v1;Image;Retargeting;instagram;9550;178;35,65;0,20;3,73;1,872;7;0;679,00;19,05;6307;1,48;0
2024-04-11;CAMP005;Retargeting | Visitantes Site;CONVERSIONS;AS007;Visitantes 7 dias | Retargeting;AD009;Imagem_Retargeting_Desconto_v1;Image;Retargeting;instagram;8932;169;36,66;0,22;4,10;1,894;5;0;985,00;26,87;7478;1,19;0
2024-04-12;CAMP005;Retargeting | Visitantes Site;CONVERSIONS;AS007;Visitantes 7 dias | Retargeting;AD009;Imagem_Retargeting_Desconto_v1;Image;Retargeting;instagram;9100;150;42,38;0,28;4,66;1,649;4;0;388,00;9,16;6650;1,50;0
2024-04-13;CAMP005;Retargeting | Visitantes Site;CONVERSIONS;AS007;Visitantes 7 dias | Retargeting;AD009;Imagem_Retargeting_Desconto_v1;Image;Retargeting;instagram;10532;183;34,14;0,19;3,24;1,745;7;0;1379,00;40,39;8142;1,50;0
2024-04-14;CAMP005;Retargeting | Visitantes Site;CONVERSIONS;AS007;Visitantes 7 dias | Retargeting;AD009;Imagem_Retargeting_Desconto_v1;Image;Retargeting;instagram;7456;122;41,90;0,34;5,62;1,649;3;0;591,00;14,11;5300;1,17;0
2024-04-15;CAMP005;Retargeting | Visitantes Site;CONVERSIONS;AS007;Visitantes 7 dias | Retargeting;AD009;Imagem_Retargeting_Desconto_v1;Image;Retargeting;facebook;9273;160;37,40;0,23;4,03;1,732;5;0;485,00;12,97;7129;1,15;0
2024-04-16;CAMP005;Retargeting | Visitantes Site;CONVERSIONS;AS007;Visitantes 7 dias | Retargeting;AD009;Imagem_Retargeting_Desconto_v1;Image;Retargeting;instagram;6533;128;39,28;0,31;6,01;1,973;4;0;788,00;20,06;5478;1,39;0
2024-04-17;CAMP005;Retargeting | Visitantes Site;CONVERSIONS;AS007;Visitantes 7 dias | Retargeting;AD009;Imagem_Retargeting_Desconto_v1;Image;Retargeting;facebook;7042;129;33,75;0,26;4,79;1,843;4;0;788,00;23,35;4764;1,60;0
2024-04-18;CAMP005;Retargeting | Visitantes Site;CONVERSIONS;AS007;Visitantes 7 dias | Retargeting;AD009;Imagem_Retargeting_Desconto_v1;Image;Retargeting;instagram;10955;178;36,52;0,21;3,33;1,626;6;0;1182,00;32,37;7551;1,43;0
2024-04-19;CAMP005;Retargeting | Visitantes Site;CONVERSIONS;AS007;Visitantes 7 dias | Retargeting;AD009;Imagem_Retargeting_Desconto_v1;Image;Retargeting;facebook;6349;111;35,97;0,32;5,67;1,758;3;0;591,00;16,43;4358;1,57;0
2024-04-20;CAMP005;Retargeting | Visitantes Site;CONVERSIONS;AS007;Visitantes 7 dias | Retargeting;AD009;Imagem_Retargeting_Desconto_v1;Image;Retargeting;facebook;9029;161;33,40;0,21;3,70;1,790;5;0;985,00;29,49;7362;1,29;0
2024-04-21;CAMP005;Retargeting | Visitantes Site;CONVERSIONS;AS007;Visitantes 7 dias | Retargeting;AD009;Imagem_Retargeting_Desconto_v1;Image;Retargeting;facebook;9360;156;42,75;0,27;4,57;1,669;5;0;485,00;11,35;7563;1,28;0
2024-04-22;CAMP005;Retargeting | Visitantes Site;CONVERSIONS;AS007;Visitantes 7 dias | Retargeting;AD009;Imagem_Retargeting_Desconto_v1;Image;Retargeting;instagram;9446;181;35,98;0,20;3,81;1,926;7;0;1379,00;38,33;6540;1,19;0
2024-04-23;CAMP005;Retargeting | Visitantes Site;CONVERSIONS;AS007;Visitantes 7 dias | Retargeting;AD009;Imagem_Retargeting_Desconto_v1;Image;Retargeting;instagram;8578;144;30,43;0,21;3,55;1,684;4;0;788,00;25,90;5686;1,16;0
2024-04-24;CAMP005;Retargeting | Visitantes Site;CONVERSIONS;AS007;Visitantes 7 dias | Retargeting;AD009;Imagem_Retargeting_Desconto_v1;Image;Retargeting;facebook;10027;198;30,81;0,16;3,07;1,976;6;0;582,00;18,89;7327;1,31;0
2024-04-25;CAMP005;Retargeting | Visitantes Site;CONVERSIONS;AS007;Visitantes 7 dias | Retargeting;AD009;Imagem_Retargeting_Desconto_v1;Image;Retargeting;instagram;6933;111;28,30;0,25;4,08;1,603;4;0;388,00;13,71;4907;1,48;0
2024-04-26;CAMP005;Retargeting | Visitantes Site;CONVERSIONS;AS007;Visitantes 7 dias | Retargeting;AD009;Imagem_Retargeting_Desconto_v1;Image;Retargeting;facebook;6776;124;34,54;0,28;5,10;1,837;4;0;388,00;11,23;5251;1,15;0
2024-04-27;CAMP005;Retargeting | Visitantes Site;CONVERSIONS;AS007;Visitantes 7 dias | Retargeting;AD009;Imagem_Retargeting_Desconto_v1;Image;Retargeting;instagram;7199;135;34,86;0,26;4,84;1,881;5;0;985,00;28,26;5653;1,54;0
2024-04-28;CAMP005;Retargeting | Visitantes Site;CONVERSIONS;AS007;Visitantes 7 dias | Retargeting;AD009;Imagem_Retargeting_Desconto_v1;Image;Retargeting;instagram;10383;207;41,37;0,20;3,98;2,003;5;0;985,00;23,81;7504;1,14;0
2024-04-29;CAMP005;Retargeting | Visitantes Site;CONVERSIONS;AS007;Visitantes 7 dias | Retargeting;AD009;Imagem_Retargeting_Desconto_v1;Image;Retargeting;instagram;8453;163;37,11;0,23;4,39;1,934;6;0;582,00;15,68;6715;1,14;0
2024-04-30;CAMP005;Retargeting | Visitantes Site;CONVERSIONS;AS007;Visitantes 7 dias | Retargeting;AD009;Imagem_Retargeting_Desconto_v1;Image;Retargeting;facebook;7907;142;38,41;0,27;4,86;1,806;4;0;388,00;10,10;6241;1,47;0
2024-05-01;CAMP005;Retargeting | Visitantes Site;CONVERSIONS;AS007;Visitantes 7 dias | Retargeting;AD009;Imagem_Retargeting_Desconto_v1;Image;Retargeting;instagram;7746;152;34,82;0,23;4,50;1,967;6;0;1182,00;33,95;5331;1,34;0
2024-05-02;CAMP005;Retargeting | Visitantes Site;CONVERSIONS;AS007;Visitantes 7 dias | Retargeting;AD009;Imagem_Retargeting_Desconto_v1;Image;Retargeting;facebook;8461;156;30,62;0,20;3,62;1,850;4;0;788,00;25,73;7060;1,33;0
2024-05-03;CAMP005;Retargeting | Visitantes Site;CONVERSIONS;AS007;Visitantes 7 dias | Retargeting;AD009;Imagem_Retargeting_Desconto_v1;Image;Retargeting;facebook;10102;178;34,14;0,19;3,38;1,767;6;0;1182,00;34,62;8045;1,37;0
2024-05-04;CAMP005;Retargeting | Visitantes Site;CONVERSIONS;AS007;Visitantes 7 dias | Retargeting;AD009;Imagem_Retargeting_Desconto_v1;Image;Retargeting;instagram;8869;178;42,56;0,24;4,80;2,014;5;0;985,00;23,14;7377;1,14;0
2024-05-05;CAMP005;Retargeting | Visitantes Site;CONVERSIONS;AS007;Visitantes 7 dias | Retargeting;AD009;Imagem_Retargeting_Desconto_v1;Image;Retargeting;facebook;7333;146;44,25;0,30;6,03;1,995;4;0;388,00;8,77;5297;1,30;0
2024-05-06;CAMP005;Retargeting | Visitantes Site;CONVERSIONS;AS007;Visitantes 7 dias | Retargeting;AD009;Imagem_Retargeting_Desconto_v1;Image;Retargeting;instagram;6113;98;33,93;0,35;5,55;1,616;3;0;591,00;17,42;4096;1,29;0
2024-05-07;CAMP005;Retargeting | Visitantes Site;CONVERSIONS;AS007;Visitantes 7 dias | Retargeting;AD009;Imagem_Retargeting_Desconto_v1;Image;Retargeting;instagram;7755;145;33,04;0,23;4,26;1,878;4;0;788,00;23,85;6127;1,45;0
2024-05-08;CAMP005;Retargeting | Visitantes Site;CONVERSIONS;AS007;Visitantes 7 dias | Retargeting;AD009;Imagem_Retargeting_Desconto_v1;Image;Retargeting;instagram;8176;148;34,41;0,23;4,21;1,811;5;0;985,00;28,63;6643;1,36;0
2024-05-09;CAMP005;Retargeting | Visitantes Site;CONVERSIONS;AS007;Visitantes 7 dias | Retargeting;AD009;Imagem_Retargeting_Desconto_v1;Image;Retargeting;instagram;6906;125;39,04;0,31;5,65;1,823;3;0;591,00;15,14;4885;1,52;0
2024-05-10;CAMP005;Retargeting | Visitantes Site;CONVERSIONS;AS007;Visitantes 7 dias | Retargeting;AD009;Imagem_Retargeting_Desconto_v1;Image;Retargeting;instagram;8701;163;33,57;0,21;3,86;1,881;4;0;388,00;11,56;7070;1,66;0
2024-05-11;CAMP005;Retargeting | Visitantes Site;CONVERSIONS;AS007;Visitantes 7 dias | Retargeting;AD009;Imagem_Retargeting_Desconto_v1;Image;Retargeting;instagram;7689;148;46,82;0,32;6,09;1,932;4;0;388,00;8,29;5673;1,21;0
2024-05-12;CAMP005;Retargeting | Visitantes Site;CONVERSIONS;AS007;Visitantes 7 dias | Retargeting;AD009;Imagem_Retargeting_Desconto_v1;Image;Retargeting;instagram;8080;149;39,46;0,26;4,88;1,845;5;0;485,00;12,29;5753;1,24;0
2024-05-13;CAMP005;Retargeting | Visitantes Site;CONVERSIONS;AS007;Visitantes 7 dias | Retargeting;AD009;Imagem_Retargeting_Desconto_v1;Image;Retargeting;facebook;9561;182;31,15;0,17;3,26;1,914;7;0;1379,00;44,27;6754;1,33;0
2024-05-14;CAMP005;Retargeting | Visitantes Site;CONVERSIONS;AS007;Visitantes 7 dias | Retargeting;AD009;Imagem_Retargeting_Desconto_v1;Image;Retargeting;facebook;10084;169;37,85;0,22;3,75;1,681;5;0;985,00;26,02;6903;1,48;0
2024-05-15;CAMP005;Retargeting | Visitantes Site;CONVERSIONS;AS007;Visitantes 7 dias | Retargeting;AD009;Imagem_Retargeting_Desconto_v1;Image;Retargeting;facebook;6281;99;39,94;0,40;6,36;1,584;3;0;291,00;7,29;4729;1,25;0
2024-05-16;CAMP005;Retargeting | Visitantes Site;CONVERSIONS;AS007;Visitantes 7 dias | Retargeting;AD009;Imagem_Retargeting_Desconto_v1;Image;Retargeting;instagram;6654;122;36,09;0,30;5,42;1,845;4;0;388,00;10,75;4788;1,57;0
2024-05-17;CAMP005;Retargeting | Visitantes Site;CONVERSIONS;AS007;Visitantes 7 dias | Retargeting;AD009;Imagem_Retargeting_Desconto_v1;Image;Retargeting;facebook;7137;116;36,60;0,32;5,13;1,639;3;0;591,00;16,15;4969;1,30;0
2024-05-18;CAMP005;Retargeting | Visitantes Site;CONVERSIONS;AS007;Visitantes 7 dias | Retargeting;AD009;Imagem_Retargeting_Desconto_v1;Image;Retargeting;facebook;7571;145;48,23;0,33;6,37;1,925;6;0;582,00;12,07;6050;1,50;0
2024-05-19;CAMP005;Retargeting | Visitantes Site;CONVERSIONS;AS007;Visitantes 7 dias | Retargeting;AD009;Imagem_Retargeting_Desconto_v1;Image;Retargeting;facebook;10242;184;43,51;0,24;4,25;1,797;6;0;582,00;13,38;7523;1,23;0
2024-05-20;CAMP005;Retargeting | Visitantes Site;CONVERSIONS;AS007;Visitantes 7 dias | Retargeting;AD009;Imagem_Retargeting_Desconto_v1;Image;Retargeting;instagram;8560;169;37,62;0,22;4,39;1,985;6;0;582,00;15,47;5654;1,64;0
2024-05-21;CAMP005;Retargeting | Visitantes Site;CONVERSIONS;AS007;Visitantes 7 dias | Retargeting;AD009;Imagem_Retargeting_Desconto_v1;Image;Retargeting;instagram;6669;123;32,95;0,27;4,94;1,849;3;0;591,00;17,94;4503;1,20;0
2024-05-22;CAMP005;Retargeting | Visitantes Site;CONVERSIONS;AS007;Visitantes 7 dias | Retargeting;AD009;Imagem_Retargeting_Desconto_v1;Image;Retargeting;instagram;10291;165;37,50;0,23;3,64;1,607;6;0;1182,00;31,52;7668;1,13;0
2024-05-23;CAMP005;Retargeting | Visitantes Site;CONVERSIONS;AS007;Visitantes 7 dias | Retargeting;AD009;Imagem_Retargeting_Desconto_v1;Image;Retargeting;facebook;8804;153;38,10;0,25;4,33;1,744;6;0;1182,00;31,02;7146;1,59;0
2024-05-24;CAMP005;Retargeting | Visitantes Site;CONVERSIONS;AS007;Visitantes 7 dias | Retargeting;AD009;Imagem_Retargeting_Desconto_v1;Image;Retargeting;instagram;8124;141;35,68;0,25;4,39;1,738;5;0;985,00;27,61;6744;1,61;0
2024-05-25;CAMP005;Retargeting | Visitantes Site;CONVERSIONS;AS007;Visitantes 7 dias | Retargeting;AD009;Imagem_Retargeting_Desconto_v1;Image;Retargeting;facebook;8728;156;40,56;0,26;4,65;1,794;5;0;485,00;11,96;7301;1,41;0
2024-05-26;CAMP005;Retargeting | Visitantes Site;CONVERSIONS;AS007;Visitantes 7 dias | Retargeting;AD009;Imagem_Retargeting_Desconto_v1;Image;Retargeting;instagram;9956;181;42,91;0,24;4,31;1,818;5;0;485,00;11,30;6632;1,26;0
2024-05-27;CAMP005;Retargeting | Visitantes Site;CONVERSIONS;AS007;Visitantes 7 dias | Retargeting;AD009;Imagem_Retargeting_Desconto_v1;Image;Retargeting;instagram;11184;190;34,17;0,18;3,06;1,706;7;0;679,00;19,87;8941;1,20;0
2024-05-28;CAMP005;Retargeting | Visitantes Site;CONVERSIONS;AS007;Visitantes 7 dias | Retargeting;AD009;Imagem_Retargeting_Desconto_v1;Image;Retargeting;facebook;6621;121;33,62;0,28;5,08;1,839;4;0;388,00;11,54;5226;1,19;0
2024-05-29;CAMP005;Retargeting | Visitantes Site;CONVERSIONS;AS007;Visitantes 7 dias | Retargeting;AD009;Imagem_Retargeting_Desconto_v1;Image;Retargeting;instagram;10289;192;38,68;0,20;3,76;1,869;7;0;1379,00;35,65;7212;1,46;0
2024-05-30;CAMP005;Retargeting | Visitantes Site;CONVERSIONS;AS007;Visitantes 7 dias | Retargeting;AD009;Imagem_Retargeting_Desconto_v1;Image;Retargeting;facebook;7465;142;31,94;0,22;4,28;1,904;5;0;485,00;15,18;6024;1,20;0
2024-05-31;CAMP005;Retargeting | Visitantes Site;CONVERSIONS;AS007;Visitantes 7 dias | Retargeting;AD009;Imagem_Retargeting_Desconto_v1;Image;Retargeting;instagram;9713;161;40,70;0,25;4,19;1,659;6;0;582,00;14,30;7715;1,31;0
2024-06-01;CAMP005;Retargeting | Visitantes Site;CONVERSIONS;AS007;Visitantes 7 dias | Retargeting;AD009;Imagem_Retargeting_Desconto_v1;Image;Retargeting;instagram;7991;131;42,74;0,33;5,35;1,645;5;0;485,00;11,35;5357;1,37;0
2024-06-02;CAMP005;Retargeting | Visitantes Site;CONVERSIONS;AS007;Visitantes 7 dias | Retargeting;AD009;Imagem_Retargeting_Desconto_v1;Image;Retargeting;instagram;11150;178;41,21;0,23;3,70;1,605;6;0;582,00;14,12;8514;1,51;0
2024-06-03;CAMP005;Retargeting | Visitantes Site;CONVERSIONS;AS007;Visitantes 7 dias | Retargeting;AD009;Imagem_Retargeting_Desconto_v1;Image;Retargeting;instagram;8019;145;36,59;0,25;4,56;1,816;5;0;985,00;26,92;6036;1,34;0
2024-06-04;CAMP005;Retargeting | Visitantes Site;CONVERSIONS;AS007;Visitantes 7 dias | Retargeting;AD009;Imagem_Retargeting_Desconto_v1;Image;Retargeting;instagram;9546;159;41,52;0,26;4,35;1,667;5;0;485,00;11,68;6565;1,66;0
2024-06-05;CAMP005;Retargeting | Visitantes Site;CONVERSIONS;AS007;Visitantes 7 dias | Retargeting;AD009;Imagem_Retargeting_Desconto_v1;Image;Retargeting;facebook;7506;147;32,34;0,22;4,31;1,964;4;0;788,00;24,37;5087;1,34;0
2024-06-06;CAMP005;Retargeting | Visitantes Site;CONVERSIONS;AS007;Visitantes 7 dias | Retargeting;AD009;Imagem_Retargeting_Desconto_v1;Image;Retargeting;instagram;10128;178;37,09;0,21;3,66;1,760;5;0;985,00;26,56;7272;1,49;0
2024-06-07;CAMP005;Retargeting | Visitantes Site;CONVERSIONS;AS007;Visitantes 7 dias | Retargeting;AD009;Imagem_Retargeting_Desconto_v1;Image;Retargeting;facebook;8478;169;35,56;0,21;4,19;2,001;5;0;985,00;27,70;5675;1,27;0
2024-06-08;CAMP005;Retargeting | Visitantes Site;CONVERSIONS;AS007;Visitantes 7 dias | Retargeting;AD009;Imagem_Retargeting_Desconto_v1;Image;Retargeting;instagram;9377;170;40,20;0,24;4,29;1,813;5;0;485,00;12,06;6834;1,32;0
2024-06-09;CAMP005;Retargeting | Visitantes Site;CONVERSIONS;AS007;Visitantes 7 dias | Retargeting;AD009;Imagem_Retargeting_Desconto_v1;Image;Retargeting;facebook;6752;115;36,17;0,31;5,36;1,715;3;0;591,00;16,34;4630;1,64;0
2024-06-10;CAMP005;Retargeting | Visitantes Site;CONVERSIONS;AS007;Visitantes 7 dias | Retargeting;AD009;Imagem_Retargeting_Desconto_v1;Image;Retargeting;instagram;8103;163;44,18;0,27;5,45;2,015;4;0;388,00;8,78;6612;1,59;0
2024-06-11;CAMP005;Retargeting | Visitantes Site;CONVERSIONS;AS007;Visitantes 7 dias | Retargeting;AD009;Imagem_Retargeting_Desconto_v1;Image;Retargeting;facebook;9789;156;38,29;0,25;3,91;1,604;5;0;985,00;25,72;7364;1,21;0
2024-06-12;CAMP005;Retargeting | Visitantes Site;CONVERSIONS;AS007;Visitantes 7 dias | Retargeting;AD009;Imagem_Retargeting_Desconto_v1;Image;Retargeting;instagram;7676;123;34,85;0,28;4,54;1,605;4;0;388,00;11,13;6097;1,14;0
2024-06-13;CAMP005;Retargeting | Visitantes Site;CONVERSIONS;AS007;Visitantes 7 dias | Retargeting;AD009;Imagem_Retargeting_Desconto_v1;Image;Retargeting;instagram;7526;139;36,78;0,26;4,89;1,860;5;0;985,00;26,78;5149;1,45;0
2024-06-14;CAMP005;Retargeting | Visitantes Site;CONVERSIONS;AS007;Visitantes 7 dias | Retargeting;AD009;Imagem_Retargeting_Desconto_v1;Image;Retargeting;facebook;9916;172;31,79;0,18;3,21;1,741;6;0;582,00;18,31;7372;1,29;0
2024-06-15;CAMP005;Retargeting | Visitantes Site;CONVERSIONS;AS007;Visitantes 7 dias | Retargeting;AD009;Imagem_Retargeting_Desconto_v1;Image;Retargeting;instagram;10732;215;39,31;0,18;3,66;2,011;8;0;776,00;19,74;8319;1,44;0
2024-06-16;CAMP005;Retargeting | Visitantes Site;CONVERSIONS;AS007;Visitantes 7 dias | Retargeting;AD009;Imagem_Retargeting_Desconto_v1;Image;Retargeting;instagram;11193;205;49,47;0,24;4,42;1,836;7;0;679,00;13,73;7389;1,20;0
2024-06-17;CAMP005;Retargeting | Visitantes Site;CONVERSIONS;AS007;Visitantes 7 dias | Retargeting;AD009;Imagem_Retargeting_Desconto_v1;Image;Retargeting;facebook;7327;143;42,52;0,30;5,80;1,954;5;0;485,00;11,41;5273;1,32;0
2024-06-18;CAMP005;Retargeting | Visitantes Site;CONVERSIONS;AS007;Visitantes 7 dias | Retargeting;AD009;Imagem_Retargeting_Desconto_v1;Image;Retargeting;instagram;8208;141;32,54;0,23;3,96;1,719;4;0;388,00;11,92;6399;1,44;0
2024-06-19;CAMP005;Retargeting | Visitantes Site;CONVERSIONS;AS007;Visitantes 7 dias | Retargeting;AD009;Imagem_Retargeting_Desconto_v1;Image;Retargeting;instagram;8512;169;37,81;0,22;4,44;1,997;5;0;985,00;26,05;6748;1,16;0
2024-06-20;CAMP005;Retargeting | Visitantes Site;CONVERSIONS;AS007;Visitantes 7 dias | Retargeting;AD009;Imagem_Retargeting_Desconto_v1;Image;Retargeting;instagram;10867;195;38,52;0,20;3,54;1,800;7;0;679,00;17,63;8711;1,59;0
2024-06-21;CAMP005;Retargeting | Visitantes Site;CONVERSIONS;AS007;Visitantes 7 dias | Retargeting;AD009;Imagem_Retargeting_Desconto_v1;Image;Retargeting;facebook;8215;133;41,19;0,31;5,01;1,630;4;0;388,00;9,42;5670;1,48;0
2024-06-22;CAMP005;Retargeting | Visitantes Site;CONVERSIONS;AS007;Visitantes 7 dias | Retargeting;AD009;Imagem_Retargeting_Desconto_v1;Image;Retargeting;instagram;8455;147;47,03;0,32;5,56;1,747;5;0;985,00;20,94;6856;1,21;0
2024-06-23;CAMP005;Retargeting | Visitantes Site;CONVERSIONS;AS007;Visitantes 7 dias | Retargeting;AD009;Imagem_Retargeting_Desconto_v1;Image;Retargeting;facebook;8117;135;43,27;0,32;5,33;1,667;3;0;591,00;13,66;6317;1,22;0
2024-06-24;CAMP005;Retargeting | Visitantes Site;CONVERSIONS;AS007;Visitantes 7 dias | Retargeting;AD009;Imagem_Retargeting_Desconto_v1;Image;Retargeting;facebook;9226;167;42,80;0,26;4,64;1,813;6;0;582,00;13,60;6578;1,38;0
2024-06-25;CAMP005;Retargeting | Visitantes Site;CONVERSIONS;AS007;Visitantes 7 dias | Retargeting;AD009;Imagem_Retargeting_Desconto_v1;Image;Retargeting;facebook;7161;123;32,65;0,27;4,56;1,719;4;0;388,00;11,88;5029;1,64;0
2024-06-26;CAMP005;Retargeting | Visitantes Site;CONVERSIONS;AS007;Visitantes 7 dias | Retargeting;AD009;Imagem_Retargeting_Desconto_v1;Image;Retargeting;facebook;7408;137;33,39;0,24;4,51;1,854;5;0;485,00;14,53;5193;1,67;0
2024-06-27;CAMP005;Retargeting | Visitantes Site;CONVERSIONS;AS007;Visitantes 7 dias | Retargeting;AD009;Imagem_Retargeting_Desconto_v1;Image;Retargeting;instagram;8160;156;41,60;0,27;5,10;1,914;5;0;985,00;23,68;5467;1,61;0
2024-06-28;CAMP005;Retargeting | Visitantes Site;CONVERSIONS;AS007;Visitantes 7 dias | Retargeting;AD009;Imagem_Retargeting_Desconto_v1;Image;Retargeting;instagram;8369;144;40,04;0,28;4,78;1,724;4;0;788,00;19,68;5996;1,36;0
2024-06-29;CAMP005;Retargeting | Visitantes Site;CONVERSIONS;AS007;Visitantes 7 dias | Retargeting;AD009;Imagem_Retargeting_Desconto_v1;Image;Retargeting;instagram;8432;153;45,38;0,30;5,38;1,818;5;0;985,00;21,71;6345;1,54;0
2024-06-30;CAMP005;Retargeting | Visitantes Site;CONVERSIONS;AS007;Visitantes 7 dias | Retargeting;AD009;Imagem_Retargeting_Desconto_v1;Image;Retargeting;facebook;7330;134;35,19;0,26;4,80;1,835;4;0;788,00;22,39;5504;1,21;0
2024-07-01;CAMP005;Retargeting | Visitantes Site;CONVERSIONS;AS007;Visitantes 7 dias | Retargeting;AD009;Imagem_Retargeting_Desconto_v1;Image;Retargeting;facebook;16729;276;71,06;0,26;4,25;1,651;12;0;2364,00;33,27;11757;1,34;0
2024-07-02;CAMP005;Retargeting | Visitantes Site;CONVERSIONS;AS007;Visitantes 7 dias | Retargeting;AD009;Imagem_Retargeting_Desconto_v1;Image;Retargeting;facebook;13679;256;81,47;0,32;5,96;1,873;11;0;2167,00;26,60;9409;1,53;0
2024-07-03;CAMP005;Retargeting | Visitantes Site;CONVERSIONS;AS007;Visitantes 7 dias | Retargeting;AD009;Imagem_Retargeting_Desconto_v1;Image;Retargeting;facebook;22083;412;82,53;0,20;3,74;1,867;25;0;2425,00;29,38;17153;1,58;0
2024-07-04;CAMP005;Retargeting | Visitantes Site;CONVERSIONS;AS007;Visitantes 7 dias | Retargeting;AD009;Imagem_Retargeting_Desconto_v1;Image;Retargeting;facebook;22996;460;92,47;0,20;4,02;2,001;20;0;1940,00;20,98;16085;1,15;0
2024-07-05;CAMP005;Retargeting | Visitantes Site;CONVERSIONS;AS007;Visitantes 7 dias | Retargeting;AD009;Imagem_Retargeting_Desconto_v1;Image;Retargeting;instagram;21599;425;100,11;0,24;4,63;1,970;21;0;4137,00;41,32;17837;1,49;0
2024-07-06;CAMP005;Retargeting | Visitantes Site;CONVERSIONS;AS007;Visitantes 7 dias | Retargeting;AD009;Imagem_Retargeting_Desconto_v1;Image;Retargeting;facebook;19449;351;89,82;0,26;4,62;1,805;18;0;1746,00;19,44;14020;1,68;0
2024-07-07;CAMP005;Retargeting | Visitantes Site;CONVERSIONS;AS007;Visitantes 7 dias | Retargeting;AD009;Imagem_Retargeting_Desconto_v1;Image;Retargeting;instagram;20624;335;106,88;0,32;5,18;1,628;16;0;1552,00;14,52;14875;1,18;0
2024-07-08;CAMP005;Retargeting | Visitantes Site;CONVERSIONS;AS007;Visitantes 7 dias | Retargeting;AD009;Imagem_Retargeting_Desconto_v1;Image;Retargeting;facebook;27094;433;111,67;0,26;4,12;1,598;20;0;1940,00;17,37;20401;1,41;0
2024-07-09;CAMP005;Retargeting | Visitantes Site;CONVERSIONS;AS007;Visitantes 7 dias | Retargeting;AD009;Imagem_Retargeting_Desconto_v1;Image;Retargeting;instagram;25933;467;135,52;0,29;5,23;1,804;23;0;2231,00;16,46;21259;1,29;0
2024-07-10;CAMP005;Retargeting | Visitantes Site;CONVERSIONS;AS007;Visitantes 7 dias | Retargeting;AD009;Imagem_Retargeting_Desconto_v1;Image;Retargeting;facebook;41883;832;172,85;0,21;4,13;1,988;55;0;10835,00;62,68;30662;1,60;0
2024-07-11;CAMP005;Retargeting | Visitantes Site;CONVERSIONS;AS007;Visitantes 7 dias | Retargeting;AD009;Imagem_Retargeting_Desconto_v1;Image;Retargeting;instagram;35467;704;175,21;0,25;4,94;1,988;39;0;3783,00;21,59;29015;1,54;0
2024-07-12;CAMP005;Retargeting | Visitantes Site;CONVERSIONS;AS007;Visitantes 7 dias | Retargeting;AD009;Imagem_Retargeting_Desconto_v1;Image;Retargeting;instagram;34378;579;187,14;0,32;5,44;1,684;38;0;7486,00;40,00;24319;1,32;0
2024-07-13;CAMP005;Retargeting | Visitantes Site;CONVERSIONS;AS007;Visitantes 7 dias | Retargeting;AD009;Imagem_Retargeting_Desconto_v1;Image;Retargeting;instagram;46176;928;224,99;0,24;4,87;2,012;58;0;11426,00;50,78;38403;1,53;0
2024-07-14;CAMP005;Retargeting | Visitantes Site;CONVERSIONS;AS007;Visitantes 7 dias | Retargeting;AD009;Imagem_Retargeting_Desconto_v1;Image;Retargeting;facebook;35595;612;186,63;0,30;5,24;1,722;30;0;5910,00;31,67;29057;1,40;0
2024-07-15;CAMP005;Retargeting | Visitantes Site;CONVERSIONS;AS007;Visitantes 7 dias | Retargeting;AD009;Imagem_Retargeting_Desconto_v1;Image;Retargeting;facebook;49361;816;195,01;0,24;3,95;1,653;53;0;5141,00;26,36;33506;1,49;0
2024-07-16;CAMP005;Retargeting | Visitantes Site;CONVERSIONS;AS007;Visitantes 7 dias | Retargeting;AD009;Imagem_Retargeting_Desconto_v1;Image;Retargeting;instagram;46285;760;194,72;0,26;4,21;1,643;48;0;9456,00;48,56;35901;1,43;0
2024-07-17;CAMP005;Retargeting | Visitantes Site;CONVERSIONS;AS007;Visitantes 7 dias | Retargeting;AD009;Imagem_Retargeting_Desconto_v1;Image;Retargeting;instagram;38397;749;185,28;0,25;4,83;1,953;45;0;4365,00;23,56;29057;1,43;0
2024-07-18;CAMP005;Retargeting | Visitantes Site;CONVERSIONS;AS007;Visitantes 7 dias | Retargeting;AD009;Imagem_Retargeting_Desconto_v1;Image;Retargeting;instagram;40701;681;175,51;0,26;4,31;1,674;34;0;6698,00;38,16;29710;1,59;0
2024-07-19;CAMP005;Retargeting | Visitantes Site;CONVERSIONS;AS007;Visitantes 7 dias | Retargeting;AD009;Imagem_Retargeting_Desconto_v1;Image;Retargeting;facebook;37548;640;163,81;0,26;4,36;1,706;29;0;5713,00;34,88;27652;1,27;0
2024-07-20;CAMP005;Retargeting | Visitantes Site;CONVERSIONS;AS007;Visitantes 7 dias | Retargeting;AD009;Imagem_Retargeting_Desconto_v1;Image;Retargeting;facebook;34316;554;158,84;0,29;4,63;1,617;33;0;6501,00;40,93;26635;1,44;0
2024-07-21;CAMP005;Retargeting | Visitantes Site;CONVERSIONS;AS007;Visitantes 7 dias | Retargeting;AD009;Imagem_Retargeting_Desconto_v1;Image;Retargeting;facebook;35844;614;157,55;0,26;4,40;1,714;31;0;6107,00;38,76;28207;1,34;0
2024-07-22;CAMP005;Retargeting | Visitantes Site;CONVERSIONS;AS007;Visitantes 7 dias | Retargeting;AD009;Imagem_Retargeting_Desconto_v1;Image;Retargeting;facebook;28006;478;121,73;0,25;4,35;1,708;29;0;2813,00;23,11;21186;1,45;0
2024-07-23;CAMP005;Retargeting | Visitantes Site;CONVERSIONS;AS007;Visitantes 7 dias | Retargeting;AD009;Imagem_Retargeting_Desconto_v1;Image;Retargeting;instagram;23674;470;96,15;0,20;4,06;1,988;29;0;5713,00;59,42;19755;1,66;0
2024-07-24;CAMP005;Retargeting | Visitantes Site;CONVERSIONS;AS007;Visitantes 7 dias | Retargeting;AD009;Imagem_Retargeting_Desconto_v1;Image;Retargeting;instagram;26015;504;102,89;0,20;3,96;1,938;23;0;2231,00;21,68;19322;1,35;0
2024-07-25;CAMP005;Retargeting | Visitantes Site;CONVERSIONS;AS007;Visitantes 7 dias | Retargeting;AD009;Imagem_Retargeting_Desconto_v1;Image;Retargeting;facebook;20235;327;93,38;0,29;4,61;1,618;15;0;2955,00;31,64;14367;1,54;0
2024-07-26;CAMP005;Retargeting | Visitantes Site;CONVERSIONS;AS007;Visitantes 7 dias | Retargeting;AD009;Imagem_Retargeting_Desconto_v1;Image;Retargeting;facebook;23287;381;101,65;0,27;4,36;1,639;22;0;2134,00;20,99;15672;1,27;0
2024-07-27;CAMP005;Retargeting | Visitantes Site;CONVERSIONS;AS007;Visitantes 7 dias | Retargeting;AD009;Imagem_Retargeting_Desconto_v1;Image;Retargeting;instagram;26220;516;94,48;0,18;3,60;1,969;28;0;2716,00;28,75;20204;1,17;0
2024-07-28;CAMP005;Retargeting | Visitantes Site;CONVERSIONS;AS007;Visitantes 7 dias | Retargeting;AD009;Imagem_Retargeting_Desconto_v1;Image;Retargeting;instagram;17880;304;75,79;0,25;4,24;1,703;13;0;1261,00;16,64;12002;1,24;0
2024-07-29;CAMP005;Retargeting | Visitantes Site;CONVERSIONS;AS007;Visitantes 7 dias | Retargeting;AD009;Imagem_Retargeting_Desconto_v1;Image;Retargeting;instagram;16033;263;82,48;0,31;5,14;1,645;16;0;1552,00;18,82;11292;1,18;0
2024-07-30;CAMP005;Retargeting | Visitantes Site;CONVERSIONS;AS007;Visitantes 7 dias | Retargeting;AD009;Imagem_Retargeting_Desconto_v1;Image;Retargeting;instagram;16210;309;84,69;0,27;5,22;1,908;18;0;3546,00;41,87;11737;1,62;0
2024-07-31;CAMP005;Retargeting | Visitantes Site;CONVERSIONS;AS007;Visitantes 7 dias | Retargeting;AD009;Imagem_Retargeting_Desconto_v1;Image;Retargeting;facebook;20056;391;81,29;0,21;4,05;1,952;19;0;1843,00;22,67;13331;1,29;0
2024-08-01;CAMP005;Retargeting | Visitantes Site;CONVERSIONS;AS007;Visitantes 7 dias | Retargeting;AD009;Imagem_Retargeting_Desconto_v1;Image;Retargeting;facebook;12817;203;42,54;0,21;3,32;1,585;6;0;1182,00;27,79;10378;1,31;0
2024-08-02;CAMP005;Retargeting | Visitantes Site;CONVERSIONS;AS007;Visitantes 7 dias | Retargeting;AD009;Imagem_Retargeting_Desconto_v1;Image;Retargeting;facebook;8007;157;42,52;0,27;5,31;1,962;5;0;485,00;11,41;6109;1,22;0
2024-08-03;CAMP005;Retargeting | Visitantes Site;CONVERSIONS;AS007;Visitantes 7 dias | Retargeting;AD009;Imagem_Retargeting_Desconto_v1;Image;Retargeting;instagram;11328;224;35,80;0,16;3,16;1,984;7;0;679,00;18,97;8072;1,33;0
2024-08-04;CAMP005;Retargeting | Visitantes Site;CONVERSIONS;AS007;Visitantes 7 dias | Retargeting;AD009;Imagem_Retargeting_Desconto_v1;Image;Retargeting;instagram;7962;153;42,68;0,28;5,36;1,922;5;0;985,00;23,08;5561;1,45;0
2024-08-05;CAMP005;Retargeting | Visitantes Site;CONVERSIONS;AS007;Visitantes 7 dias | Retargeting;AD009;Imagem_Retargeting_Desconto_v1;Image;Retargeting;facebook;8221;140;35,49;0,25;4,32;1,707;4;0;788,00;22,20;5502;1,36;0
2024-08-06;CAMP005;Retargeting | Visitantes Site;CONVERSIONS;AS007;Visitantes 7 dias | Retargeting;AD009;Imagem_Retargeting_Desconto_v1;Image;Retargeting;facebook;7451;140;34,72;0,25;4,66;1,885;4;0;388,00;11,18;5698;1,17;0
2024-08-07;CAMP005;Retargeting | Visitantes Site;CONVERSIONS;AS007;Visitantes 7 dias | Retargeting;AD009;Imagem_Retargeting_Desconto_v1;Image;Retargeting;facebook;9406;170;35,96;0,21;3,82;1,815;5;0;485,00;13,49;7030;1,65;0
2024-08-08;CAMP005;Retargeting | Visitantes Site;CONVERSIONS;AS007;Visitantes 7 dias | Retargeting;AD009;Imagem_Retargeting_Desconto_v1;Image;Retargeting;instagram;8188;144;39,66;0,28;4,84;1,759;5;0;985,00;24,84;6525;1,29;0
2024-08-09;CAMP005;Retargeting | Visitantes Site;CONVERSIONS;AS007;Visitantes 7 dias | Retargeting;AD009;Imagem_Retargeting_Desconto_v1;Image;Retargeting;facebook;9207;151;44,60;0,30;4,84;1,646;5;0;485,00;10,87;6693;1,26;0
2024-08-10;CAMP005;Retargeting | Visitantes Site;CONVERSIONS;AS007;Visitantes 7 dias | Retargeting;AD009;Imagem_Retargeting_Desconto_v1;Image;Retargeting;instagram;9198;147;38,67;0,26;4,20;1,607;4;0;388,00;10,03;7518;1,66;0
2024-08-11;CAMP005;Retargeting | Visitantes Site;CONVERSIONS;AS007;Visitantes 7 dias | Retargeting;AD009;Imagem_Retargeting_Desconto_v1;Image;Retargeting;facebook;11190;209;48,96;0,23;4,38;1,876;8;0;776,00;15,85;7578;1,21;0
2024-08-12;CAMP005;Retargeting | Visitantes Site;CONVERSIONS;AS007;Visitantes 7 dias | Retargeting;AD009;Imagem_Retargeting_Desconto_v1;Image;Retargeting;instagram;7290;125;36,25;0,29;4,97;1,720;3;0;291,00;8,03;5368;1,13;0
2024-08-13;CAMP005;Retargeting | Visitantes Site;CONVERSIONS;AS007;Visitantes 7 dias | Retargeting;AD009;Imagem_Retargeting_Desconto_v1;Image;Retargeting;facebook;9542;186;32,66;0,18;3,42;1,952;5;0;485,00;14,85;7790;1,68;0
2024-08-14;CAMP005;Retargeting | Visitantes Site;CONVERSIONS;AS007;Visitantes 7 dias | Retargeting;AD009;Imagem_Retargeting_Desconto_v1;Image;Retargeting;facebook;7127;117;37,76;0,32;5,30;1,644;3;0;291,00;7,71;5676;1,60;0
2024-08-15;CAMP005;Retargeting | Visitantes Site;CONVERSIONS;AS007;Visitantes 7 dias | Retargeting;AD009;Imagem_Retargeting_Desconto_v1;Image;Retargeting;facebook;7064;118;32,48;0,28;4,60;1,682;3;0;291,00;8,96;5675;1,41;0
2024-08-16;CAMP005;Retargeting | Visitantes Site;CONVERSIONS;AS007;Visitantes 7 dias | Retargeting;AD009;Imagem_Retargeting_Desconto_v1;Image;Retargeting;facebook;8347;147;37,82;0,26;4,53;1,762;4;0;388,00;10,26;6261;1,24;0
2024-08-17;CAMP005;Retargeting | Visitantes Site;CONVERSIONS;AS007;Visitantes 7 dias | Retargeting;AD009;Imagem_Retargeting_Desconto_v1;Image;Retargeting;instagram;10672;169;39,25;0,23;3,68;1,586;5;0;985,00;25,10;7377;1,36;0
2024-08-18;CAMP005;Retargeting | Visitantes Site;CONVERSIONS;AS007;Visitantes 7 dias | Retargeting;AD009;Imagem_Retargeting_Desconto_v1;Image;Retargeting;facebook;10841;206;35,21;0,17;3,25;1,908;7;0;1379,00;39,17;7695;1,47;0
2024-08-19;CAMP005;Retargeting | Visitantes Site;CONVERSIONS;AS007;Visitantes 7 dias | Retargeting;AD009;Imagem_Retargeting_Desconto_v1;Image;Retargeting;facebook;9142;177;39,95;0,23;4,37;1,943;5;0;485,00;12,14;7674;1,31;0
2024-08-20;CAMP005;Retargeting | Visitantes Site;CONVERSIONS;AS007;Visitantes 7 dias | Retargeting;AD009;Imagem_Retargeting_Desconto_v1;Image;Retargeting;instagram;10088;162;43,20;0,27;4,28;1,613;5;0;985,00;22,80;8088;1,66;0
2024-08-21;CAMP005;Retargeting | Visitantes Site;CONVERSIONS;AS007;Visitantes 7 dias | Retargeting;AD009;Imagem_Retargeting_Desconto_v1;Image;Retargeting;instagram;9879;169;40,73;0,24;4,12;1,714;5;0;985,00;24,18;8029;1,24;0
2024-08-22;CAMP005;Retargeting | Visitantes Site;CONVERSIONS;AS007;Visitantes 7 dias | Retargeting;AD009;Imagem_Retargeting_Desconto_v1;Image;Retargeting;instagram;8540;170;42,62;0,25;4,99;1,994;6;0;1182,00;27,73;6661;1,36;0
2024-08-23;CAMP005;Retargeting | Visitantes Site;CONVERSIONS;AS007;Visitantes 7 dias | Retargeting;AD009;Imagem_Retargeting_Desconto_v1;Image;Retargeting;facebook;9070;159;38,42;0,24;4,24;1,760;6;0;1182,00;30,77;6459;1,54;0
2024-08-24;CAMP005;Retargeting | Visitantes Site;CONVERSIONS;AS007;Visitantes 7 dias | Retargeting;AD009;Imagem_Retargeting_Desconto_v1;Image;Retargeting;facebook;12822;235;45,70;0,19;3,56;1,840;7;0;1379,00;30,18;9941;1,39;0
2024-08-25;CAMP005;Retargeting | Visitantes Site;CONVERSIONS;AS007;Visitantes 7 dias | Retargeting;AD009;Imagem_Retargeting_Desconto_v1;Image;Retargeting;instagram;11173;207;42,30;0,20;3,79;1,854;8;0;1576,00;37,26;8200;1,27;0
2024-08-26;CAMP005;Retargeting | Visitantes Site;CONVERSIONS;AS007;Visitantes 7 dias | Retargeting;AD009;Imagem_Retargeting_Desconto_v1;Image;Retargeting;instagram;8756;154;37,26;0,24;4,26;1,762;4;0;388,00;10,41;6709;1,29;0
2024-08-27;CAMP005;Retargeting | Visitantes Site;CONVERSIONS;AS007;Visitantes 7 dias | Retargeting;AD009;Imagem_Retargeting_Desconto_v1;Image;Retargeting;facebook;9411;175;36,13;0,21;3,84;1,868;5;0;985,00;27,26;6383;1,60;0
2024-08-28;CAMP005;Retargeting | Visitantes Site;CONVERSIONS;AS007;Visitantes 7 dias | Retargeting;AD009;Imagem_Retargeting_Desconto_v1;Image;Retargeting;instagram;8970;143;41,40;0,29;4,62;1,597;4;0;388,00;9,37;6015;1,39;0
2024-08-29;CAMP005;Retargeting | Visitantes Site;CONVERSIONS;AS007;Visitantes 7 dias | Retargeting;AD009;Imagem_Retargeting_Desconto_v1;Image;Retargeting;facebook;10948;186;44,14;0,24;4,03;1,702;6;0;1182,00;26,78;8321;1,66;0
2024-08-30;CAMP005;Retargeting | Visitantes Site;CONVERSIONS;AS007;Visitantes 7 dias | Retargeting;AD009;Imagem_Retargeting_Desconto_v1;Image;Retargeting;instagram;8980;180;31,66;0,18;3,53;2,007;7;0;1379,00;43,56;7192;1,56;0
2024-08-31;CAMP005;Retargeting | Visitantes Site;CONVERSIONS;AS007;Visitantes 7 dias | Retargeting;AD009;Imagem_Retargeting_Desconto_v1;Image;Retargeting;instagram;8490;161;44,74;0,28;5,27;1,907;6;0;582,00;13,01;6129;1,34;0
2024-09-01;CAMP005;Retargeting | Visitantes Site;CONVERSIONS;AS007;Visitantes 7 dias | Retargeting;AD009;Imagem_Retargeting_Desconto_v1;Image;Retargeting;instagram;10460;171;37,67;0,22;3,60;1,644;7;0;1379,00;36,61;8448;1,13;0
2024-09-02;CAMP005;Retargeting | Visitantes Site;CONVERSIONS;AS007;Visitantes 7 dias | Retargeting;AD009;Imagem_Retargeting_Desconto_v1;Image;Retargeting;instagram;8678;144;37,94;0,26;4,37;1,662;4;0;788,00;20,77;5865;1,52;0
2024-09-03;CAMP005;Retargeting | Visitantes Site;CONVERSIONS;AS007;Visitantes 7 dias | Retargeting;AD009;Imagem_Retargeting_Desconto_v1;Image;Retargeting;facebook;9353;170;39,49;0,23;4,22;1,822;5;0;485,00;12,28;6349;1,46;0
2024-09-04;CAMP005;Retargeting | Visitantes Site;CONVERSIONS;AS007;Visitantes 7 dias | Retargeting;AD009;Imagem_Retargeting_Desconto_v1;Image;Retargeting;instagram;7924;129;38,29;0,30;4,83;1,633;5;0;485,00;12,67;6273;1,44;0
2024-09-05;CAMP005;Retargeting | Visitantes Site;CONVERSIONS;AS007;Visitantes 7 dias | Retargeting;AD009;Imagem_Retargeting_Desconto_v1;Image;Retargeting;facebook;8130;162;32,14;0,20;3,95;2,004;5;0;985,00;30,65;6766;1,59;0
2024-09-06;CAMP005;Retargeting | Visitantes Site;CONVERSIONS;AS007;Visitantes 7 dias | Retargeting;AD009;Imagem_Retargeting_Desconto_v1;Image;Retargeting;facebook;8991;163;39,43;0,24;4,39;1,820;6;0;582,00;14,76;7333;1,53;0
2024-09-07;CAMP005;Retargeting | Visitantes Site;CONVERSIONS;AS007;Visitantes 7 dias | Retargeting;AD009;Imagem_Retargeting_Desconto_v1;Image;Retargeting;facebook;7689;139;39,94;0,29;5,19;1,819;4;0;388,00;9,71;6142;1,67;0
2024-09-08;CAMP005;Retargeting | Visitantes Site;CONVERSIONS;AS007;Visitantes 7 dias | Retargeting;AD009;Imagem_Retargeting_Desconto_v1;Image;Retargeting;facebook;8774;173;34,84;0,20;3,97;1,978;5;0;985,00;28,27;6429;1,60;0
2024-09-09;CAMP005;Retargeting | Visitantes Site;CONVERSIONS;AS007;Visitantes 7 dias | Retargeting;AD009;Imagem_Retargeting_Desconto_v1;Image;Retargeting;facebook;7963;146;42,61;0,29;5,35;1,844;4;0;388,00;9,11;5625;1,19;0
2024-09-10;CAMP005;Retargeting | Visitantes Site;CONVERSIONS;AS007;Visitantes 7 dias | Retargeting;AD009;Imagem_Retargeting_Desconto_v1;Image;Retargeting;instagram;11029;182;39,92;0,22;3,62;1,651;5;0;985,00;24,67;7400;1,23;0
2024-09-11;CAMP005;Retargeting | Visitantes Site;CONVERSIONS;AS007;Visitantes 7 dias | Retargeting;AD009;Imagem_Retargeting_Desconto_v1;Image;Retargeting;instagram;9673;192;41,59;0,22;4,30;1,985;5;0;985,00;23,68;7754;1,15;0
2024-09-12;CAMP005;Retargeting | Visitantes Site;CONVERSIONS;AS007;Visitantes 7 dias | Retargeting;AD009;Imagem_Retargeting_Desconto_v1;Image;Retargeting;instagram;7876;131;34,91;0,27;4,43;1,672;3;0;291,00;8,34;6511;1,45;0
2024-09-13;CAMP005;Retargeting | Visitantes Site;CONVERSIONS;AS007;Visitantes 7 dias | Retargeting;AD009;Imagem_Retargeting_Desconto_v1;Image;Retargeting;facebook;11088;217;41,26;0,19;3,72;1,959;6;0;582,00;14,11;7582;1,28;0
2024-09-14;CAMP005;Retargeting | Visitantes Site;CONVERSIONS;AS007;Visitantes 7 dias | Retargeting;AD009;Imagem_Retargeting_Desconto_v1;Image;Retargeting;instagram;10821;194;39,15;0,20;3,62;1,793;7;0;679,00;17,34;8795;1,66;0
2024-09-15;CAMP005;Retargeting | Visitantes Site;CONVERSIONS;AS007;Visitantes 7 dias | Retargeting;AD009;Imagem_Retargeting_Desconto_v1;Image;Retargeting;instagram;9760;157;38,11;0,24;3,90;1,615;5;0;485,00;12,73;6971;1,14;0
2024-09-16;CAMP005;Retargeting | Visitantes Site;CONVERSIONS;AS007;Visitantes 7 dias | Retargeting;AD009;Imagem_Retargeting_Desconto_v1;Image;Retargeting;instagram;10271;207;45,96;0,22;4,47;2,015;6;0;582,00;12,66;8400;1,19;0
2024-09-17;CAMP005;Retargeting | Visitantes Site;CONVERSIONS;AS007;Visitantes 7 dias | Retargeting;AD009;Imagem_Retargeting_Desconto_v1;Image;Retargeting;facebook;7791;125;32,39;0,26;4,16;1,606;4;0;788,00;24,33;5686;1,66;0
2024-09-18;CAMP005;Retargeting | Visitantes Site;CONVERSIONS;AS007;Visitantes 7 dias | Retargeting;AD009;Imagem_Retargeting_Desconto_v1;Image;Retargeting;facebook;7472;128;34,79;0,27;4,66;1,724;4;0;788,00;22,65;4934;1,53;0
2024-09-19;CAMP005;Retargeting | Visitantes Site;CONVERSIONS;AS007;Visitantes 7 dias | Retargeting;AD009;Imagem_Retargeting_Desconto_v1;Image;Retargeting;instagram;8753;165;35,74;0,22;4,08;1,890;5;0;985,00;27,56;6448;1,41;0
2024-09-20;CAMP005;Retargeting | Visitantes Site;CONVERSIONS;AS007;Visitantes 7 dias | Retargeting;AD009;Imagem_Retargeting_Desconto_v1;Image;Retargeting;instagram;10202;204;40,58;0,20;3,98;2,008;5;0;485,00;11,95;7527;1,45;0
2024-09-21;CAMP005;Retargeting | Visitantes Site;CONVERSIONS;AS007;Visitantes 7 dias | Retargeting;AD009;Imagem_Retargeting_Desconto_v1;Image;Retargeting;facebook;9859;189;39,67;0,21;4,02;1,920;6;0;582,00;14,67;7302;1,60;0
2024-09-22;CAMP005;Retargeting | Visitantes Site;CONVERSIONS;AS007;Visitantes 7 dias | Retargeting;AD009;Imagem_Retargeting_Desconto_v1;Image;Retargeting;facebook;9845;183;40,89;0,22;4,15;1,866;6;0;582,00;14,23;7341;1,27;0
2024-09-23;CAMP005;Retargeting | Visitantes Site;CONVERSIONS;AS007;Visitantes 7 dias | Retargeting;AD009;Imagem_Retargeting_Desconto_v1;Image;Retargeting;instagram;8220;139;41,68;0,30;5,07;1,703;5;0;485,00;11,64;6178;1,67;0
2024-09-24;CAMP005;Retargeting | Visitantes Site;CONVERSIONS;AS007;Visitantes 7 dias | Retargeting;AD009;Imagem_Retargeting_Desconto_v1;Image;Retargeting;facebook;8797;165;38,17;0,23;4,34;1,887;5;0;485,00;12,71;7339;1,61;0
2024-09-25;CAMP005;Retargeting | Visitantes Site;CONVERSIONS;AS007;Visitantes 7 dias | Retargeting;AD009;Imagem_Retargeting_Desconto_v1;Image;Retargeting;facebook;9635;163;38,57;0,24;4,00;1,701;6;0;582,00;15,09;6372;1,39;0
2024-09-26;CAMP005;Retargeting | Visitantes Site;CONVERSIONS;AS007;Visitantes 7 dias | Retargeting;AD009;Imagem_Retargeting_Desconto_v1;Image;Retargeting;facebook;7931;155;34,38;0,22;4,34;1,960;5;0;485,00;14,11;5492;1,25;0
2024-09-27;CAMP005;Retargeting | Visitantes Site;CONVERSIONS;AS007;Visitantes 7 dias | Retargeting;AD009;Imagem_Retargeting_Desconto_v1;Image;Retargeting;instagram;8238;161;38,92;0,24;4,72;1,958;5;0;985,00;25,31;5484;1,68;0
2024-09-28;CAMP005;Retargeting | Visitantes Site;CONVERSIONS;AS007;Visitantes 7 dias | Retargeting;AD009;Imagem_Retargeting_Desconto_v1;Image;Retargeting;facebook;7843;144;37,98;0,26;4,84;1,846;4;0;788,00;20,75;6170;1,62;0
2024-09-29;CAMP005;Retargeting | Visitantes Site;CONVERSIONS;AS007;Visitantes 7 dias | Retargeting;AD009;Imagem_Retargeting_Desconto_v1;Image;Retargeting;facebook;8950;171;50,98;0,30;5,70;1,918;5;0;985,00;19,32;7141;1,64;0
2024-09-30;CAMP005;Retargeting | Visitantes Site;CONVERSIONS;AS007;Visitantes 7 dias | Retargeting;AD009;Imagem_Retargeting_Desconto_v1;Image;Retargeting;facebook;8112;143;41,69;0,29;5,14;1,773;4;0;788,00;18,90;6228;1,66;0
2024-10-01;CAMP005;Retargeting | Visitantes Site;CONVERSIONS;AS007;Visitantes 7 dias | Retargeting;AD009;Imagem_Retargeting_Desconto_v1;Image;Retargeting;instagram;7220;140;39,24;0,28;5,44;1,952;3;0;591,00;15,06;5947;1,18;0
2024-10-02;CAMP005;Retargeting | Visitantes Site;CONVERSIONS;AS007;Visitantes 7 dias | Retargeting;AD009;Imagem_Retargeting_Desconto_v1;Image;Retargeting;instagram;8354;163;42,32;0,26;5,07;1,961;4;0;388,00;9,17;5946;1,64;0
2024-10-03;CAMP005;Retargeting | Visitantes Site;CONVERSIONS;AS007;Visitantes 7 dias | Retargeting;AD009;Imagem_Retargeting_Desconto_v1;Image;Retargeting;facebook;9801;160;43,38;0,27;4,43;1,640;4;0;388,00;8,94;6508;1,48;0
2024-10-04;CAMP005;Retargeting | Visitantes Site;CONVERSIONS;AS007;Visitantes 7 dias | Retargeting;AD009;Imagem_Retargeting_Desconto_v1;Image;Retargeting;facebook;8751;165;37,10;0,22;4,24;1,891;4;0;388,00;10,46;6827;1,38;0
2024-10-05;CAMP005;Retargeting | Visitantes Site;CONVERSIONS;AS007;Visitantes 7 dias | Retargeting;AD009;Imagem_Retargeting_Desconto_v1;Image;Retargeting;instagram;10516;186;42,74;0,23;4,06;1,776;7;0;679,00;15,89;8069;1,58;0
2024-10-06;CAMP005;Retargeting | Visitantes Site;CONVERSIONS;AS007;Visitantes 7 dias | Retargeting;AD009;Imagem_Retargeting_Desconto_v1;Image;Retargeting;facebook;10082;199;42,27;0,21;4,19;1,979;7;0;1379,00;32,62;7642;1,51;0
2024-10-07;CAMP005;Retargeting | Visitantes Site;CONVERSIONS;AS007;Visitantes 7 dias | Retargeting;AD009;Imagem_Retargeting_Desconto_v1;Image;Retargeting;instagram;9318;171;40,09;0,23;4,30;1,844;5;0;485,00;12,10;7649;1,51;0
2024-10-08;CAMP005;Retargeting | Visitantes Site;CONVERSIONS;AS007;Visitantes 7 dias | Retargeting;AD009;Imagem_Retargeting_Desconto_v1;Image;Retargeting;facebook;10070;191;38,23;0,20;3,80;1,898;6;0;1182,00;30,92;7466;1,38;0
2024-10-09;CAMP005;Retargeting | Visitantes Site;CONVERSIONS;AS007;Visitantes 7 dias | Retargeting;AD009;Imagem_Retargeting_Desconto_v1;Image;Retargeting;facebook;7406;121;36,17;0,30;4,88;1,646;4;0;388,00;10,73;5286;1,35;0
2024-10-10;CAMP005;Retargeting | Visitantes Site;CONVERSIONS;AS007;Visitantes 7 dias | Retargeting;AD009;Imagem_Retargeting_Desconto_v1;Image;Retargeting;facebook;7710;139;44,34;0,32;5,75;1,805;4;0;788,00;17,77;5976;1,46;0
2024-10-11;CAMP005;Retargeting | Visitantes Site;CONVERSIONS;AS007;Visitantes 7 dias | Retargeting;AD009;Imagem_Retargeting_Desconto_v1;Image;Retargeting;facebook;8478;152;45,27;0,30;5,34;1,800;6;0;1182,00;26,11;6406;1,57;0
2024-10-12;CAMP005;Retargeting | Visitantes Site;CONVERSIONS;AS007;Visitantes 7 dias | Retargeting;AD009;Imagem_Retargeting_Desconto_v1;Image;Retargeting;instagram;8378;140;42,24;0,30;5,04;1,676;4;0;388,00;9,19;6599;1,27;0
2024-10-13;CAMP005;Retargeting | Visitantes Site;CONVERSIONS;AS007;Visitantes 7 dias | Retargeting;AD009;Imagem_Retargeting_Desconto_v1;Image;Retargeting;instagram;9972;175;45,50;0,26;4,56;1,756;5;0;985,00;21,65;8099;1,30;0
2024-10-14;CAMP005;Retargeting | Visitantes Site;CONVERSIONS;AS007;Visitantes 7 dias | Retargeting;AD009;Imagem_Retargeting_Desconto_v1;Image;Retargeting;instagram;6742;130;39,99;0,31;5,93;1,933;3;0;591,00;14,78;4524;1,21;0
2024-10-15;CAMP005;Retargeting | Visitantes Site;CONVERSIONS;AS007;Visitantes 7 dias | Retargeting;AD009;Imagem_Retargeting_Desconto_v1;Image;Retargeting;facebook;9164;158;45,14;0,29;4,93;1,730;5;0;985,00;21,82;7447;1,22;0
2024-10-16;CAMP005;Retargeting | Visitantes Site;CONVERSIONS;AS007;Visitantes 7 dias | Retargeting;AD009;Imagem_Retargeting_Desconto_v1;Image;Retargeting;instagram;9426;158;37,76;0,24;4,01;1,682;5;0;485,00;12,84;6533;1,46;0
2024-10-17;CAMP005;Retargeting | Visitantes Site;CONVERSIONS;AS007;Visitantes 7 dias | Retargeting;AD009;Imagem_Retargeting_Desconto_v1;Image;Retargeting;facebook;9327;167;39,28;0,24;4,21;1,794;6;0;582,00;14,82;6662;1,58;0
2024-10-18;CAMP005;Retargeting | Visitantes Site;CONVERSIONS;AS007;Visitantes 7 dias | Retargeting;AD009;Imagem_Retargeting_Desconto_v1;Image;Retargeting;instagram;9554;166;42,05;0,25;4,40;1,739;5;0;485,00;11,53;7344;1,62;0
2024-10-19;CAMP005;Retargeting | Visitantes Site;CONVERSIONS;AS007;Visitantes 7 dias | Retargeting;AD009;Imagem_Retargeting_Desconto_v1;Image;Retargeting;facebook;10539;172;39,99;0,23;3,79;1,639;5;0;485,00;12,13;8547;1,66;0
2024-10-20;CAMP005;Retargeting | Visitantes Site;CONVERSIONS;AS007;Visitantes 7 dias | Retargeting;AD009;Imagem_Retargeting_Desconto_v1;Image;Retargeting;facebook;9642;186;46,97;0,25;4,87;1,939;5;0;485,00;10,33;7529;1,15;0
2024-10-21;CAMP005;Retargeting | Visitantes Site;CONVERSIONS;AS007;Visitantes 7 dias | Retargeting;AD009;Imagem_Retargeting_Desconto_v1;Image;Retargeting;facebook;8591;159;32,54;0,20;3,79;1,851;5;0;985,00;30,27;5673;1,17;0
2024-10-22;CAMP005;Retargeting | Visitantes Site;CONVERSIONS;AS007;Visitantes 7 dias | Retargeting;AD009;Imagem_Retargeting_Desconto_v1;Image;Retargeting;instagram;8207;133;39,03;0,29;4,76;1,627;3;0;591,00;15,14;6450;1,33;0
2024-10-23;CAMP005;Retargeting | Visitantes Site;CONVERSIONS;AS007;Visitantes 7 dias | Retargeting;AD009;Imagem_Retargeting_Desconto_v1;Image;Retargeting;instagram;8602;136;35,94;0,26;4,18;1,585;4;0;388,00;10,80;6906;1,25;0
2024-10-24;CAMP005;Retargeting | Visitantes Site;CONVERSIONS;AS007;Visitantes 7 dias | Retargeting;AD009;Imagem_Retargeting_Desconto_v1;Image;Retargeting;facebook;9158;148;39,93;0,27;4,36;1,620;4;0;788,00;19,73;6513;1,38;0
2024-10-25;CAMP005;Retargeting | Visitantes Site;CONVERSIONS;AS007;Visitantes 7 dias | Retargeting;AD009;Imagem_Retargeting_Desconto_v1;Image;Retargeting;instagram;8091;128;35,71;0,28;4,41;1,590;4;0;788,00;22,07;5625;1,65;0
2024-10-26;CAMP005;Retargeting | Visitantes Site;CONVERSIONS;AS007;Visitantes 7 dias | Retargeting;AD009;Imagem_Retargeting_Desconto_v1;Image;Retargeting;instagram;13228;265;46,11;0,17;3,49;2,005;9;0;1773,00;38,45;8869;1,52;0
2024-10-27;CAMP005;Retargeting | Visitantes Site;CONVERSIONS;AS007;Visitantes 7 dias | Retargeting;AD009;Imagem_Retargeting_Desconto_v1;Image;Retargeting;instagram;9891;162;38,99;0,24;3,94;1,638;6;0;582,00;14,93;7376;1,43;0
2024-10-28;CAMP005;Retargeting | Visitantes Site;CONVERSIONS;AS007;Visitantes 7 dias | Retargeting;AD009;Imagem_Retargeting_Desconto_v1;Image;Retargeting;instagram;9235;152;36,06;0,24;3,91;1,651;4;0;388,00;10,76;6135;1,34;0
2024-10-29;CAMP005;Retargeting | Visitantes Site;CONVERSIONS;AS007;Visitantes 7 dias | Retargeting;AD009;Imagem_Retargeting_Desconto_v1;Image;Retargeting;instagram;9045;148;38,82;0,26;4,29;1,643;4;0;788,00;20,30;6923;1,19;0
2024-10-30;CAMP005;Retargeting | Visitantes Site;CONVERSIONS;AS007;Visitantes 7 dias | Retargeting;AD009;Imagem_Retargeting_Desconto_v1;Image;Retargeting;instagram;7337;125;35,31;0,28;4,81;1,707;4;0;788,00;22,32;4953;1,24;0
2024-10-31;CAMP005;Retargeting | Visitantes Site;CONVERSIONS;AS007;Visitantes 7 dias | Retargeting;AD009;Imagem_Retargeting_Desconto_v1;Image;Retargeting;facebook;6931;110;32,92;0,30;4,75;1,596;4;0;788,00;23,94;5285;1,58;0
2024-11-01;CAMP005;Retargeting | Visitantes Site;CONVERSIONS;AS007;Visitantes 7 dias | Retargeting;AD009;Imagem_Retargeting_Desconto_v1;Image;Retargeting;instagram;19838;373;75,08;0,20;3,78;1,885;18;0;3546,00;47,23;14449;1,36;0
2024-11-02;CAMP005;Retargeting | Visitantes Site;CONVERSIONS;AS007;Visitantes 7 dias | Retargeting;AD009;Imagem_Retargeting_Desconto_v1;Image;Retargeting;instagram;22134;375;75,91;0,20;3,43;1,695;20;0;1940,00;25,56;16252;1,57;0
2024-11-03;CAMP005;Retargeting | Visitantes Site;CONVERSIONS;AS007;Visitantes 7 dias | Retargeting;AD009;Imagem_Retargeting_Desconto_v1;Image;Retargeting;facebook;21900;396;78,99;0,20;3,61;1,810;18;0;1746,00;22,10;17664;1,56;0
2024-11-04;CAMP005;Retargeting | Visitantes Site;CONVERSIONS;AS007;Visitantes 7 dias | Retargeting;AD009;Imagem_Retargeting_Desconto_v1;Image;Retargeting;instagram;18068;319;88,98;0,28;4,92;1,770;20;0;1940,00;21,80;12131;1,61;0
2024-11-05;CAMP005;Retargeting | Visitantes Site;CONVERSIONS;AS007;Visitantes 7 dias | Retargeting;AD009;Imagem_Retargeting_Desconto_v1;Image;Retargeting;instagram;15913;267;93,74;0,35;5,89;1,679;16;0;1552,00;16,56;12429;1,39;0
2024-11-06;CAMP005;Retargeting | Visitantes Site;CONVERSIONS;AS007;Visitantes 7 dias | Retargeting;AD009;Imagem_Retargeting_Desconto_v1;Image;Retargeting;facebook;25003;424;106,33;0,25;4,25;1,696;23;0;4531,00;42,61;17243;1,45;0
2024-11-07;CAMP005;Retargeting | Visitantes Site;CONVERSIONS;AS007;Visitantes 7 dias | Retargeting;AD009;Imagem_Retargeting_Desconto_v1;Image;Retargeting;instagram;29294;466;126,65;0,27;4,32;1,593;25;0;2425,00;19,15;22384;1,30;0
2024-11-08;CAMP005;Retargeting | Visitantes Site;CONVERSIONS;AS007;Visitantes 7 dias | Retargeting;AD009;Imagem_Retargeting_Desconto_v1;Image;Retargeting;facebook;28885;564;147,73;0,26;5,11;1,955;27;0;2619,00;17,73;22967;1,61;0
2024-11-09;CAMP005;Retargeting | Visitantes Site;CONVERSIONS;AS007;Visitantes 7 dias | Retargeting;AD009;Imagem_Retargeting_Desconto_v1;Image;Retargeting;facebook;33661;640;160,74;0,25;4,78;1,904;38;0;7486,00;46,57;23775;1,45;0
2024-11-10;CAMP005;Retargeting | Visitantes Site;CONVERSIONS;AS007;Visitantes 7 dias | Retargeting;AD009;Imagem_Retargeting_Desconto_v1;Image;Retargeting;facebook;38379;657;163,28;0,25;4,25;1,714;42;0;8274,00;50,67;26348;1,62;0
2024-11-11;CAMP005;Retargeting | Visitantes Site;CONVERSIONS;AS007;Visitantes 7 dias | Retargeting;AD009;Imagem_Retargeting_Desconto_v1;Image;Retargeting;instagram;39788;748;166,45;0,22;4,18;1,882;47;0;4559,00;27,39;33224;1,28;0
2024-11-12;CAMP005;Retargeting | Visitantes Site;CONVERSIONS;AS007;Visitantes 7 dias | Retargeting;AD009;Imagem_Retargeting_Desconto_v1;Image;Retargeting;facebook;45115;883;177,21;0,20;3,93;1,957;45;0;4365,00;24,63;31645;1,38;0
2024-11-13;CAMP005;Retargeting | Visitantes Site;CONVERSIONS;AS007;Visitantes 7 dias | Retargeting;AD009;Imagem_Retargeting_Desconto_v1;Image;Retargeting;facebook;34642;674;191,02;0,28;5,51;1,947;44;0;4268,00;22,34;25636;1,55;0
2024-11-14;CAMP005;Retargeting | Visitantes Site;CONVERSIONS;AS007;Visitantes 7 dias | Retargeting;AD009;Imagem_Retargeting_Desconto_v1;Image;Retargeting;instagram;35087;662;204,01;0,31;5,81;1,888;34;0;6698,00;32,83;23231;1,39;0
2024-11-15;CAMP005;Retargeting | Visitantes Site;CONVERSIONS;AS007;Visitantes 7 dias | Retargeting;AD009;Imagem_Retargeting_Desconto_v1;Image;Retargeting;facebook;45159;868;193,45;0,22;4,28;1,923;54;0;10638,00;54,99;30352;1,23;0
2024-11-16;CAMP005;Retargeting | Visitantes Site;CONVERSIONS;AS007;Visitantes 7 dias | Retargeting;AD009;Imagem_Retargeting_Desconto_v1;Image;Retargeting;instagram;41286;803;187,11;0,23;4,53;1,947;52;0;10244,00;54,75;28188;1,40;0
2024-11-17;CAMP005;Retargeting | Visitantes Site;CONVERSIONS;AS007;Visitantes 7 dias | Retargeting;AD009;Imagem_Retargeting_Desconto_v1;Image;Retargeting;instagram;55356;1114;183,54;0,16;3,32;2,013;55;0;10835,00;59,03;36763;1,50;0
2024-11-18;CAMP005;Retargeting | Visitantes Site;CONVERSIONS;AS007;Visitantes 7 dias | Retargeting;AD009;Imagem_Retargeting_Desconto_v1;Image;Retargeting;instagram;40665;715;187,34;0,26;4,61;1,759;43;0;4171,00;22,26;26902;1,51;0
2024-11-19;CAMP005;Retargeting | Visitantes Site;CONVERSIONS;AS007;Visitantes 7 dias | Retargeting;AD009;Imagem_Retargeting_Desconto_v1;Image;Retargeting;instagram;39256;695;146,59;0,21;3,73;1,772;45;0;4365,00;29,78;32390;1,13;0
2024-11-20;CAMP005;Retargeting | Visitantes Site;CONVERSIONS;AS007;Visitantes 7 dias | Retargeting;AD009;Imagem_Retargeting_Desconto_v1;Image;Retargeting;facebook;31266;514;151,56;0,29;4,85;1,647;30;0;2910,00;19,20;22741;1,63;0
2024-11-21;CAMP005;Retargeting | Visitantes Site;CONVERSIONS;AS007;Visitantes 7 dias | Retargeting;AD009;Imagem_Retargeting_Desconto_v1;Image;Retargeting;facebook;43341;854;129,04;0,15;2,98;1,972;43;0;4171,00;32,32;32824;1,39;0
2024-11-22;CAMP005;Retargeting | Visitantes Site;CONVERSIONS;AS007;Visitantes 7 dias | Retargeting;AD009;Imagem_Retargeting_Desconto_v1;Image;Retargeting;facebook;31186;596;109,30;0,18;3,50;1,911;36;0;7092,00;64,89;20926;1,26;0
2024-11-23;CAMP005;Retargeting | Visitantes Site;CONVERSIONS;AS007;Visitantes 7 dias | Retargeting;AD009;Imagem_Retargeting_Desconto_v1;Image;Retargeting;facebook;19211;346;94,93;0,27;4,94;1,804;16;0;1552,00;16,35;14485;1,59;0
2024-11-24;CAMP005;Retargeting | Visitantes Site;CONVERSIONS;AS007;Visitantes 7 dias | Retargeting;AD009;Imagem_Retargeting_Desconto_v1;Image;Retargeting;facebook;22234;396;103,00;0,26;4,63;1,782;20;0;1940,00;18,83;15087;1,23;0
2024-11-25;CAMP005;Retargeting | Visitantes Site;CONVERSIONS;AS007;Visitantes 7 dias | Retargeting;AD009;Imagem_Retargeting_Desconto_v1;Image;Retargeting;facebook;24010;430;89,34;0,21;3,72;1,794;27;0;5319,00;59,54;16515;1,14;0
2024-11-26;CAMP005;Retargeting | Visitantes Site;CONVERSIONS;AS007;Visitantes 7 dias | Retargeting;AD009;Imagem_Retargeting_Desconto_v1;Image;Retargeting;facebook;21217;384;94,74;0,25;4,47;1,812;22;0;2134,00;22,52;15668;1,39;0
2024-11-27;CAMP005;Retargeting | Visitantes Site;CONVERSIONS;AS007;Visitantes 7 dias | Retargeting;AD009;Imagem_Retargeting_Desconto_v1;Image;Retargeting;instagram;17044;308;84,33;0,27;4,95;1,807;16;0;1552,00;18,40;13784;1,44;0
2024-11-28;CAMP005;Retargeting | Visitantes Site;CONVERSIONS;AS007;Visitantes 7 dias | Retargeting;AD009;Imagem_Retargeting_Desconto_v1;Image;Retargeting;facebook;17931;335;79,11;0,24;4,41;1,871;16;0;1552,00;19,62;14156;1,39;0
2024-11-29;CAMP005;Retargeting | Visitantes Site;CONVERSIONS;AS007;Visitantes 7 dias | Retargeting;AD009;Imagem_Retargeting_Desconto_v1;Image;Retargeting;instagram;20507;341;80,18;0,24;3,91;1,666;18;0;1746,00;21,78;14742;1,45;0
2024-11-30;CAMP005;Retargeting | Visitantes Site;CONVERSIONS;AS007;Visitantes 7 dias | Retargeting;AD009;Imagem_Retargeting_Desconto_v1;Image;Retargeting;instagram;18096;363;91,05;0,25;5,03;2,011;20;0;1940,00;21,31;13246;1,28;0
2024-12-01;CAMP005;Retargeting | Visitantes Site;CONVERSIONS;AS007;Visitantes 7 dias | Retargeting;AD009;Imagem_Retargeting_Desconto_v1;Image;Retargeting;instagram;9789;178;40,30;0,23;4,12;1,826;5;0;985,00;24,44;8097;1,42;0
2024-12-02;CAMP005;Retargeting | Visitantes Site;CONVERSIONS;AS007;Visitantes 7 dias | Retargeting;AD009;Imagem_Retargeting_Desconto_v1;Image;Retargeting;instagram;9837;193;34,85;0,18;3,54;1,962;5;0;485,00;13,92;6854;1,56;0
2024-12-03;CAMP005;Retargeting | Visitantes Site;CONVERSIONS;AS007;Visitantes 7 dias | Retargeting;AD009;Imagem_Retargeting_Desconto_v1;Image;Retargeting;facebook;9930;182;42,90;0,24;4,32;1,840;7;0;679,00;15,83;7694;1,26;0
2024-12-04;CAMP005;Retargeting | Visitantes Site;CONVERSIONS;AS007;Visitantes 7 dias | Retargeting;AD009;Imagem_Retargeting_Desconto_v1;Image;Retargeting;facebook;9983;180;39,37;0,22;3,94;1,808;7;0;1379,00;35,03;6596;1,18;0
2024-12-05;CAMP005;Retargeting | Visitantes Site;CONVERSIONS;AS007;Visitantes 7 dias | Retargeting;AD009;Imagem_Retargeting_Desconto_v1;Image;Retargeting;facebook;11778;233;35,87;0,15;3,05;1,980;9;0;873,00;24,34;9127;1,62;0
2024-12-06;CAMP005;Retargeting | Visitantes Site;CONVERSIONS;AS007;Visitantes 7 dias | Retargeting;AD009;Imagem_Retargeting_Desconto_v1;Image;Retargeting;facebook;9423;187;46,36;0,25;4,92;1,994;7;0;1379,00;29,75;6424;1,38;0
2024-12-07;CAMP005;Retargeting | Visitantes Site;CONVERSIONS;AS007;Visitantes 7 dias | Retargeting;AD009;Imagem_Retargeting_Desconto_v1;Image;Retargeting;facebook;9415;168;49,22;0,29;5,23;1,792;5;0;985,00;20,01;6228;1,23;0
2024-12-08;CAMP005;Retargeting | Visitantes Site;CONVERSIONS;AS007;Visitantes 7 dias | Retargeting;AD009;Imagem_Retargeting_Desconto_v1;Image;Retargeting;instagram;8434;164;44,42;0,27;5,27;1,954;4;0;788,00;17,74;5895;1,50;0
2024-12-09;CAMP005;Retargeting | Visitantes Site;CONVERSIONS;AS007;Visitantes 7 dias | Retargeting;AD009;Imagem_Retargeting_Desconto_v1;Image;Retargeting;instagram;8217;159;41,80;0,26;5,09;1,939;5;0;985,00;23,56;6805;1,17;0
2024-12-10;CAMP005;Retargeting | Visitantes Site;CONVERSIONS;AS007;Visitantes 7 dias | Retargeting;AD009;Imagem_Retargeting_Desconto_v1;Image;Retargeting;instagram;9938;187;40,72;0,22;4,10;1,891;6;0;1182,00;29,03;7286;1,35;0
2024-12-11;CAMP005;Retargeting | Visitantes Site;CONVERSIONS;AS007;Visitantes 7 dias | Retargeting;AD009;Imagem_Retargeting_Desconto_v1;Image;Retargeting;instagram;9004;151;36,02;0,24;4,00;1,685;4;0;788,00;21,88;6189;1,13;0
2024-12-12;CAMP005;Retargeting | Visitantes Site;CONVERSIONS;AS007;Visitantes 7 dias | Retargeting;AD009;Imagem_Retargeting_Desconto_v1;Image;Retargeting;facebook;12990;227;49,65;0,22;3,82;1,748;8;0;776,00;15,63;10811;1,56;0
2024-12-13;CAMP005;Retargeting | Visitantes Site;CONVERSIONS;AS007;Visitantes 7 dias | Retargeting;AD009;Imagem_Retargeting_Desconto_v1;Image;Retargeting;instagram;9994;168;39,50;0,24;3,95;1,689;6;0;582,00;14,73;7843;1,38;0
2024-12-14;CAMP005;Retargeting | Visitantes Site;CONVERSIONS;AS007;Visitantes 7 dias | Retargeting;AD009;Imagem_Retargeting_Desconto_v1;Image;Retargeting;instagram;8027;144;39,96;0,28;4,98;1,797;5;0;485,00;12,14;5351;1,17;0
2024-12-15;CAMP005;Retargeting | Visitantes Site;CONVERSIONS;AS007;Visitantes 7 dias | Retargeting;AD009;Imagem_Retargeting_Desconto_v1;Image;Retargeting;instagram;8347;137;50,09;0,37;6,00;1,649;3;0;291,00;5,81;6351;1,20;0
2024-12-16;CAMP005;Retargeting | Visitantes Site;CONVERSIONS;AS007;Visitantes 7 dias | Retargeting;AD009;Imagem_Retargeting_Desconto_v1;Image;Retargeting;instagram;11324;208;46,52;0,22;4,11;1,842;8;0;776,00;16,68;8508;1,24;0
2024-12-17;CAMP005;Retargeting | Visitantes Site;CONVERSIONS;AS007;Visitantes 7 dias | Retargeting;AD009;Imagem_Retargeting_Desconto_v1;Image;Retargeting;instagram;9996;162;43,33;0,27;4,33;1,631;5;0;985,00;22,73;7289;1,44;0
2024-12-18;CAMP005;Retargeting | Visitantes Site;CONVERSIONS;AS007;Visitantes 7 dias | Retargeting;AD009;Imagem_Retargeting_Desconto_v1;Image;Retargeting;facebook;12391;217;50,01;0,23;4,04;1,751;6;0;582,00;11,64;10133;1,57;0
2024-12-19;CAMP005;Retargeting | Visitantes Site;CONVERSIONS;AS007;Visitantes 7 dias | Retargeting;AD009;Imagem_Retargeting_Desconto_v1;Image;Retargeting;facebook;10134;189;33,16;0,18;3,27;1,868;6;0;582,00;17,55;7254;1,56;0
2024-12-20;CAMP005;Retargeting | Visitantes Site;CONVERSIONS;AS007;Visitantes 7 dias | Retargeting;AD009;Imagem_Retargeting_Desconto_v1;Image;Retargeting;facebook;9166;184;44,54;0,24;4,86;2,011;6;0;582,00;13,07;7387;1,28;0
2024-12-21;CAMP005;Retargeting | Visitantes Site;CONVERSIONS;AS007;Visitantes 7 dias | Retargeting;AD009;Imagem_Retargeting_Desconto_v1;Image;Retargeting;instagram;12176;213;40,96;0,19;3,36;1,753;6;0;1182,00;28,86;9767;1,49;0
2024-12-22;CAMP005;Retargeting | Visitantes Site;CONVERSIONS;AS007;Visitantes 7 dias | Retargeting;AD009;Imagem_Retargeting_Desconto_v1;Image;Retargeting;facebook;10264;171;40,71;0,24;3,97;1,674;5;0;485,00;11,91;8122;1,34;0
2024-12-23;CAMP005;Retargeting | Visitantes Site;CONVERSIONS;AS007;Visitantes 7 dias | Retargeting;AD009;Imagem_Retargeting_Desconto_v1;Image;Retargeting;facebook;10166;200;41,11;0,21;4,04;1,972;7;0;679,00;16,52;8195;1,33;0
2024-12-24;CAMP005;Retargeting | Visitantes Site;CONVERSIONS;AS007;Visitantes 7 dias | Retargeting;AD009;Imagem_Retargeting_Desconto_v1;Image;Retargeting;instagram;7102;128;37,06;0,29;5,22;1,811;4;0;388,00;10,47;5353;1,16;0
2024-12-25;CAMP005;Retargeting | Visitantes Site;CONVERSIONS;AS007;Visitantes 7 dias | Retargeting;AD009;Imagem_Retargeting_Desconto_v1;Image;Retargeting;instagram;10570;211;45,74;0,22;4,33;2,002;6;0;582,00;12,72;7098;1,31;0
2024-12-26;CAMP005;Retargeting | Visitantes Site;CONVERSIONS;AS007;Visitantes 7 dias | Retargeting;AD009;Imagem_Retargeting_Desconto_v1;Image;Retargeting;facebook;11843;190;41,89;0,22;3,54;1,606;7;0;679,00;16,21;9166;1,64;0
2024-12-27;CAMP005;Retargeting | Visitantes Site;CONVERSIONS;AS007;Visitantes 7 dias | Retargeting;AD009;Imagem_Retargeting_Desconto_v1;Image;Retargeting;facebook;7933;143;38,45;0,27;4,85;1,815;5;0;485,00;12,61;6198;1,20;0
2024-12-28;CAMP005;Retargeting | Visitantes Site;CONVERSIONS;AS007;Visitantes 7 dias | Retargeting;AD009;Imagem_Retargeting_Desconto_v1;Image;Retargeting;facebook;8812;161;47,34;0,29;5,37;1,831;6;0;1182,00;24,97;7198;1,55;0
2024-12-29;CAMP005;Retargeting | Visitantes Site;CONVERSIONS;AS007;Visitantes 7 dias | Retargeting;AD009;Imagem_Retargeting_Desconto_v1;Image;Retargeting;facebook;10991;178;52,89;0,30;4,81;1,622;7;0;679,00;12,84;7270;1,50;0
2024-12-30;CAMP005;Retargeting | Visitantes Site;CONVERSIONS;AS007;Visitantes 7 dias | Retargeting;AD009;Imagem_Retargeting_Desconto_v1;Image;Retargeting;facebook;8819;158;40,82;0,26;4,63;1,802;6;0;582,00;14,26;7006;1,43;0
2024-12-31;CAMP005;Retargeting | Visitantes Site;CONVERSIONS;AS007;Visitantes 7 dias | Retargeting;AD009;Imagem_Retargeting_Desconto_v1;Image;Retargeting;facebook;7647;145;41,17;0,28;5,38;1,901;4;0;388,00;9,42;5605;1,54;0
2025-01-01;CAMP005;Retargeting | Visitantes Site;CONVERSIONS;AS007;Visitantes 7 dias | Retargeting;AD009;Imagem_Retargeting_Desconto_v1;Image;Retargeting;facebook;10075;180;40,72;0,23;4,04;1,791;7;0;679,00;16,67;7391;1,49;0
2025-01-02;CAMP005;Retargeting | Visitantes Site;CONVERSIONS;AS007;Visitantes 7 dias | Retargeting;AD009;Imagem_Retargeting_Desconto_v1;Image;Retargeting;facebook;9828;156;39,72;0,25;4,04;1,595;5;0;985,00;24,80;7300;1,61;0
2025-01-03;CAMP005;Retargeting | Visitantes Site;CONVERSIONS;AS007;Visitantes 7 dias | Retargeting;AD009;Imagem_Retargeting_Desconto_v1;Image;Retargeting;facebook;8801;156;39,16;0,25;4,45;1,776;6;0;582,00;14,86;6517;1,44;0
2025-01-04;CAMP005;Retargeting | Visitantes Site;CONVERSIONS;AS007;Visitantes 7 dias | Retargeting;AD009;Imagem_Retargeting_Desconto_v1;Image;Retargeting;facebook;13441;223;41,91;0,19;3,12;1,665;9;0;873,00;20,83;10826;1,38;0
2025-01-05;CAMP005;Retargeting | Visitantes Site;CONVERSIONS;AS007;Visitantes 7 dias | Retargeting;AD009;Imagem_Retargeting_Desconto_v1;Image;Retargeting;instagram;8316;148;46,90;0,32;5,64;1,791;4;0;788,00;16,80;6057;1,67;0
2025-01-06;CAMP005;Retargeting | Visitantes Site;CONVERSIONS;AS007;Visitantes 7 dias | Retargeting;AD009;Imagem_Retargeting_Desconto_v1;Image;Retargeting;instagram;10475;199;34,99;0,18;3,34;1,905;5;0;485,00;13,86;7148;1,64;0
2025-01-07;CAMP005;Retargeting | Visitantes Site;CONVERSIONS;AS007;Visitantes 7 dias | Retargeting;AD009;Imagem_Retargeting_Desconto_v1;Image;Retargeting;facebook;11549;210;38,55;0,18;3,34;1,822;6;0;582,00;15,10;8849;1,65;0
2025-01-08;CAMP005;Retargeting | Visitantes Site;CONVERSIONS;AS007;Visitantes 7 dias | Retargeting;AD009;Imagem_Retargeting_Desconto_v1;Image;Retargeting;instagram;9480;172;48,44;0,28;5,11;1,815;5;0;485,00;10,01;7153;1,59;0
2025-01-09;CAMP005;Retargeting | Visitantes Site;CONVERSIONS;AS007;Visitantes 7 dias | Retargeting;AD009;Imagem_Retargeting_Desconto_v1;Image;Retargeting;facebook;9371;177;32,29;0,18;3,45;1,894;5;0;985,00;30,50;7066;1,45;0
2025-01-10;CAMP005;Retargeting | Visitantes Site;CONVERSIONS;AS007;Visitantes 7 dias | Retargeting;AD009;Imagem_Retargeting_Desconto_v1;Image;Retargeting;facebook;10586;213;41,61;0,20;3,93;2,013;7;0;679,00;16,32;7021;1,55;0
2025-01-11;CAMP005;Retargeting | Visitantes Site;CONVERSIONS;AS007;Visitantes 7 dias | Retargeting;AD009;Imagem_Retargeting_Desconto_v1;Image;Retargeting;facebook;10442;194;35,83;0,18;3,43;1,862;6;0;582,00;16,24;7966;1,40;0
2025-01-12;CAMP005;Retargeting | Visitantes Site;CONVERSIONS;AS007;Visitantes 7 dias | Retargeting;AD009;Imagem_Retargeting_Desconto_v1;Image;Retargeting;facebook;11363;228;48,04;0,21;4,23;2,014;6;0;582,00;12,11;9178;1,35;0
2025-01-13;CAMP005;Retargeting | Visitantes Site;CONVERSIONS;AS007;Visitantes 7 dias | Retargeting;AD009;Imagem_Retargeting_Desconto_v1;Image;Retargeting;facebook;7032;135;37,46;0,28;5,33;1,922;4;0;388,00;10,36;5669;1,13;0
2025-01-14;CAMP005;Retargeting | Visitantes Site;CONVERSIONS;AS007;Visitantes 7 dias | Retargeting;AD009;Imagem_Retargeting_Desconto_v1;Image;Retargeting;instagram;12211;207;42,77;0,21;3,50;1,696;8;0;1576,00;36,85;10136;1,32;0
2025-01-15;CAMP005;Retargeting | Visitantes Site;CONVERSIONS;AS007;Visitantes 7 dias | Retargeting;AD009;Imagem_Retargeting_Desconto_v1;Image;Retargeting;instagram;7969;143;46,27;0,32;5,81;1,798;5;0;485,00;10,48;5697;1,57;0
2025-01-16;CAMP005;Retargeting | Visitantes Site;CONVERSIONS;AS007;Visitantes 7 dias | Retargeting;AD009;Imagem_Retargeting_Desconto_v1;Image;Retargeting;instagram;12066;231;44,14;0,19;3,66;1,920;8;0;776,00;17,58;9677;1,52;0
2025-01-17;CAMP005;Retargeting | Visitantes Site;CONVERSIONS;AS007;Visitantes 7 dias | Retargeting;AD009;Imagem_Retargeting_Desconto_v1;Image;Retargeting;instagram;9169;158;36,76;0,23;4,01;1,727;4;0;788,00;21,44;6635;1,49;0
2025-01-18;CAMP005;Retargeting | Visitantes Site;CONVERSIONS;AS007;Visitantes 7 dias | Retargeting;AD009;Imagem_Retargeting_Desconto_v1;Image;Retargeting;instagram;10349;172;46,15;0,27;4,46;1,670;5;0;485,00;10,51;8050;1,49;0
2025-01-19;CAMP005;Retargeting | Visitantes Site;CONVERSIONS;AS007;Visitantes 7 dias | Retargeting;AD009;Imagem_Retargeting_Desconto_v1;Image;Retargeting;facebook;13089;219;53,60;0,24;4,09;1,677;9;0;1773,00;33,08;9002;1,41;0
2025-01-20;CAMP005;Retargeting | Visitantes Site;CONVERSIONS;AS007;Visitantes 7 dias | Retargeting;AD009;Imagem_Retargeting_Desconto_v1;Image;Retargeting;instagram;11494;182;44,57;0,24;3,88;1,586;6;0;1182,00;26,52;9182;1,26;0
2025-01-21;CAMP005;Retargeting | Visitantes Site;CONVERSIONS;AS007;Visitantes 7 dias | Retargeting;AD009;Imagem_Retargeting_Desconto_v1;Image;Retargeting;instagram;9114;153;39,36;0,26;4,32;1,689;6;0;1182,00;30,03;7436;1,68;0
2025-01-22;CAMP005;Retargeting | Visitantes Site;CONVERSIONS;AS007;Visitantes 7 dias | Retargeting;AD009;Imagem_Retargeting_Desconto_v1;Image;Retargeting;instagram;6955;134;34,50;0,26;4,96;1,929;4;0;388,00;11,25;5092;1,45;0
2025-01-23;CAMP005;Retargeting | Visitantes Site;CONVERSIONS;AS007;Visitantes 7 dias | Retargeting;AD009;Imagem_Retargeting_Desconto_v1;Image;Retargeting;instagram;8775;145;34,77;0,24;3,96;1,658;6;0;582,00;16,74;6497;1,44;0
2025-01-24;CAMP005;Retargeting | Visitantes Site;CONVERSIONS;AS007;Visitantes 7 dias | Retargeting;AD009;Imagem_Retargeting_Desconto_v1;Image;Retargeting;facebook;9384;161;49,91;0,31;5,32;1,720;5;0;985,00;19,74;6601;1,49;0
2025-01-25;CAMP005;Retargeting | Visitantes Site;CONVERSIONS;AS007;Visitantes 7 dias | Retargeting;AD009;Imagem_Retargeting_Desconto_v1;Image;Retargeting;facebook;8410;145;50,13;0,35;5,96;1,736;4;0;388,00;7,74;6004;1,51;0
2025-01-26;CAMP005;Retargeting | Visitantes Site;CONVERSIONS;AS007;Visitantes 7 dias | Retargeting;AD009;Imagem_Retargeting_Desconto_v1;Image;Retargeting;instagram;11780;197;38,96;0,20;3,31;1,675;6;0;582,00;14,94;9039;1,20;0
2025-01-27;CAMP005;Retargeting | Visitantes Site;CONVERSIONS;AS007;Visitantes 7 dias | Retargeting;AD009;Imagem_Retargeting_Desconto_v1;Image;Retargeting;facebook;11279;215;46,82;0,22;4,15;1,908;7;0;1379,00;29,45;7670;1,23;0
2025-01-28;CAMP005;Retargeting | Visitantes Site;CONVERSIONS;AS007;Visitantes 7 dias | Retargeting;AD009;Imagem_Retargeting_Desconto_v1;Image;Retargeting;facebook;7297;120;42,75;0,36;5,86;1,656;3;0;591,00;13,82;5540;1,58;0
2025-01-29;CAMP005;Retargeting | Visitantes Site;CONVERSIONS;AS007;Visitantes 7 dias | Retargeting;AD009;Imagem_Retargeting_Desconto_v1;Image;Retargeting;facebook;8885;144;45,88;0,32;5,16;1,632;4;0;788,00;17,18;6750;1,40;0
2025-01-30;CAMP005;Retargeting | Visitantes Site;CONVERSIONS;AS007;Visitantes 7 dias | Retargeting;AD009;Imagem_Retargeting_Desconto_v1;Image;Retargeting;facebook;8786;163;38,22;0,23;4,35;1,857;5;0;485,00;12,69;6723;1,57;0
2025-01-31;CAMP005;Retargeting | Visitantes Site;CONVERSIONS;AS007;Visitantes 7 dias | Retargeting;AD009;Imagem_Retargeting_Desconto_v1;Image;Retargeting;facebook;7627;132;43,02;0,33;5,64;1,733;4;0;388,00;9,02;6302;1,51;0
2024-02-01;CAMP006;Finanças do Zero | Lookalike | Conversão;CONVERSIONS;AS008;Lookalike Clientes | 1%;AD010;Video_Prova_Social_v1;Video;Prova Social;facebook;13515;240;53,28;0,22;3,94;1,781;7;0;679,00;12,74;11346;1,26;3704
2024-02-02;CAMP006;Finanças do Zero | Lookalike | Conversão;CONVERSIONS;AS008;Lookalike Clientes | 1%;AD010;Video_Prova_Social_v1;Video;Prova Social;instagram;11378;215;60,06;0,28;5,28;1,895;8;0;776,00;12,92;8036;1,54;3086
2024-02-03;CAMP006;Finanças do Zero | Lookalike | Conversão;CONVERSIONS;AS008;Lookalike Clientes | 1%;AD010;Video_Prova_Social_v1;Video;Prova Social;facebook;12058;241;63,60;0,26;5,27;2,006;8;0;776,00;12,20;9237;1,34;3993
2024-02-04;CAMP006;Finanças do Zero | Lookalike | Conversão;CONVERSIONS;AS008;Lookalike Clientes | 1%;AD010;Video_Prova_Social_v1;Video;Prova Social;instagram;13506;215;63,73;0,30;4,72;1,593;8;0;776,00;12,18;11223;1,64;3989
2024-02-05;CAMP006;Finanças do Zero | Lookalike | Conversão;CONVERSIONS;AS008;Lookalike Clientes | 1%;AD010;Video_Prova_Social_v1;Video;Prova Social;facebook;10700;202;62,97;0,31;5,88;1,896;7;0;679,00;10,78;8823;1,42;3367
2024-02-06;CAMP006;Finanças do Zero | Lookalike | Conversão;CONVERSIONS;AS008;Lookalike Clientes | 1%;AD010;Video_Prova_Social_v1;Video;Prova Social;facebook;12798;255;65,15;0,26;5,09;1,995;7;0;679,00;10,42;9157;1,56;3695
2024-02-07;CAMP006;Finanças do Zero | Lookalike | Conversão;CONVERSIONS;AS008;Lookalike Clientes | 1%;AD010;Video_Prova_Social_v1;Video;Prova Social;instagram;16874;294;59,23;0,20;3,51;1,744;11;0;1067,00;18,01;11277;1,34;5280
2024-02-08;CAMP006;Finanças do Zero | Lookalike | Conversão;CONVERSIONS;AS008;Lookalike Clientes | 1%;AD010;Video_Prova_Social_v1;Video;Prova Social;instagram;14720;241;57,06;0,24;3,88;1,641;7;0;679,00;11,90;10951;1,33;4528
2024-02-09;CAMP006;Finanças do Zero | Lookalike | Conversão;CONVERSIONS;AS008;Lookalike Clientes | 1%;AD010;Video_Prova_Social_v1;Video;Prova Social;facebook;12855;219;47,59;0,22;3,70;1,707;6;0;582,00;12,23;9981;1,62;3623
2024-02-10;CAMP006;Finanças do Zero | Lookalike | Conversão;CONVERSIONS;AS008;Lookalike Clientes | 1%;AD010;Video_Prova_Social_v1;Video;Prova Social;instagram;17217;275;64,88;0,24;3,77;1,600;10;0;970,00;14,95;12862;1,21;5386
2024-02-11;CAMP006;Finanças do Zero | Lookalike | Conversão;CONVERSIONS;AS008;Lookalike Clientes | 1%;AD010;Video_Prova_Social_v1;Video;Prova Social;instagram;9935;198;60,99;0,31;6,14;1,994;8;0;776,00;12,72;8172;1,46;3309
2024-02-12;CAMP006;Finanças do Zero | Lookalike | Conversão;CONVERSIONS;AS008;Lookalike Clientes | 1%;AD010;Video_Prova_Social_v1;Video;Prova Social;facebook;16263;265;59,22;0,22;3,64;1,632;9;0;873,00;14,74;12910;1,50;5149
2024-02-13;CAMP006;Finanças do Zero | Lookalike | Conversão;CONVERSIONS;AS008;Lookalike Clientes | 1%;AD010;Video_Prova_Social_v1;Video;Prova Social;instagram;14383;261;54,07;0,21;3,76;1,822;8;0;776,00;14,35;10638;1,62;4500
2024-02-14;CAMP006;Finanças do Zero | Lookalike | Conversão;CONVERSIONS;AS008;Lookalike Clientes | 1%;AD010;Video_Prova_Social_v1;Video;Prova Social;instagram;14374;262;57,07;0,22;3,97;1,828;9;0;873,00;15,30;11151;1,39;4153
2024-02-15;CAMP006;Finanças do Zero | Lookalike | Conversão;CONVERSIONS;AS008;Lookalike Clientes | 1%;AD010;Video_Prova_Social_v1;Video;Prova Social;facebook;15658;261;59,50;0,23;3,80;1,669;8;0;776,00;13,04;12614;1,30;4333
2024-02-16;CAMP006;Finanças do Zero | Lookalike | Conversão;CONVERSIONS;AS008;Lookalike Clientes | 1%;AD010;Video_Prova_Social_v1;Video;Prova Social;facebook;14155;258;54,96;0,21;3,88;1,826;9;0;873,00;15,88;11239;1,14;4052
2024-02-17;CAMP006;Finanças do Zero | Lookalike | Conversão;CONVERSIONS;AS008;Lookalike Clientes | 1%;AD010;Video_Prova_Social_v1;Video;Prova Social;facebook;12060;214;63,61;0,30;5,27;1,780;7;0;679,00;10,67;8550;1,25;3708
2024-02-18;CAMP006;Finanças do Zero | Lookalike | Conversão;CONVERSIONS;AS008;Lookalike Clientes | 1%;AD010;Video_Prova_Social_v1;Video;Prova Social;facebook;13625;255;72,63;0,28;5,33;1,878;8;0;776,00;10,68;9581;1,16;4012
2024-02-19;CAMP006;Finanças do Zero | Lookalike | Conversão;CONVERSIONS;AS008;Lookalike Clientes | 1%;AD010;Video_Prova_Social_v1;Video;Prova Social;instagram;12114;226;64,83;0,29;5,35;1,871;7;0;679,00;10,47;8213;1,16;3411
2024-02-20;CAMP006;Finanças do Zero | Lookalike | Conversão;CONVERSIONS;AS008;Lookalike Clientes | 1%;AD010;Video_Prova_Social_v1;Video;Prova Social;instagram;10558;171;53,30;0,31;5,05;1,627;6;0;582,00;10,92;8481;1,43;2919
2024-02-21;CAMP006;Finanças do Zero | Lookalike | Conversão;CONVERSIONS;AS008;Lookalike Clientes | 1%;AD010;Video_Prova_Social_v1;Video;Prova Social;instagram;16953;323;57,41;0,18;3,39;1,909;10;0;970,00;16,90;11867;1,19;5502
2024-02-22;CAMP006;Finanças do Zero | Lookalike | Conversão;CONVERSIONS;AS008;Lookalike Clientes | 1%;AD010;Video_Prova_Social_v1;Video;Prova Social;instagram;13832;275;50,63;0,18;3,66;1,989;9;0;873,00;17,24;10623;1,26;4115
2024-02-23;CAMP006;Finanças do Zero | Lookalike | Conversão;CONVERSIONS;AS008;Lookalike Clientes | 1%;AD010;Video_Prova_Social_v1;Video;Prova Social;facebook;15611;259;59,11;0,23;3,79;1,664;7;0;679,00;11,49;11025;1,32;4927
2024-02-24;CAMP006;Finanças do Zero | Lookalike | Conversão;CONVERSIONS;AS008;Lookalike Clientes | 1%;AD010;Video_Prova_Social_v1;Video;Prova Social;facebook;21421;379;69,71;0,18;3,25;1,771;12;0;1164,00;16,70;17201;1,32;6690
2024-02-25;CAMP006;Finanças do Zero | Lookalike | Conversão;CONVERSIONS;AS008;Lookalike Clientes | 1%;AD010;Video_Prova_Social_v1;Video;Prova Social;facebook;13970;253;70,65;0,28;5,06;1,813;7;0;679,00;9,61;10784;1,18;4491
2024-02-26;CAMP006;Finanças do Zero | Lookalike | Conversão;CONVERSIONS;AS008;Lookalike Clientes | 1%;AD010;Video_Prova_Social_v1;Video;Prova Social;facebook;11389;187;58,62;0,31;5,15;1,645;6;0;582,00;9,93;8746;1,31;3378
2024-02-27;CAMP006;Finanças do Zero | Lookalike | Conversão;CONVERSIONS;AS008;Lookalike Clientes | 1%;AD010;Video_Prova_Social_v1;Video;Prova Social;instagram;12055;197;62,63;0,32;5,20;1,634;7;0;679,00;10,84;9583;1,40;3917
2024-02-28;CAMP006;Finanças do Zero | Lookalike | Conversão;CONVERSIONS;AS008;Lookalike Clientes | 1%;AD010;Video_Prova_Social_v1;Video;Prova Social;facebook;10976;210;59,53;0,28;5,42;1,914;7;0;679,00;11,41;9101;1,55;3191
2024-02-29;CAMP006;Finanças do Zero | Lookalike | Conversão;CONVERSIONS;AS008;Lookalike Clientes | 1%;AD010;Video_Prova_Social_v1;Video;Prova Social;facebook;12545;227;64,90;0,29;5,17;1,811;8;0;776,00;11,96;8654;1,58;3438
2024-03-01;CAMP006;Finanças do Zero | Lookalike | Conversão;CONVERSIONS;AS008;Lookalike Clientes | 1%;AD010;Video_Prova_Social_v1;Video;Prova Social;instagram;41174;719;134,84;0,19;3,27;1,748;33;0;3201,00;23,74;33739;1,29;11391
2024-03-02;CAMP006;Finanças do Zero | Lookalike | Conversão;CONVERSIONS;AS008;Lookalike Clientes | 1%;AD010;Video_Prova_Social_v1;Video;Prova Social;facebook;30305;494;150,98;0,31;4,98;1,632;31;0;3007,00;19,92;23733;1,35;8380
2024-03-03;CAMP006;Finanças do Zero | Lookalike | Conversão;CONVERSIONS;AS008;Lookalike Clientes | 1%;AD010;Video_Prova_Social_v1;Video;Prova Social;facebook;30808;567;139,22;0,25;4,52;1,844;37;0;3589,00;25,78;25253;1,53;9055
2024-03-04;CAMP006;Finanças do Zero | Lookalike | Conversão;CONVERSIONS;AS008;Lookalike Clientes | 1%;AD010;Video_Prova_Social_v1;Video;Prova Social;instagram;38270;767;144,47;0,19;3,77;2,006;41;0;3977,00;27,53;31643;1,41;10699
2024-03-05;CAMP006;Finanças do Zero | Lookalike | Conversão;CONVERSIONS;AS008;Lookalike Clientes | 1%;AD010;Video_Prova_Social_v1;Video;Prova Social;facebook;38789;705;142,55;0,20;3,68;1,818;39;0;3783,00;26,54;28404;1,46;10874
2024-03-06;CAMP006;Finanças do Zero | Lookalike | Conversão;CONVERSIONS;AS008;Lookalike Clientes | 1%;AD010;Video_Prova_Social_v1;Video;Prova Social;facebook;48406;965;171,09;0,18;3,53;1,995;60;0;5820,00;34,02;37710;1,52;13363
2024-03-07;CAMP006;Finanças do Zero | Lookalike | Conversão;CONVERSIONS;AS008;Lookalike Clientes | 1%;AD010;Video_Prova_Social_v1;Video;Prova Social;facebook;46167;739;195,68;0,26;4,24;1,603;37;0;3589,00;18,34;35281;1,33;12460
2024-03-08;CAMP006;Finanças do Zero | Lookalike | Conversão;CONVERSIONS;AS008;Lookalike Clientes | 1%;AD010;Video_Prova_Social_v1;Video;Prova Social;instagram;36083;652;202,93;0,31;5,62;1,808;29;0;2813,00;13,86;28338;1,42;11533
2024-03-09;CAMP006;Finanças do Zero | Lookalike | Conversão;CONVERSIONS;AS008;Lookalike Clientes | 1%;AD010;Video_Prova_Social_v1;Video;Prova Social;instagram;67169;1260;251,64;0,20;3,75;1,877;71;0;6887,00;27,37;54398;1,53;20039
2024-03-10;CAMP006;Finanças do Zero | Lookalike | Conversão;CONVERSIONS;AS008;Lookalike Clientes | 1%;AD010;Video_Prova_Social_v1;Video;Prova Social;facebook;59441;982;213,65;0,22;3,59;1,654;63;0;6111,00;28,60;40412;1,18;18030
2024-03-11;CAMP006;Finanças do Zero | Lookalike | Conversão;CONVERSIONS;AS008;Lookalike Clientes | 1%;AD010;Video_Prova_Social_v1;Video;Prova Social;facebook;56475;917;270,86;0,30;4,80;1,625;53;0;5141,00;18,98;41671;1,49;16912
2024-03-12;CAMP006;Finanças do Zero | Lookalike | Conversão;CONVERSIONS;AS008;Lookalike Clientes | 1%;AD010;Video_Prova_Social_v1;Video;Prova Social;facebook;84600;1488;322,00;0,22;3,81;1,760;74;0;7178,00;22,29;68461;1,68;23358
2024-03-13;CAMP006;Finanças do Zero | Lookalike | Conversão;CONVERSIONS;AS008;Lookalike Clientes | 1%;AD010;Video_Prova_Social_v1;Video;Prova Social;instagram;92773;1540;307,99;0,20;3,32;1,661;98;0;9506,00;30,86;71194;1,35;28558
2024-03-14;CAMP006;Finanças do Zero | Lookalike | Conversão;CONVERSIONS;AS008;Lookalike Clientes | 1%;AD010;Video_Prova_Social_v1;Video;Prova Social;facebook;82643;1608;273,99;0,17;3,32;1,947;79;0;7663,00;27,97;60375;1,60;27637
2024-03-15;CAMP006;Finanças do Zero | Lookalike | Conversão;CONVERSIONS;AS008;Lookalike Clientes | 1%;AD010;Video_Prova_Social_v1;Video;Prova Social;instagram;59634;947;314,02;0,33;5,27;1,590;44;0;4268,00;13,59;41382;1,68;18677
2024-03-16;CAMP006;Finanças do Zero | Lookalike | Conversão;CONVERSIONS;AS008;Lookalike Clientes | 1%;AD010;Video_Prova_Social_v1;Video;Prova Social;facebook;70529;1245;314,16;0,25;4,45;1,766;59;0;5723,00;18,22;52518;1,59;22991
2024-03-17;CAMP006;Finanças do Zero | Lookalike | Conversão;CONVERSIONS;AS008;Lookalike Clientes | 1%;AD010;Video_Prova_Social_v1;Video;Prova Social;facebook;76183;1433;268,95;0,19;3,53;1,882;90;0;8730,00;32,46;58527;1,26;24224
2024-03-18;CAMP006;Finanças do Zero | Lookalike | Conversão;CONVERSIONS;AS008;Lookalike Clientes | 1%;AD010;Video_Prova_Social_v1;Video;Prova Social;facebook;74322;1312;277,27;0,21;3,73;1,766;87;0;8439,00;30,44;51101;1,61;24172
2024-03-19;CAMP006;Finanças do Zero | Lookalike | Conversão;CONVERSIONS;AS008;Lookalike Clientes | 1%;AD010;Video_Prova_Social_v1;Video;Prova Social;instagram;64289;1107;282,54;0,26;4,39;1,723;73;0;7081,00;25,06;51789;1,31;17295
2024-03-20;CAMP006;Finanças do Zero | Lookalike | Conversão;CONVERSIONS;AS008;Lookalike Clientes | 1%;AD010;Video_Prova_Social_v1;Video;Prova Social;instagram;62775;1012;281,74;0,28;4,49;1,613;62;0;6014,00;21,35;50833;1,67;20494
2024-03-21;CAMP006;Finanças do Zero | Lookalike | Conversão;CONVERSIONS;AS008;Lookalike Clientes | 1%;AD010;Video_Prova_Social_v1;Video;Prova Social;facebook;61273;1018;262,40;0,26;4,28;1,663;49;0;4753,00;18,11;48118;1,57;17919
2024-03-22;CAMP006;Finanças do Zero | Lookalike | Conversão;CONVERSIONS;AS008;Lookalike Clientes | 1%;AD010;Video_Prova_Social_v1;Video;Prova Social;facebook;40742;772;226,21;0,29;5,55;1,896;44;0;4268,00;18,87;29192;1,30;11394
2024-03-23;CAMP006;Finanças do Zero | Lookalike | Conversão;CONVERSIONS;AS008;Lookalike Clientes | 1%;AD010;Video_Prova_Social_v1;Video;Prova Social;facebook;37332;687;179,03;0,26;4,80;1,842;38;0;3686,00;20,59;29011;1,53;11007
2024-03-24;CAMP006;Finanças do Zero | Lookalike | Conversão;CONVERSIONS;AS008;Lookalike Clientes | 1%;AD010;Video_Prova_Social_v1;Video;Prova Social;facebook;41112;675;179,46;0,27;4,37;1,643;34;0;3298,00;18,38;32333;1,53;12217
2024-03-25;CAMP006;Finanças do Zero | Lookalike | Conversão;CONVERSIONS;AS008;Lookalike Clientes | 1%;AD010;Video_Prova_Social_v1;Video;Prova Social;facebook;42328;839;181,52;0,22;4,29;1,984;45;0;4365,00;24,05;34621;1,40;11832
2024-03-26;CAMP006;Finanças do Zero | Lookalike | Conversão;CONVERSIONS;AS008;Lookalike Clientes | 1%;AD010;Video_Prova_Social_v1;Video;Prova Social;instagram;30149;567;136,56;0,24;4,53;1,883;26;0;2522,00;18,47;25187;1,49;9492
2024-03-27;CAMP006;Finanças do Zero | Lookalike | Conversão;CONVERSIONS;AS008;Lookalike Clientes | 1%;AD010;Video_Prova_Social_v1;Video;Prova Social;facebook;23523;459;121,69;0,27;5,17;1,952;23;0;2231,00;18,33;18958;1,51;6313
2024-03-28;CAMP006;Finanças do Zero | Lookalike | Conversão;CONVERSIONS;AS008;Lookalike Clientes | 1%;AD010;Video_Prova_Social_v1;Video;Prova Social;facebook;31221;536;142,23;0,27;4,56;1,717;24;0;2328,00;16,37;24252;1,62;8939
2024-03-29;CAMP006;Finanças do Zero | Lookalike | Conversão;CONVERSIONS;AS008;Lookalike Clientes | 1%;AD010;Video_Prova_Social_v1;Video;Prova Social;facebook;29963;509;139,86;0,27;4,67;1,701;30;0;2910,00;20,81;23513;1,49;8438
2024-03-30;CAMP006;Finanças do Zero | Lookalike | Conversão;CONVERSIONS;AS008;Lookalike Clientes | 1%;AD010;Video_Prova_Social_v1;Video;Prova Social;facebook;32936;580;138,35;0,24;4,20;1,762;35;0;3395,00;24,54;25699;1,65;9915
2024-03-31;CAMP006;Finanças do Zero | Lookalike | Conversão;CONVERSIONS;AS008;Lookalike Clientes | 1%;AD010;Video_Prova_Social_v1;Video;Prova Social;instagram;37651;696;130,72;0,19;3,47;1,849;40;0;3880,00;29,68;27232;1,18;11623
2024-04-01;CAMP006;Finanças do Zero | Lookalike | Conversão;CONVERSIONS;AS008;Lookalike Clientes | 1%;AD010;Video_Prova_Social_v1;Video;Prova Social;instagram;10982;188;56,54;0,30;5,15;1,718;6;0;582,00;10,29;9205;1,29;3440
2024-04-02;CAMP006;Finanças do Zero | Lookalike | Conversão;CONVERSIONS;AS008;Lookalike Clientes | 1%;AD010;Video_Prova_Social_v1;Video;Prova Social;facebook;15834;256;61,89;0,24;3,91;1,617;10;0;970,00;15,67;12283;1,56;4543
2024-04-03;CAMP006;Finanças do Zero | Lookalike | Conversão;CONVERSIONS;AS008;Lookalike Clientes | 1%;AD010;Video_Prova_Social_v1;Video;Prova Social;instagram;12953;214;60,45;0,28;4,67;1,660;7;0;679,00;11,23;9440;1,22;3775
2024-04-04;CAMP006;Finanças do Zero | Lookalike | Conversão;CONVERSIONS;AS008;Lookalike Clientes | 1%;AD010;Video_Prova_Social_v1;Video;Prova Social;instagram;16932;280;58,09;0,21;3,43;1,657;9;0;873,00;15,03;11459;1,25;4774
2024-04-05;CAMP006;Finanças do Zero | Lookalike | Conversão;CONVERSIONS;AS008;Lookalike Clientes | 1%;AD010;Video_Prova_Social_v1;Video;Prova Social;facebook;16353;302;70,84;0,23;4,33;1,847;8;0;776,00;10,95;13099;1,47;4676
2024-04-06;CAMP006;Finanças do Zero | Lookalike | Conversão;CONVERSIONS;AS008;Lookalike Clientes | 1%;AD010;Video_Prova_Social_v1;Video;Prova Social;instagram;14335;253;56,70;0,22;3,96;1,767;7;0;679,00;11,98;10519;1,54;3992
2024-04-07;CAMP006;Finanças do Zero | Lookalike | Conversão;CONVERSIONS;AS008;Lookalike Clientes | 1%;AD010;Video_Prova_Social_v1;Video;Prova Social;instagram;15373;260;71,74;0,28;4,67;1,695;9;0;873,00;12,17;11353;1,18;4736
2024-04-08;CAMP006;Finanças do Zero | Lookalike | Conversão;CONVERSIONS;AS008;Lookalike Clientes | 1%;AD010;Video_Prova_Social_v1;Video;Prova Social;facebook;16052;274;63,07;0,23;3,93;1,708;8;0;776,00;12,30;11703;1,53;4954
2024-04-09;CAMP006;Finanças do Zero | Lookalike | Conversão;CONVERSIONS;AS008;Lookalike Clientes | 1%;AD010;Video_Prova_Social_v1;Video;Prova Social;instagram;10623;183;53,24;0,29;5,01;1,731;7;0;679,00;12,75;7323;1,44;3385
2024-04-10;CAMP006;Finanças do Zero | Lookalike | Conversão;CONVERSIONS;AS008;Lookalike Clientes | 1%;AD010;Video_Prova_Social_v1;Video;Prova Social;instagram;17039;297;64,51;0,22;3,79;1,745;9;0;873,00;13,53;13832;1,67;5560
2024-04-11;CAMP006;Finanças do Zero | Lookalike | Conversão;CONVERSIONS;AS008;Lookalike Clientes | 1%;AD010;Video_Prova_Social_v1;Video;Prova Social;facebook;14187;250;63,28;0,25;4,46;1,766;8;0;776,00;12,26;11507;1,30;4225
2024-04-12;CAMP006;Finanças do Zero | Lookalike | Conversão;CONVERSIONS;AS008;Lookalike Clientes | 1%;AD010;Video_Prova_Social_v1;Video;Prova Social;instagram;11098;185;59,95;0,32;5,40;1,671;5;0;485,00;8,09;7871;1,45;3369
2024-04-13;CAMP006;Finanças do Zero | Lookalike | Conversão;CONVERSIONS;AS008;Lookalike Clientes | 1%;AD010;Video_Prova_Social_v1;Video;Prova Social;instagram;14336;272;71,42;0,26;4,98;1,899;10;0;970,00;13,58;10570;1,49;4392
2024-04-14;CAMP006;Finanças do Zero | Lookalike | Conversão;CONVERSIONS;AS008;Lookalike Clientes | 1%;AD010;Video_Prova_Social_v1;Video;Prova Social;instagram;12698;226;73,16;0,32;5,76;1,782;9;0;873,00;11,93;9716;1,48;3429
2024-04-15;CAMP006;Finanças do Zero | Lookalike | Conversão;CONVERSIONS;AS008;Lookalike Clientes | 1%;AD010;Video_Prova_Social_v1;Video;Prova Social;instagram;11741;224;51,63;0,23;4,40;1,912;8;0;776,00;15,03;7965;1,27;3431
2024-04-16;CAMP006;Finanças do Zero | Lookalike | Conversão;CONVERSIONS;AS008;Lookalike Clientes | 1%;AD010;Video_Prova_Social_v1;Video;Prova Social;facebook;15605;270;58,68;0,22;3,76;1,730;9;0;873,00;14,88;12226;1,40;4551
2024-04-17;CAMP006;Finanças do Zero | Lookalike | Conversão;CONVERSIONS;AS008;Lookalike Clientes | 1%;AD010;Video_Prova_Social_v1;Video;Prova Social;instagram;14459;241;67,03;0,28;4,64;1,672;9;0;873,00;13,02;11132;1,66;4483
2024-04-18;CAMP006;Finanças do Zero | Lookalike | Conversão;CONVERSIONS;AS008;Lookalike Clientes | 1%;AD010;Video_Prova_Social_v1;Video;Prova Social;instagram;12467;247;67,79;0,27;5,44;1,984;8;0;776,00;11,45;9982;1,63;3657
2024-04-19;CAMP006;Finanças do Zero | Lookalike | Conversão;CONVERSIONS;AS008;Lookalike Clientes | 1%;AD010;Video_Prova_Social_v1;Video;Prova Social;instagram;15717;252;62,43;0,25;3,97;1,604;9;0;873,00;13,98;12922;1,54;5049
2024-04-20;CAMP006;Finanças do Zero | Lookalike | Conversão;CONVERSIONS;AS008;Lookalike Clientes | 1%;AD010;Video_Prova_Social_v1;Video;Prova Social;facebook;15940;314;68,32;0,22;4,29;1,973;12;0;1164,00;17,04;12943;1,19;4587
2024-04-21;CAMP006;Finanças do Zero | Lookalike | Conversão;CONVERSIONS;AS008;Lookalike Clientes | 1%;AD010;Video_Prova_Social_v1;Video;Prova Social;instagram;17650;333;72,61;0,22;4,11;1,889;11;0;1067,00;14,69;14427;1,54;5041
2024-04-22;CAMP006;Finanças do Zero | Lookalike | Conversão;CONVERSIONS;AS008;Lookalike Clientes | 1%;AD010;Video_Prova_Social_v1;Video;Prova Social;instagram;12657;228;73,35;0,32;5,80;1,807;7;0;679,00;9,26;10311;1,26;4132
2024-04-23;CAMP006;Finanças do Zero | Lookalike | Conversão;CONVERSIONS;AS008;Lookalike Clientes | 1%;AD010;Video_Prova_Social_v1;Video;Prova Social;facebook;12878;244;60,03;0,25;4,66;1,895;7;0;679,00;11,31;9517;1,55;3935
2024-04-24;CAMP006;Finanças do Zero | Lookalike | Conversão;CONVERSIONS;AS008;Lookalike Clientes | 1%;AD010;Video_Prova_Social_v1;Video;Prova Social;instagram;12803;202;65,56;0,32;5,12;1,585;6;0;582,00;8,88;8789;1,64;4180
2024-04-25;CAMP006;Finanças do Zero | Lookalike | Conversão;CONVERSIONS;AS008;Lookalike Clientes | 1%;AD010;Video_Prova_Social_v1;Video;Prova Social;facebook;14747;236;68,92;0,29;4,67;1,605;7;0;679,00;9,85;9870;1,30;4099
2024-04-26;CAMP006;Finanças do Zero | Lookalike | Conversão;CONVERSIONS;AS008;Lookalike Clientes | 1%;AD010;Video_Prova_Social_v1;Video;Prova Social;instagram;12993;239;56,45;0,24;4,34;1,841;8;0;776,00;13,75;10322;1,56;4102
2024-04-27;CAMP006;Finanças do Zero | Lookalike | Conversão;CONVERSIONS;AS008;Lookalike Clientes | 1%;AD010;Video_Prova_Social_v1;Video;Prova Social;instagram;15490;260;58,28;0,22;3,76;1,680;8;0;776,00;13,32;12214;1,36;4917
2024-04-28;CAMP006;Finanças do Zero | Lookalike | Conversão;CONVERSIONS;AS008;Lookalike Clientes | 1%;AD010;Video_Prova_Social_v1;Video;Prova Social;instagram;17578;301;66,22;0,22;3,77;1,714;12;0;1164,00;17,58;12149;1,38;5163
2024-04-29;CAMP006;Finanças do Zero | Lookalike | Conversão;CONVERSIONS;AS008;Lookalike Clientes | 1%;AD010;Video_Prova_Social_v1;Video;Prova Social;instagram;11235;211;56,92;0,27;5,07;1,885;7;0;679,00;11,93;9060;1,62;3180
2024-04-30;CAMP006;Finanças do Zero | Lookalike | Conversão;CONVERSIONS;AS008;Lookalike Clientes | 1%;AD010;Video_Prova_Social_v1;Video;Prova Social;instagram;15408;263;58,37;0,22;3,79;1,708;8;0;776,00;13,29;10552;1,28;4460
2024-05-01;CAMP006;Finanças do Zero | Lookalike | Conversão;CONVERSIONS;AS008;Lookalike Clientes | 1%;AD010;Video_Prova_Social_v1;Video;Prova Social;instagram;15819;309;63,31;0,20;4,00;1,959;12;0;1164,00;18,39;11549;1,56;4654
2024-05-02;CAMP006;Finanças do Zero | Lookalike | Conversão;CONVERSIONS;AS008;Lookalike Clientes | 1%;AD010;Video_Prova_Social_v1;Video;Prova Social;instagram;12391;242;55,19;0,23;4,45;1,958;8;0;776,00;14,06;9509;1,32;3584
2024-05-03;CAMP006;Finanças do Zero | Lookalike | Conversão;CONVERSIONS;AS008;Lookalike Clientes | 1%;AD010;Video_Prova_Social_v1;Video;Prova Social;facebook;11875;221;63,48;0,29;5,35;1,866;6;0;582,00;9,17;9523;1,47;3685
2024-05-04;CAMP006;Finanças do Zero | Lookalike | Conversão;CONVERSIONS;AS008;Lookalike Clientes | 1%;AD010;Video_Prova_Social_v1;Video;Prova Social;facebook;17227;300;65,83;0,22;3,82;1,745;9;0;873,00;13,26;13679;1,40;5443
2024-05-05;CAMP006;Finanças do Zero | Lookalike | Conversão;CONVERSIONS;AS008;Lookalike Clientes | 1%;AD010;Video_Prova_Social_v1;Video;Prova Social;facebook;17133;320;63,73;0,20;3,72;1,868;10;0;970,00;15,22;14125;1,31;5590
2024-05-06;CAMP006;Finanças do Zero | Lookalike | Conversão;CONVERSIONS;AS008;Lookalike Clientes | 1%;AD010;Video_Prova_Social_v1;Video;Prova Social;facebook;14103;279;58,93;0,21;4,18;1,979;10;0;970,00;16,46;9968;1,13;3752
2024-05-07;CAMP006;Finanças do Zero | Lookalike | Conversão;CONVERSIONS;AS008;Lookalike Clientes | 1%;AD010;Video_Prova_Social_v1;Video;Prova Social;instagram;15975;309;74,19;0,24;4,64;1,936;11;0;1067,00;14,38;12914;1,54;4306
2024-05-08;CAMP006;Finanças do Zero | Lookalike | Conversão;CONVERSIONS;AS008;Lookalike Clientes | 1%;AD010;Video_Prova_Social_v1;Video;Prova Social;facebook;16478;289;65,62;0,23;3,98;1,756;9;0;873,00;13,30;12900;1,16;4727
2024-05-09;CAMP006;Finanças do Zero | Lookalike | Conversão;CONVERSIONS;AS008;Lookalike Clientes | 1%;AD010;Video_Prova_Social_v1;Video;Prova Social;instagram;17244;304;55,28;0,18;3,21;1,768;9;0;873,00;15,79;12700;1,29;4667
2024-05-10;CAMP006;Finanças do Zero | Lookalike | Conversão;CONVERSIONS;AS008;Lookalike Clientes | 1%;AD010;Video_Prova_Social_v1;Video;Prova Social;instagram;15916;271;67,48;0,25;4,24;1,705;9;0;873,00;12,94;12427;1,45;5185
2024-05-11;CAMP006;Finanças do Zero | Lookalike | Conversão;CONVERSIONS;AS008;Lookalike Clientes | 1%;AD010;Video_Prova_Social_v1;Video;Prova Social;instagram;16008;304;76,54;0,25;4,78;1,904;11;0;1067,00;13,94;13383;1,33;4901
2024-05-12;CAMP006;Finanças do Zero | Lookalike | Conversão;CONVERSIONS;AS008;Lookalike Clientes | 1%;AD010;Video_Prova_Social_v1;Video;Prova Social;facebook;13344;251;64,17;0,26;4,81;1,887;9;0;873,00;13,60;10186;1,12;3701
2024-05-13;CAMP006;Finanças do Zero | Lookalike | Conversão;CONVERSIONS;AS008;Lookalike Clientes | 1%;AD010;Video_Prova_Social_v1;Video;Prova Social;facebook;11348;203;58,26;0,29;5,13;1,792;6;0;582,00;9,99;9357;1,42;3050
2024-05-14;CAMP006;Finanças do Zero | Lookalike | Conversão;CONVERSIONS;AS008;Lookalike Clientes | 1%;AD010;Video_Prova_Social_v1;Video;Prova Social;facebook;11399;199;56,43;0,28;4,95;1,746;6;0;582,00;10,31;7960;1,29;3494
2024-05-15;CAMP006;Finanças do Zero | Lookalike | Conversão;CONVERSIONS;AS008;Lookalike Clientes | 1%;AD010;Video_Prova_Social_v1;Video;Prova Social;facebook;13477;228;54,36;0,24;4,03;1,697;7;0;679,00;12,49;8901;1,29;3875
2024-05-16;CAMP006;Finanças do Zero | Lookalike | Conversão;CONVERSIONS;AS008;Lookalike Clientes | 1%;AD010;Video_Prova_Social_v1;Video;Prova Social;instagram;12413;232;62,62;0,27;5,04;1,874;9;0;873,00;13,94;9634;1,25;4026
2024-05-17;CAMP006;Finanças do Zero | Lookalike | Conversão;CONVERSIONS;AS008;Lookalike Clientes | 1%;AD010;Video_Prova_Social_v1;Video;Prova Social;instagram;17359;339;73,46;0,22;4,23;1,955;11;0;1067,00;14,52;12953;1,64;4702
2024-05-18;CAMP006;Finanças do Zero | Lookalike | Conversão;CONVERSIONS;AS008;Lookalike Clientes | 1%;AD010;Video_Prova_Social_v1;Video;Prova Social;facebook;12060;200;62,27;0,31;5,16;1,665;5;0;485,00;7,79;8540;1,41;4004
2024-05-19;CAMP006;Finanças do Zero | Lookalike | Conversão;CONVERSIONS;AS008;Lookalike Clientes | 1%;AD010;Video_Prova_Social_v1;Video;Prova Social;instagram;15405;307;65,17;0,21;4,23;1,995;12;0;1164,00;17,86;11935;1,55;4836
2024-05-20;CAMP006;Finanças do Zero | Lookalike | Conversão;CONVERSIONS;AS008;Lookalike Clientes | 1%;AD010;Video_Prova_Social_v1;Video;Prova Social;facebook;14459;267;64,37;0,24;4,45;1,852;10;0;970,00;15,07;11928;1,41;4828
2024-05-21;CAMP006;Finanças do Zero | Lookalike | Conversão;CONVERSIONS;AS008;Lookalike Clientes | 1%;AD010;Video_Prova_Social_v1;Video;Prova Social;instagram;13353;262;63,80;0,24;4,78;1,967;10;0;970,00;15,20;10634;1,33;3696
2024-05-22;CAMP006;Finanças do Zero | Lookalike | Conversão;CONVERSIONS;AS008;Lookalike Clientes | 1%;AD010;Video_Prova_Social_v1;Video;Prova Social;facebook;15674;284;59,03;0,21;3,77;1,814;11;0;1067,00;18,08;12411;1,17;5258
2024-05-23;CAMP006;Finanças do Zero | Lookalike | Conversão;CONVERSIONS;AS008;Lookalike Clientes | 1%;AD010;Video_Prova_Social_v1;Video;Prova Social;facebook;12232;207;67,71;0,33;5,54;1,696;7;0;679,00;10,03;8759;1,67;3367
2024-05-24;CAMP006;Finanças do Zero | Lookalike | Conversão;CONVERSIONS;AS008;Lookalike Clientes | 1%;AD010;Video_Prova_Social_v1;Video;Prova Social;facebook;17854;301;69,39;0,23;3,89;1,689;11;0;1067,00;15,38;12340;1,15;5375
2024-05-25;CAMP006;Finanças do Zero | Lookalike | Conversão;CONVERSIONS;AS008;Lookalike Clientes | 1%;AD010;Video_Prova_Social_v1;Video;Prova Social;facebook;16267;278;70,70;0,25;4,35;1,712;9;0;873,00;12,35;11709;1,23;5045
2024-05-26;CAMP006;Finanças do Zero | Lookalike | Conversão;CONVERSIONS;AS008;Lookalike Clientes | 1%;AD010;Video_Prova_Social_v1;Video;Prova Social;facebook;19584;313;63,82;0,20;3,26;1,601;9;0;873,00;13,68;14510;1,29;5921
2024-05-27;CAMP006;Finanças do Zero | Lookalike | Conversão;CONVERSIONS;AS008;Lookalike Clientes | 1%;AD010;Video_Prova_Social_v1;Video;Prova Social;instagram;11055;210;73,12;0,35;6,61;1,904;6;0;582,00;7,96;7932;1,43;3242
2024-05-28;CAMP006;Finanças do Zero | Lookalike | Conversão;CONVERSIONS;AS008;Lookalike Clientes | 1%;AD010;Video_Prova_Social_v1;Video;Prova Social;facebook;16041;322;64,64;0,20;4,03;2,011;10;0;970,00;15,01;12312;1,56;4348
2024-05-29;CAMP006;Finanças do Zero | Lookalike | Conversão;CONVERSIONS;AS008;Lookalike Clientes | 1%;AD010;Video_Prova_Social_v1;Video;Prova Social;facebook;16233;267;57,87;0,22;3,56;1,650;9;0;873,00;15,09;10780;1,50;5421
2024-05-30;CAMP006;Finanças do Zero | Lookalike | Conversão;CONVERSIONS;AS008;Lookalike Clientes | 1%;AD010;Video_Prova_Social_v1;Video;Prova Social;facebook;19613;362;67,01;0,19;3,42;1,850;10;0;970,00;14,48;13509;1,62;5530
2024-05-31;CAMP006;Finanças do Zero | Lookalike | Conversão;CONVERSIONS;AS008;Lookalike Clientes | 1%;AD010;Video_Prova_Social_v1;Video;Prova Social;instagram;13039;234;65,88;0,28;5,05;1,801;6;0;582,00;8,83;9440;1,50;4041
2024-06-01;CAMP006;Finanças do Zero | Lookalike | Conversão;CONVERSIONS;AS008;Lookalike Clientes | 1%;AD010;Video_Prova_Social_v1;Video;Prova Social;instagram;17976;314;65,49;0,21;3,64;1,749;9;0;873,00;13,33;13470;1,42;5780
2024-06-02;CAMP006;Finanças do Zero | Lookalike | Conversão;CONVERSIONS;AS008;Lookalike Clientes | 1%;AD010;Video_Prova_Social_v1;Video;Prova Social;instagram;16506;271;74,67;0,28;4,52;1,644;10;0;970,00;12,99;12356;1,47;5260
2024-06-03;CAMP006;Finanças do Zero | Lookalike | Conversão;CONVERSIONS;AS008;Lookalike Clientes | 1%;AD010;Video_Prova_Social_v1;Video;Prova Social;instagram;15233;243;59,10;0,24;3,88;1,597;10;0;970,00;16,41;11586;1,49;4696
2024-06-04;CAMP006;Finanças do Zero | Lookalike | Conversão;CONVERSIONS;AS008;Lookalike Clientes | 1%;AD010;Video_Prova_Social_v1;Video;Prova Social;instagram;12778;209;66,59;0,32;5,21;1,637;7;0;679,00;10,20;8861;1,17;4033
2024-06-05;CAMP006;Finanças do Zero | Lookalike | Conversão;CONVERSIONS;AS008;Lookalike Clientes | 1%;AD010;Video_Prova_Social_v1;Video;Prova Social;instagram;14071;261;62,44;0,24;4,44;1,862;9;0;873,00;13,98;9327;1,20;4099
2024-06-06;CAMP006;Finanças do Zero | Lookalike | Conversão;CONVERSIONS;AS008;Lookalike Clientes | 1%;AD010;Video_Prova_Social_v1;Video;Prova Social;instagram;11810;200;65,17;0,33;5,52;1,697;6;0;582,00;8,93;9678;1,32;3341
2024-06-07;CAMP006;Finanças do Zero | Lookalike | Conversão;CONVERSIONS;AS008;Lookalike Clientes | 1%;AD010;Video_Prova_Social_v1;Video;Prova Social;facebook;17298;277;78,43;0,28;4,53;1,602;10;0;970,00;12,37;13392;1,26;5777
2024-06-08;CAMP006;Finanças do Zero | Lookalike | Conversão;CONVERSIONS;AS008;Lookalike Clientes | 1%;AD010;Video_Prova_Social_v1;Video;Prova Social;instagram;14813;247;74,59;0,30;5,04;1,672;7;0;679,00;9,10;10926;1,34;4054
2024-06-09;CAMP006;Finanças do Zero | Lookalike | Conversão;CONVERSIONS;AS008;Lookalike Clientes | 1%;AD010;Video_Prova_Social_v1;Video;Prova Social;facebook;16126;306;70,38;0,23;4,36;1,898;10;0;970,00;13,78;10858;1,36;4709
2024-06-10;CAMP006;Finanças do Zero | Lookalike | Conversão;CONVERSIONS;AS008;Lookalike Clientes | 1%;AD010;Video_Prova_Social_v1;Video;Prova Social;facebook;14253;277;77,85;0,28;5,46;1,948;7;0;679,00;8,72;11457;1,17;4653
2024-06-11;CAMP006;Finanças do Zero | Lookalike | Conversão;CONVERSIONS;AS008;Lookalike Clientes | 1%;AD010;Video_Prova_Social_v1;Video;Prova Social;facebook;11043;188;69,57;0,37;6,30;1,704;7;0;679,00;9,76;8786;1,63;3404
2024-06-12;CAMP006;Finanças do Zero | Lookalike | Conversão;CONVERSIONS;AS008;Lookalike Clientes | 1%;AD010;Video_Prova_Social_v1;Video;Prova Social;instagram;10320;196;62,93;0,32;6,10;1,899;7;0;679,00;10,79;8166;1,41;3140
2024-06-13;CAMP006;Finanças do Zero | Lookalike | Conversão;CONVERSIONS;AS008;Lookalike Clientes | 1%;AD010;Video_Prova_Social_v1;Video;Prova Social;facebook;15931;304;71,99;0,24;4,52;1,910;9;0;873,00;12,13;13258;1,57;4473
2024-06-14;CAMP006;Finanças do Zero | Lookalike | Conversão;CONVERSIONS;AS008;Lookalike Clientes | 1%;AD010;Video_Prova_Social_v1;Video;Prova Social;facebook;15114;301;68,45;0,23;4,53;1,998;10;0;970,00;14,17;12206;1,24;4350
2024-06-15;CAMP006;Finanças do Zero | Lookalike | Conversão;CONVERSIONS;AS008;Lookalike Clientes | 1%;AD010;Video_Prova_Social_v1;Video;Prova Social;instagram;15633;285;57,57;0,20;3,68;1,824;11;0;1067,00;18,53;12610;1,55;4722
2024-06-16;CAMP006;Finanças do Zero | Lookalike | Conversão;CONVERSIONS;AS008;Lookalike Clientes | 1%;AD010;Video_Prova_Social_v1;Video;Prova Social;facebook;18835;310;77,87;0,25;4,13;1,648;12;0;1164,00;14,95;15389;1,33;5187
2024-06-17;CAMP006;Finanças do Zero | Lookalike | Conversão;CONVERSIONS;AS008;Lookalike Clientes | 1%;AD010;Video_Prova_Social_v1;Video;Prova Social;facebook;19259;314;74,16;0,24;3,85;1,632;9;0;873,00;11,77;12855;1,26;6329
2024-06-18;CAMP006;Finanças do Zero | Lookalike | Conversão;CONVERSIONS;AS008;Lookalike Clientes | 1%;AD010;Video_Prova_Social_v1;Video;Prova Social;instagram;14988;291;66,60;0,23;4,44;1,943;10;0;970,00;14,56;11247;1,35;4615
2024-06-19;CAMP006;Finanças do Zero | Lookalike | Conversão;CONVERSIONS;AS008;Lookalike Clientes | 1%;AD010;Video_Prova_Social_v1;Video;Prova Social;instagram;13345;226;61,76;0,27;4,63;1,700;7;0;679,00;10,99;9611;1,30;3599
2024-06-20;CAMP006;Finanças do Zero | Lookalike | Conversão;CONVERSIONS;AS008;Lookalike Clientes | 1%;AD010;Video_Prova_Social_v1;Video;Prova Social;facebook;13579;235;58,81;0,25;4,33;1,733;9;0;873,00;14,84;11220;1,30;4269
2024-06-21;CAMP006;Finanças do Zero | Lookalike | Conversão;CONVERSIONS;AS008;Lookalike Clientes | 1%;AD010;Video_Prova_Social_v1;Video;Prova Social;instagram;14673;293;60,02;0,20;4,09;2,002;8;0;776,00;12,93;11490;1,48;4911
2024-06-22;CAMP006;Finanças do Zero | Lookalike | Conversão;CONVERSIONS;AS008;Lookalike Clientes | 1%;AD010;Video_Prova_Social_v1;Video;Prova Social;instagram;15304;285;69,42;0,24;4,54;1,866;11;0;1067,00;15,37;10809;1,47;4287
2024-06-23;CAMP006;Finanças do Zero | Lookalike | Conversão;CONVERSIONS;AS008;Lookalike Clientes | 1%;AD010;Video_Prova_Social_v1;Video;Prova Social;instagram;14814;284;76,47;0,27;5,16;1,920;9;0;873,00;11,42;10952;1,62;4549
2024-06-24;CAMP006;Finanças do Zero | Lookalike | Conversão;CONVERSIONS;AS008;Lookalike Clientes | 1%;AD010;Video_Prova_Social_v1;Video;Prova Social;facebook;16525;329;53,16;0,16;3,22;1,997;10;0;970,00;18,25;11088;1,40;4493
2024-06-25;CAMP006;Finanças do Zero | Lookalike | Conversão;CONVERSIONS;AS008;Lookalike Clientes | 1%;AD010;Video_Prova_Social_v1;Video;Prova Social;instagram;16135;295;71,79;0,24;4,45;1,833;10;0;970,00;13,51;11069;1,21;4868
2024-06-26;CAMP006;Finanças do Zero | Lookalike | Conversão;CONVERSIONS;AS008;Lookalike Clientes | 1%;AD010;Video_Prova_Social_v1;Video;Prova Social;facebook;16312;300;71,97;0,24;4,41;1,843;10;0;970,00;13,48;12432;1,35;4916
2024-06-27;CAMP006;Finanças do Zero | Lookalike | Conversão;CONVERSIONS;AS008;Lookalike Clientes | 1%;AD010;Video_Prova_Social_v1;Video;Prova Social;facebook;13102;243;53,85;0,22;4,11;1,858;8;0;776,00;14,41;10518;1,14;3644
2024-06-28;CAMP006;Finanças do Zero | Lookalike | Conversão;CONVERSIONS;AS008;Lookalike Clientes | 1%;AD010;Video_Prova_Social_v1;Video;Prova Social;instagram;11816;198;58,13;0,29;4,92;1,679;7;0;679,00;11,68;8649;1,33;3754
2024-06-29;CAMP006;Finanças do Zero | Lookalike | Conversão;CONVERSIONS;AS008;Lookalike Clientes | 1%;AD010;Video_Prova_Social_v1;Video;Prova Social;instagram;12808;203;62,05;0,31;4,84;1,591;6;0;582,00;9,38;8547;1,21;4202
2024-06-30;CAMP006;Finanças do Zero | Lookalike | Conversão;CONVERSIONS;AS008;Lookalike Clientes | 1%;AD010;Video_Prova_Social_v1;Video;Prova Social;instagram;15266;283;77,91;0,28;5,10;1,857;8;0;776,00;9,96;12134;1,20;4464
2024-07-01;CAMP006;Finanças do Zero | Lookalike | Conversão;CONVERSIONS;AS008;Lookalike Clientes | 1%;AD010;Video_Prova_Social_v1;Video;Prova Social;instagram;38014;700;127,42;0,18;3,35;1,843;33;0;3201,00;25,12;27886;1,42;12058
2024-07-02;CAMP006;Finanças do Zero | Lookalike | Conversão;CONVERSIONS;AS008;Lookalike Clientes | 1%;AD010;Video_Prova_Social_v1;Video;Prova Social;instagram;29881;495;161,64;0,33;5,41;1,658;23;0;2231,00;13,80;24937;1,61;9443
2024-07-03;CAMP006;Finanças do Zero | Lookalike | Conversão;CONVERSIONS;AS008;Lookalike Clientes | 1%;AD010;Video_Prova_Social_v1;Video;Prova Social;instagram;39416;770;157,25;0,20;3,99;1,956;46;0;4462,00;28,38;29909;1,37;10659
2024-07-04;CAMP006;Finanças do Zero | Lookalike | Conversão;CONVERSIONS;AS008;Lookalike Clientes | 1%;AD010;Video_Prova_Social_v1;Video;Prova Social;instagram;25659;447;151,94;0,34;5,92;1,744;24;0;2328,00;15,32;20391;1,41;6778
2024-07-05;CAMP006;Finanças do Zero | Lookalike | Conversão;CONVERSIONS;AS008;Lookalike Clientes | 1%;AD010;Video_Prova_Social_v1;Video;Prova Social;facebook;36759;636;160,37;0,25;4,36;1,732;37;0;3589,00;22,38;28278;1,62;9875
2024-07-06;CAMP006;Finanças do Zero | Lookalike | Conversão;CONVERSIONS;AS008;Lookalike Clientes | 1%;AD010;Video_Prova_Social_v1;Video;Prova Social;facebook;33923;577;177,76;0,31;5,24;1,704;27;0;2619,00;14,73;24459;1,29;10597
2024-07-07;CAMP006;Finanças do Zero | Lookalike | Conversão;CONVERSIONS;AS008;Lookalike Clientes | 1%;AD010;Video_Prova_Social_v1;Video;Prova Social;instagram;38546;722;184,77;0,26;4,79;1,875;36;0;3492,00;18,90;30040;1,56;11496
2024-07-08;CAMP006;Finanças do Zero | Lookalike | Conversão;CONVERSIONS;AS008;Lookalike Clientes | 1%;AD010;Video_Prova_Social_v1;Video;Prova Social;instagram;44116;869;194,52;0,22;4,41;1,972;48;0;4656,00;23,94;34875;1,32;12483
2024-07-09;CAMP006;Finanças do Zero | Lookalike | Conversão;CONVERSIONS;AS008;Lookalike Clientes | 1%;AD010;Video_Prova_Social_v1;Video;Prova Social;facebook;53101;1016;228,21;0,22;4,30;1,915;57;0;5529,00;24,23;38260;1,49;15588
2024-07-10;CAMP006;Finanças do Zero | Lookalike | Conversão;CONVERSIONS;AS008;Lookalike Clientes | 1%;AD010;Video_Prova_Social_v1;Video;Prova Social;instagram;74221;1260;276,22;0,22;3,72;1,699;73;0;7081,00;25,64;54395;1,62;24668
2024-07-11;CAMP006;Finanças do Zero | Lookalike | Conversão;CONVERSIONS;AS008;Lookalike Clientes | 1%;AD010;Video_Prova_Social_v1;Video;Prova Social;facebook;66378;1184;249,94;0,21;3,77;1,784;56;0;5432,00;21,73;45121;1,15;22062
2024-07-12;CAMP006;Finanças do Zero | Lookalike | Conversão;CONVERSIONS;AS008;Lookalike Clientes | 1%;AD010;Video_Prova_Social_v1;Video;Prova Social;instagram;75587;1397;327,30;0,23;4,33;1,849;70;0;6790,00;20,75;59332;1,49;22587
2024-07-13;CAMP006;Finanças do Zero | Lookalike | Conversão;CONVERSIONS;AS008;Lookalike Clientes | 1%;AD010;Video_Prova_Social_v1;Video;Prova Social;instagram;78948;1387;290,10;0,21;3,67;1,757;65;0;6305,00;21,73;56497;1,31;23079
2024-07-14;CAMP006;Finanças do Zero | Lookalike | Conversão;CONVERSIONS;AS008;Lookalike Clientes | 1%;AD010;Video_Prova_Social_v1;Video;Prova Social;instagram;75970;1306;321,65;0,25;4,23;1,720;65;0;6305,00;19,60;63359;1,20;21967
2024-07-15;CAMP006;Finanças do Zero | Lookalike | Conversão;CONVERSIONS;AS008;Lookalike Clientes | 1%;AD010;Video_Prova_Social_v1;Video;Prova Social;instagram;79651;1549;311,81;0,20;3,91;1,945;86;0;8342,00;26,75;57761;1,45;23904
2024-07-16;CAMP006;Finanças do Zero | Lookalike | Conversão;CONVERSIONS;AS008;Lookalike Clientes | 1%;AD010;Video_Prova_Social_v1;Video;Prova Social;facebook;68306;1238;370,39;0,30;5,42;1,813;80;0;7760,00;20,95;54631;1,47;20051
2024-07-17;CAMP006;Finanças do Zero | Lookalike | Conversão;CONVERSIONS;AS008;Lookalike Clientes | 1%;AD010;Video_Prova_Social_v1;Video;Prova Social;facebook;77774;1333;327,74;0,25;4,21;1,714;59;0;5723,00;17,46;54853;1,13;25050
2024-07-18;CAMP006;Finanças do Zero | Lookalike | Conversão;CONVERSIONS;AS008;Lookalike Clientes | 1%;AD010;Video_Prova_Social_v1;Video;Prova Social;facebook;78592;1577;313,25;0,20;3,99;2,007;94;0;9118,00;29,11;65652;1,39;21452
2024-07-19;CAMP006;Finanças do Zero | Lookalike | Conversão;CONVERSIONS;AS008;Lookalike Clientes | 1%;AD010;Video_Prova_Social_v1;Video;Prova Social;instagram;54170;1024;236,57;0,23;4,37;1,892;57;0;5529,00;23,37;36113;1,28;16100
2024-07-20;CAMP006;Finanças do Zero | Lookalike | Conversão;CONVERSIONS;AS008;Lookalike Clientes | 1%;AD010;Video_Prova_Social_v1;Video;Prova Social;facebook;55388;960;209,75;0,22;3,79;1,734;57;0;5529,00;26,36;44113;1,49;16370
2024-07-21;CAMP006;Finanças do Zero | Lookalike | Conversão;CONVERSIONS;AS008;Lookalike Clientes | 1%;AD010;Video_Prova_Social_v1;Video;Prova Social;facebook;45072;825;210,02;0,25;4,66;1,832;45;0;4365,00;20,78;37407;1,36;12913
2024-07-22;CAMP006;Finanças do Zero | Lookalike | Conversão;CONVERSIONS;AS008;Lookalike Clientes | 1%;AD010;Video_Prova_Social_v1;Video;Prova Social;instagram;49614;956;195,07;0,20;3,93;1,929;55;0;5335,00;27,35;36720;1,56;15515
2024-07-23;CAMP006;Finanças do Zero | Lookalike | Conversão;CONVERSIONS;AS008;Lookalike Clientes | 1%;AD010;Video_Prova_Social_v1;Video;Prova Social;instagram;35433;617;202,10;0,33;5,70;1,743;36;0;3492,00;17,28;23675;1,32;9501
2024-07-24;CAMP006;Finanças do Zero | Lookalike | Conversão;CONVERSIONS;AS008;Lookalike Clientes | 1%;AD010;Video_Prova_Social_v1;Video;Prova Social;facebook;33893;678;166,35;0,25;4,91;2,002;33;0;3201,00;19,24;26964;1,31;10441
2024-07-25;CAMP006;Finanças do Zero | Lookalike | Conversão;CONVERSIONS;AS008;Lookalike Clientes | 1%;AD010;Video_Prova_Social_v1;Video;Prova Social;facebook;29071;499;156,63;0,31;5,39;1,718;27;0;2619,00;16,72;21448;1,29;9456
2024-07-26;CAMP006;Finanças do Zero | Lookalike | Conversão;CONVERSIONS;AS008;Lookalike Clientes | 1%;AD010;Video_Prova_Social_v1;Video;Prova Social;instagram;36605;645;173,78;0,27;4,75;1,763;40;0;3880,00;22,33;27586;1,62;9722
2024-07-27;CAMP006;Finanças do Zero | Lookalike | Conversão;CONVERSIONS;AS008;Lookalike Clientes | 1%;AD010;Video_Prova_Social_v1;Video;Prova Social;instagram;43582;700;132,49;0,19;3,04;1,606;38;0;3686,00;27,82;34837;1,52;12876
2024-07-28;CAMP006;Finanças do Zero | Lookalike | Conversão;CONVERSIONS;AS008;Lookalike Clientes | 1%;AD010;Video_Prova_Social_v1;Video;Prova Social;instagram;34158;566;118,94;0,21;3,48;1,659;36;0;3492,00;29,36;24003;1,22;10811
2024-07-29;CAMP006;Finanças do Zero | Lookalike | Conversão;CONVERSIONS;AS008;Lookalike Clientes | 1%;AD010;Video_Prova_Social_v1;Video;Prova Social;instagram;42098;692;156,55;0,23;3,72;1,645;38;0;3686,00;23,55;31036;1,55;12881
2024-07-30;CAMP006;Finanças do Zero | Lookalike | Conversão;CONVERSIONS;AS008;Lookalike Clientes | 1%;AD010;Video_Prova_Social_v1;Video;Prova Social;facebook;21219;409;112,12;0,27;5,28;1,931;19;0;1843,00;16,44;15235;1,47;5844
2024-07-31;CAMP006;Finanças do Zero | Lookalike | Conversão;CONVERSIONS;AS008;Lookalike Clientes | 1%;AD010;Video_Prova_Social_v1;Video;Prova Social;instagram;35927;653;138,26;0,21;3,85;1,820;41;0;3977,00;28,76;28950;1,20;11722
2024-08-01;CAMP006;Finanças do Zero | Lookalike | Conversão;CONVERSIONS;AS008;Lookalike Clientes | 1%;AD010;Video_Prova_Social_v1;Video;Prova Social;facebook;15595;289;70,84;0,25;4,54;1,856;9;0;873,00;12,32;10800;1,63;4887
2024-08-02;CAMP006;Finanças do Zero | Lookalike | Conversão;CONVERSIONS;AS008;Lookalike Clientes | 1%;AD010;Video_Prova_Social_v1;Video;Prova Social;instagram;11719;225;62,84;0,28;5,36;1,928;8;0;776,00;12,35;7914;1,49;3416
2024-08-03;CAMP006;Finanças do Zero | Lookalike | Conversão;CONVERSIONS;AS008;Lookalike Clientes | 1%;AD010;Video_Prova_Social_v1;Video;Prova Social;facebook;14528;233;68,32;0,29;4,70;1,609;8;0;776,00;11,36;11392;1,48;4061
2024-08-04;CAMP006;Finanças do Zero | Lookalike | Conversão;CONVERSIONS;AS008;Lookalike Clientes | 1%;AD010;Video_Prova_Social_v1;Video;Prova Social;facebook;19676;357;83,00;0,23;4,22;1,816;14;0;1358,00;16,36;13907;1,60;6144
2024-08-05;CAMP006;Finanças do Zero | Lookalike | Conversão;CONVERSIONS;AS008;Lookalike Clientes | 1%;AD010;Video_Prova_Social_v1;Video;Prova Social;facebook;15571;259;60,48;0,23;3,88;1,670;8;0;776,00;12,83;10588;1,67;4607
2024-08-06;CAMP006;Finanças do Zero | Lookalike | Conversão;CONVERSIONS;AS008;Lookalike Clientes | 1%;AD010;Video_Prova_Social_v1;Video;Prova Social;instagram;15810;283;58,15;0,21;3,68;1,792;11;0;1067,00;18,35;13018;1,64;4226
2024-08-07;CAMP006;Finanças do Zero | Lookalike | Conversão;CONVERSIONS;AS008;Lookalike Clientes | 1%;AD010;Video_Prova_Social_v1;Video;Prova Social;instagram;19295;314;66,28;0,21;3,43;1,631;11;0;1067,00;16,10;13236;1,55;5932
2024-08-08;CAMP006;Finanças do Zero | Lookalike | Conversão;CONVERSIONS;AS008;Lookalike Clientes | 1%;AD010;Video_Prova_Social_v1;Video;Prova Social;facebook;12738;236;62,27;0,26;4,89;1,859;7;0;679,00;10,90;8502;1,17;3863
2024-08-09;CAMP006;Finanças do Zero | Lookalike | Conversão;CONVERSIONS;AS008;Lookalike Clientes | 1%;AD010;Video_Prova_Social_v1;Video;Prova Social;facebook;13862;249;67,42;0,27;4,86;1,800;9;0;873,00;12,95;11359;1,24;4329
2024-08-10;CAMP006;Finanças do Zero | Lookalike | Conversão;CONVERSIONS;AS008;Lookalike Clientes | 1%;AD010;Video_Prova_Social_v1;Video;Prova Social;facebook;14075;260;68,32;0,26;4,85;1,850;8;0;776,00;11,36;10306;1,18;4043
2024-08-11;CAMP006;Finanças do Zero | Lookalike | Conversão;CONVERSIONS;AS008;Lookalike Clientes | 1%;AD010;Video_Prova_Social_v1;Video;Prova Social;facebook;20683;397;69,87;0,18;3,38;1,923;12;0;1164,00;16,66;17244;1,57;6531
2024-08-12;CAMP006;Finanças do Zero | Lookalike | Conversão;CONVERSIONS;AS008;Lookalike Clientes | 1%;AD010;Video_Prova_Social_v1;Video;Prova Social;instagram;15852;306;63,19;0,21;3,99;1,936;12;0;1164,00;18,42;12410;1,51;4325
2024-08-13;CAMP006;Finanças do Zero | Lookalike | Conversão;CONVERSIONS;AS008;Lookalike Clientes | 1%;AD010;Video_Prova_Social_v1;Video;Prova Social;instagram;15837;278;53,01;0,19;3,35;1,756;9;0;873,00;16,47;13173;1,44;4708
2024-08-14;CAMP006;Finanças do Zero | Lookalike | Conversão;CONVERSIONS;AS008;Lookalike Clientes | 1%;AD010;Video_Prova_Social_v1;Video;Prova Social;instagram;18334;310;54,03;0,17;2,95;1,692;12;0;1164,00;21,54;15244;1,53;5370
2024-08-15;CAMP006;Finanças do Zero | Lookalike | Conversão;CONVERSIONS;AS008;Lookalike Clientes | 1%;AD010;Video_Prova_Social_v1;Video;Prova Social;instagram;11163;213;60,85;0,29;5,45;1,911;7;0;679,00;11,16;8960;1,41;3360
2024-08-16;CAMP006;Finanças do Zero | Lookalike | Conversão;CONVERSIONS;AS008;Lookalike Clientes | 1%;AD010;Video_Prova_Social_v1;Video;Prova Social;instagram;16190;325;55,46;0,17;3,43;2,013;11;0;1067,00;19,24;11245;1,54;5252
2024-08-17;CAMP006;Finanças do Zero | Lookalike | Conversão;CONVERSIONS;AS008;Lookalike Clientes | 1%;AD010;Video_Prova_Social_v1;Video;Prova Social;instagram;12968;250;69,69;0,28;5,37;1,931;9;0;873,00;12,53;10702;1,39;3775
2024-08-18;CAMP006;Finanças do Zero | Lookalike | Conversão;CONVERSIONS;AS008;Lookalike Clientes | 1%;AD010;Video_Prova_Social_v1;Video;Prova Social;facebook;16080;266;59,44;0,22;3,70;1,654;7;0;679,00;11,42;11048;1,15;4873
2024-08-19;CAMP006;Finanças do Zero | Lookalike | Conversão;CONVERSIONS;AS008;Lookalike Clientes | 1%;AD010;Video_Prova_Social_v1;Video;Prova Social;facebook;13896;255;67,08;0,26;4,83;1,836;8;0;776,00;11,57;10018;1,44;4427
2024-08-20;CAMP006;Finanças do Zero | Lookalike | Conversão;CONVERSIONS;AS008;Lookalike Clientes | 1%;AD010;Video_Prova_Social_v1;Video;Prova Social;instagram;14043;251;60,28;0,24;4,29;1,794;7;0;679,00;11,26;10533;1,14;4624
2024-08-21;CAMP006;Finanças do Zero | Lookalike | Conversão;CONVERSIONS;AS008;Lookalike Clientes | 1%;AD010;Video_Prova_Social_v1;Video;Prova Social;instagram;13716;258;78,62;0,30;5,73;1,886;7;0;679,00;8,64;9678;1,17;4420
2024-08-22;CAMP006;Finanças do Zero | Lookalike | Conversão;CONVERSIONS;AS008;Lookalike Clientes | 1%;AD010;Video_Prova_Social_v1;Video;Prova Social;instagram;17262;306;64,64;0,21;3,74;1,778;10;0;970,00;15,01;13766;1,18;5058
2024-08-23;CAMP006;Finanças do Zero | Lookalike | Conversão;CONVERSIONS;AS008;Lookalike Clientes | 1%;AD010;Video_Prova_Social_v1;Video;Prova Social;instagram;17372;296;57,21;0,19;3,29;1,705;9;0;873,00;15,26;13580;1,65;5422
2024-08-24;CAMP006;Finanças do Zero | Lookalike | Conversão;CONVERSIONS;AS008;Lookalike Clientes | 1%;AD010;Video_Prova_Social_v1;Video;Prova Social;instagram;13456;215;71,54;0,33;5,32;1,603;6;0;582,00;8,14;10693;1,27;4252
2024-08-25;CAMP006;Finanças do Zero | Lookalike | Conversão;CONVERSIONS;AS008;Lookalike Clientes | 1%;AD010;Video_Prova_Social_v1;Video;Prova Social;facebook;21522;365;77,86;0,21;3,62;1,698;14;0;1358,00;17,44;15375;1,19;6117
2024-08-26;CAMP006;Finanças do Zero | Lookalike | Conversão;CONVERSIONS;AS008;Lookalike Clientes | 1%;AD010;Video_Prova_Social_v1;Video;Prova Social;facebook;11577;205;71,83;0,35;6,20;1,774;8;0;776,00;10,80;9705;1,59;3378
2024-08-27;CAMP006;Finanças do Zero | Lookalike | Conversão;CONVERSIONS;AS008;Lookalike Clientes | 1%;AD010;Video_Prova_Social_v1;Video;Prova Social;instagram;17256;317;63,35;0,20;3,67;1,841;12;0;1164,00;18,37;13928;1,62;5447
2024-08-28;CAMP006;Finanças do Zero | Lookalike | Conversão;CONVERSIONS;AS008;Lookalike Clientes | 1%;AD010;Video_Prova_Social_v1;Video;Prova Social;instagram;15304;245;56,35;0,23;3,68;1,606;10;0;970,00;17,21;10945;1,44;4535
2024-08-29;CAMP006;Finanças do Zero | Lookalike | Conversão;CONVERSIONS;AS008;Lookalike Clientes | 1%;AD010;Video_Prova_Social_v1;Video;Prova Social;instagram;15484;279;61,53;0,22;3,97;1,805;10;0;970,00;15,76;12123;1,20;4321
2024-08-30;CAMP006;Finanças do Zero | Lookalike | Conversão;CONVERSIONS;AS008;Lookalike Clientes | 1%;AD010;Video_Prova_Social_v1;Video;Prova Social;instagram;15139;253;58,04;0,23;3,83;1,672;7;0;679,00;11,70;11431;1,40;4376
2024-08-31;CAMP006;Finanças do Zero | Lookalike | Conversão;CONVERSIONS;AS008;Lookalike Clientes | 1%;AD010;Video_Prova_Social_v1;Video;Prova Social;instagram;18092;333;72,03;0,22;3,98;1,842;13;0;1261,00;17,51;12161;1,65;5452
2024-09-01;CAMP006;Finanças do Zero | Lookalike | Conversão;CONVERSIONS;AS008;Lookalike Clientes | 1%;AD010;Video_Prova_Social_v1;Video;Prova Social;instagram;20660;404;82,89;0,21;4,01;1,957;16;0;1552,00;18,72;15852;1,62;6150
2024-09-02;CAMP006;Finanças do Zero | Lookalike | Conversão;CONVERSIONS;AS008;Lookalike Clientes | 1%;AD010;Video_Prova_Social_v1;Video;Prova Social;facebook;14333;235;75,88;0,32;5,29;1,646;7;0;679,00;8,95;11728;1,38;4617
2024-09-03;CAMP006;Finanças do Zero | Lookalike | Conversão;CONVERSIONS;AS008;Lookalike Clientes | 1%;AD010;Video_Prova_Social_v1;Video;Prova Social;facebook;14589;258;65,23;0,25;4,47;1,773;8;0;776,00;11,90;11083;1,32;4292
2024-09-04;CAMP006;Finanças do Zero | Lookalike | Conversão;CONVERSIONS;AS008;Lookalike Clientes | 1%;AD010;Video_Prova_Social_v1;Video;Prova Social;facebook;15546;290;68,20;0,24;4,39;1,866;8;0;776,00;11,38;10799;1,23;5158
2024-09-05;CAMP006;Finanças do Zero | Lookalike | Conversão;CONVERSIONS;AS008;Lookalike Clientes | 1%;AD010;Video_Prova_Social_v1;Video;Prova Social;instagram;14995;252;63,53;0,25;4,24;1,683;8;0;776,00;12,21;12094;1,13;4919
2024-09-06;CAMP006;Finanças do Zero | Lookalike | Conversão;CONVERSIONS;AS008;Lookalike Clientes | 1%;AD010;Video_Prova_Social_v1;Video;Prova Social;instagram;19132;324;79,96;0,25;4,18;1,696;10;0;970,00;12,13;14734;1,63;5952
2024-09-07;CAMP006;Finanças do Zero | Lookalike | Conversão;CONVERSIONS;AS008;Lookalike Clientes | 1%;AD010;Video_Prova_Social_v1;Video;Prova Social;instagram;16485;271;64,65;0,24;3,92;1,645;8;0;776,00;12,00;11599;1,20;5201
2024-09-08;CAMP006;Finanças do Zero | Lookalike | Conversão;CONVERSIONS;AS008;Lookalike Clientes | 1%;AD010;Video_Prova_Social_v1;Video;Prova Social;instagram;18271;331;61,36;0,19;3,36;1,813;13;0;1261,00;20,55;14623;1,31;5271
2024-09-09;CAMP006;Finanças do Zero | Lookalike | Conversão;CONVERSIONS;AS008;Lookalike Clientes | 1%;AD010;Video_Prova_Social_v1;Video;Prova Social;instagram;17106;309;63,85;0,21;3,73;1,809;8;0;776,00;12,15;14255;1,21;5630
2024-09-10;CAMP006;Finanças do Zero | Lookalike | Conversão;CONVERSIONS;AS008;Lookalike Clientes | 1%;AD010;Video_Prova_Social_v1;Video;Prova Social;instagram;11330;216;65,87;0,30;5,81;1,912;6;0;582,00;8,84;9110;1,19;3382
2024-09-11;CAMP006;Finanças do Zero | Lookalike | Conversão;CONVERSIONS;AS008;Lookalike Clientes | 1%;AD010;Video_Prova_Social_v1;Video;Prova Social;facebook;20055;356;74,40;0,21;3,71;1,777;11;0;1067,00;14,34;14061;1,50;6146
2024-09-12;CAMP006;Finanças do Zero | Lookalike | Conversão;CONVERSIONS;AS008;Lookalike Clientes | 1%;AD010;Video_Prova_Social_v1;Video;Prova Social;instagram;12694;202;66,46;0,33;5,24;1,599;8;0;776,00;11,68;9658;1,47;4232
2024-09-13;CAMP006;Finanças do Zero | Lookalike | Conversão;CONVERSIONS;AS008;Lookalike Clientes | 1%;AD010;Video_Prova_Social_v1;Video;Prova Social;instagram;21421;389;75,86;0,20;3,54;1,817;13;0;1261,00;16,62;14752;1,41;7020
2024-09-14;CAMP006;Finanças do Zero | Lookalike | Conversão;CONVERSIONS;AS008;Lookalike Clientes | 1%;AD010;Video_Prova_Social_v1;Video;Prova Social;instagram;20057;331;68,53;0,21;3,42;1,652;10;0;970,00;14,15;13864;1,32;6475
2024-09-15;CAMP006;Finanças do Zero | Lookalike | Conversão;CONVERSIONS;AS008;Lookalike Clientes | 1%;AD010;Video_Prova_Social_v1;Video;Prova Social;facebook;17413;307;69,00;0,22;3,96;1,769;9;0;873,00;12,65;12968;1,55;4621
2024-09-16;CAMP006;Finanças do Zero | Lookalike | Conversão;CONVERSIONS;AS008;Lookalike Clientes | 1%;AD010;Video_Prova_Social_v1;Video;Prova Social;facebook;11044;207;56,91;0,27;5,15;1,880;6;0;582,00;10,23;8741;1,13;3437
2024-09-17;CAMP006;Finanças do Zero | Lookalike | Conversão;CONVERSIONS;AS008;Lookalike Clientes | 1%;AD010;Video_Prova_Social_v1;Video;Prova Social;instagram;14697;292;55,56;0,19;3,78;1,993;8;0;776,00;13,97;11338;1,27;4576
2024-09-18;CAMP006;Finanças do Zero | Lookalike | Conversão;CONVERSIONS;AS008;Lookalike Clientes | 1%;AD010;Video_Prova_Social_v1;Video;Prova Social;facebook;14081;231;67,85;0,29;4,82;1,641;7;0;679,00;10,01;11270;1,48;4077
2024-09-19;CAMP006;Finanças do Zero | Lookalike | Conversão;CONVERSIONS;AS008;Lookalike Clientes | 1%;AD010;Video_Prova_Social_v1;Video;Prova Social;facebook;15870;307;61,31;0,20;3,86;1,941;9;0;873,00;14,24;11849;1,52;5227
2024-09-20;CAMP006;Finanças do Zero | Lookalike | Conversão;CONVERSIONS;AS008;Lookalike Clientes | 1%;AD010;Video_Prova_Social_v1;Video;Prova Social;instagram;17844;298;68,45;0,23;3,84;1,671;10;0;970,00;14,17;12232;1,33;5016
2024-09-21;CAMP006;Finanças do Zero | Lookalike | Conversão;CONVERSIONS;AS008;Lookalike Clientes | 1%;AD010;Video_Prova_Social_v1;Video;Prova Social;instagram;17050;273;65,22;0,24;3,83;1,605;7;0;679,00;10,41;14253;1,27;4689
2024-09-22;CAMP006;Finanças do Zero | Lookalike | Conversão;CONVERSIONS;AS008;Lookalike Clientes | 1%;AD010;Video_Prova_Social_v1;Video;Prova Social;instagram;14358;248;69,15;0,28;4,82;1,732;9;0;873,00;12,62;9494;1,47;4167
2024-09-23;CAMP006;Finanças do Zero | Lookalike | Conversão;CONVERSIONS;AS008;Lookalike Clientes | 1%;AD010;Video_Prova_Social_v1;Video;Prova Social;facebook;16505;330;77,90;0,24;4,72;2,005;12;0;1164,00;14,94;11934;1,14;5036
2024-09-24;CAMP006;Finanças do Zero | Lookalike | Conversão;CONVERSIONS;AS008;Lookalike Clientes | 1%;AD010;Video_Prova_Social_v1;Video;Prova Social;instagram;14350;249;62,25;0,25;4,34;1,736;7;0;679,00;10,91;11645;1,51;4647
2024-09-25;CAMP006;Finanças do Zero | Lookalike | Conversão;CONVERSIONS;AS008;Lookalike Clientes | 1%;AD010;Video_Prova_Social_v1;Video;Prova Social;instagram;18984;342;68,88;0,20;3,63;1,802;12;0;1164,00;16,90;15654;1,18;6119
2024-09-26;CAMP006;Finanças do Zero | Lookalike | Conversão;CONVERSIONS;AS008;Lookalike Clientes | 1%;AD010;Video_Prova_Social_v1;Video;Prova Social;instagram;16882;273;61,66;0,23;3,65;1,620;9;0;873,00;14,16;12157;1,67;5594
2024-09-27;CAMP006;Finanças do Zero | Lookalike | Conversão;CONVERSIONS;AS008;Lookalike Clientes | 1%;AD010;Video_Prova_Social_v1;Video;Prova Social;facebook;18790;371;70,18;0,19;3,74;1,979;11;0;1067,00;15,20;14372;1,57;5174
2024-09-28;CAMP006;Finanças do Zero | Lookalike | Conversão;CONVERSIONS;AS008;Lookalike Clientes | 1%;AD010;Video_Prova_Social_v1;Video;Prova Social;instagram;16024;301;67,18;0,22;4,19;1,883;9;0;873,00;12,99;12674;1,49;4502
2024-09-29;CAMP006;Finanças do Zero | Lookalike | Conversão;CONVERSIONS;AS008;Lookalike Clientes | 1%;AD010;Video_Prova_Social_v1;Video;Prova Social;instagram;19199;377;79,97;0,21;4,17;1,965;11;0;1067,00;13,34;13354;1,23;6289
2024-09-30;CAMP006;Finanças do Zero | Lookalike | Conversão;CONVERSIONS;AS008;Lookalike Clientes | 1%;AD010;Video_Prova_Social_v1;Video;Prova Social;facebook;17292;318;71,95;0,23;4,16;1,845;12;0;1164,00;16,18;12463;1,32;5070
2024-10-01;CAMP006;Finanças do Zero | Lookalike | Conversão;CONVERSIONS;AS008;Lookalike Clientes | 1%;AD010;Video_Prova_Social_v1;Video;Prova Social;facebook;16286;303;76,81;0,25;4,72;1,864;12;0;1164,00;15,15;12985;1,46;4564
2024-10-02;CAMP006;Finanças do Zero | Lookalike | Conversão;CONVERSIONS;AS008;Lookalike Clientes | 1%;AD010;Video_Prova_Social_v1;Video;Prova Social;facebook;18747;335;67,44;0,20;3,60;1,787;13;0;1261,00;18,70;14805;1,66;5715
2024-10-03;CAMP006;Finanças do Zero | Lookalike | Conversão;CONVERSIONS;AS008;Lookalike Clientes | 1%;AD010;Video_Prova_Social_v1;Video;Prova Social;instagram;11590;207;59,05;0,29;5,09;1,790;6;0;582,00;9,86;8446;1,61;3709
2024-10-04;CAMP006;Finanças do Zero | Lookalike | Conversão;CONVERSIONS;AS008;Lookalike Clientes | 1%;AD010;Video_Prova_Social_v1;Video;Prova Social;facebook;13193;261;71,91;0,28;5,45;1,983;8;0;776,00;10,79;8833;1,56;4205
2024-10-05;CAMP006;Finanças do Zero | Lookalike | Conversão;CONVERSIONS;AS008;Lookalike Clientes | 1%;AD010;Video_Prova_Social_v1;Video;Prova Social;facebook;17364;343;86,64;0,25;4,99;1,978;12;0;1164,00;13,43;11800;1,20;5472
2024-10-06;CAMP006;Finanças do Zero | Lookalike | Conversão;CONVERSIONS;AS008;Lookalike Clientes | 1%;AD010;Video_Prova_Social_v1;Video;Prova Social;instagram;14369;231;74,83;0,32;5,21;1,612;8;0;776,00;10,37;10961;1,61;4608
2024-10-07;CAMP006;Finanças do Zero | Lookalike | Conversão;CONVERSIONS;AS008;Lookalike Clientes | 1%;AD010;Video_Prova_Social_v1;Video;Prova Social;instagram;17937;331;66,73;0,20;3,72;1,848;10;0;970,00;14,54;13286;1,67;5130
2024-10-08;CAMP006;Finanças do Zero | Lookalike | Conversão;CONVERSIONS;AS008;Lookalike Clientes | 1%;AD010;Video_Prova_Social_v1;Video;Prova Social;instagram;13533;258;66,03;0,26;4,88;1,913;9;0;873,00;13,22;11152;1,47;4041
2024-10-09;CAMP006;Finanças do Zero | Lookalike | Conversão;CONVERSIONS;AS008;Lookalike Clientes | 1%;AD010;Video_Prova_Social_v1;Video;Prova Social;facebook;20388;375;62,80;0,17;3,08;1,841;14;0;1358,00;21,62;16178;1,21;6064
2024-10-10;CAMP006;Finanças do Zero | Lookalike | Conversão;CONVERSIONS;AS008;Lookalike Clientes | 1%;AD010;Video_Prova_Social_v1;Video;Prova Social;facebook;13939;229;75,49;0,33;5,42;1,646;8;0;776,00;10,28;10284;1,44;4525
2024-10-11;CAMP006;Finanças do Zero | Lookalike | Conversão;CONVERSIONS;AS008;Lookalike Clientes | 1%;AD010;Video_Prova_Social_v1;Video;Prova Social;instagram;18113;322;62,56;0,19;3,45;1,779;11;0;1067,00;17,06;12991;1,59;5640
2024-10-12;CAMP006;Finanças do Zero | Lookalike | Conversão;CONVERSIONS;AS008;Lookalike Clientes | 1%;AD010;Video_Prova_Social_v1;Video;Prova Social;facebook;16557;290;62,00;0,21;3,74;1,757;10;0;970,00;15,65;13117;1,20;4899
2024-10-13;CAMP006;Finanças do Zero | Lookalike | Conversão;CONVERSIONS;AS008;Lookalike Clientes | 1%;AD010;Video_Prova_Social_v1;Video;Prova Social;instagram;21080;351;66,78;0,19;3,17;1,669;14;0;1358,00;20,34;16141;1,50;5985
2024-10-14;CAMP006;Finanças do Zero | Lookalike | Conversão;CONVERSIONS;AS008;Lookalike Clientes | 1%;AD010;Video_Prova_Social_v1;Video;Prova Social;instagram;19276;371;79,29;0,21;4,11;1,926;13;0;1261,00;15,90;14658;1,22;5397
2024-10-15;CAMP006;Finanças do Zero | Lookalike | Conversão;CONVERSIONS;AS008;Lookalike Clientes | 1%;AD010;Video_Prova_Social_v1;Video;Prova Social;facebook;14594;287;66,68;0,23;4,57;1,969;9;0;873,00;13,09;10360;1,64;4113
2024-10-16;CAMP006;Finanças do Zero | Lookalike | Conversão;CONVERSIONS;AS008;Lookalike Clientes | 1%;AD010;Video_Prova_Social_v1;Video;Prova Social;instagram;16283;287;82,20;0,29;5,05;1,767;8;0;776,00;9,44;12968;1,22;5393
2024-10-17;CAMP006;Finanças do Zero | Lookalike | Conversão;CONVERSIONS;AS008;Lookalike Clientes | 1%;AD010;Video_Prova_Social_v1;Video;Prova Social;facebook;13672;243;62,55;0,26;4,57;1,782;6;0;582,00;9,30;9821;1,25;3680
2024-10-18;CAMP006;Finanças do Zero | Lookalike | Conversão;CONVERSIONS;AS008;Lookalike Clientes | 1%;AD010;Video_Prova_Social_v1;Video;Prova Social;instagram;11189;178;54,10;0,30;4,84;1,596;6;0;582,00;10,76;8037;1,32;3646
2024-10-19;CAMP006;Finanças do Zero | Lookalike | Conversão;CONVERSIONS;AS008;Lookalike Clientes | 1%;AD010;Video_Prova_Social_v1;Video;Prova Social;instagram;17525;330;68,13;0,21;3,89;1,886;10;0;970,00;14,24;14551;1,21;5122
2024-10-20;CAMP006;Finanças do Zero | Lookalike | Conversão;CONVERSIONS;AS008;Lookalike Clientes | 1%;AD010;Video_Prova_Social_v1;Video;Prova Social;facebook;14564;284;71,29;0,25;4,90;1,954;8;0;776,00;10,89;12080;1,25;4653
2024-10-21;CAMP006;Finanças do Zero | Lookalike | Conversão;CONVERSIONS;AS008;Lookalike Clientes | 1%;AD010;Video_Prova_Social_v1;Video;Prova Social;facebook;10727;215;67,26;0,31;6,27;2,005;7;0;679,00;10,10;8487;1,13;3071
2024-10-22;CAMP006;Finanças do Zero | Lookalike | Conversão;CONVERSIONS;AS008;Lookalike Clientes | 1%;AD010;Video_Prova_Social_v1;Video;Prova Social;instagram;22707;445;76,72;0,17;3,38;1,962;13;0;1261,00;16,44;16449;1,51;7546
2024-10-23;CAMP006;Finanças do Zero | Lookalike | Conversão;CONVERSIONS;AS008;Lookalike Clientes | 1%;AD010;Video_Prova_Social_v1;Video;Prova Social;instagram;17277;312;67,80;0,22;3,92;1,806;11;0;1067,00;15,74;12167;1,67;5605
2024-10-24;CAMP006;Finanças do Zero | Lookalike | Conversão;CONVERSIONS;AS008;Lookalike Clientes | 1%;AD010;Video_Prova_Social_v1;Video;Prova Social;instagram;15340;287;71,66;0,25;4,67;1,874;11;0;1067,00;14,89;10780;1,49;4194
2024-10-25;CAMP006;Finanças do Zero | Lookalike | Conversão;CONVERSIONS;AS008;Lookalike Clientes | 1%;AD010;Video_Prova_Social_v1;Video;Prova Social;instagram;12984;207;65,73;0,32;5,06;1,602;6;0;582,00;8,85;9740;1,30;3762
2024-10-26;CAMP006;Finanças do Zero | Lookalike | Conversão;CONVERSIONS;AS008;Lookalike Clientes | 1%;AD010;Video_Prova_Social_v1;Video;Prova Social;facebook;18181;302;68,85;0,23;3,79;1,666;9;0;873,00;12,68;14987;1,66;5461
2024-10-27;CAMP006;Finanças do Zero | Lookalike | Conversão;CONVERSIONS;AS008;Lookalike Clientes | 1%;AD010;Video_Prova_Social_v1;Video;Prova Social;facebook;16972;289;70,35;0,24;4,15;1,707;11;0;1067,00;15,17;13439;1,53;5213
2024-10-28;CAMP006;Finanças do Zero | Lookalike | Conversão;CONVERSIONS;AS008;Lookalike Clientes | 1%;AD010;Video_Prova_Social_v1;Video;Prova Social;instagram;15495;285;60,51;0,21;3,91;1,841;8;0;776,00;12,82;12057;1,57;4521
2024-10-29;CAMP006;Finanças do Zero | Lookalike | Conversão;CONVERSIONS;AS008;Lookalike Clientes | 1%;AD010;Video_Prova_Social_v1;Video;Prova Social;instagram;14323;270;63,18;0,23;4,41;1,890;10;0;970,00;15,35;11857;1,17;4741
2024-10-30;CAMP006;Finanças do Zero | Lookalike | Conversão;CONVERSIONS;AS008;Lookalike Clientes | 1%;AD010;Video_Prova_Social_v1;Video;Prova Social;facebook;11439;197;61,18;0,31;5,35;1,728;6;0;582,00;9,51;8332;1,43;3164
2024-10-31;CAMP006;Finanças do Zero | Lookalike | Conversão;CONVERSIONS;AS008;Lookalike Clientes | 1%;AD010;Video_Prova_Social_v1;Video;Prova Social;facebook;12481;242;59,52;0,25;4,77;1,940;9;0;873,00;14,67;9749;1,67;4142
2024-11-01;CAMP006;Finanças do Zero | Lookalike | Conversão;CONVERSIONS;AS008;Lookalike Clientes | 1%;AD010;Video_Prova_Social_v1;Video;Prova Social;facebook;23370;412;120,13;0,29;5,14;1,765;18;0;1746,00;14,53;19460;1,41;6543
2024-11-02;CAMP006;Finanças do Zero | Lookalike | Conversão;CONVERSIONS;AS008;Lookalike Clientes | 1%;AD010;Video_Prova_Social_v1;Video;Prova Social;facebook;39352;725;148,41;0,20;3,77;1,843;42;0;4074,00;27,45;30516;1,44;11371
2024-11-03;CAMP006;Finanças do Zero | Lookalike | Conversão;CONVERSIONS;AS008;Lookalike Clientes | 1%;AD010;Video_Prova_Social_v1;Video;Prova Social;instagram;31194;529;148,45;0,28;4,76;1,696;29;0;2813,00;18,95;22715;1,44;9392
2024-11-04;CAMP006;Finanças do Zero | Lookalike | Conversão;CONVERSIONS;AS008;Lookalike Clientes | 1%;AD010;Video_Prova_Social_v1;Video;Prova Social;instagram;34679;622;140,94;0,23;4,06;1,796;29;0;2813,00;19,96;25579;1,36;10031
2024-11-05;CAMP006;Finanças do Zero | Lookalike | Conversão;CONVERSIONS;AS008;Lookalike Clientes | 1%;AD010;Video_Prova_Social_v1;Video;Prova Social;instagram;34446;582;182,32;0,31;5,29;1,692;35;0;3395,00;18,62;24033;1,40;11405
2024-11-06;CAMP006;Finanças do Zero | Lookalike | Conversão;CONVERSIONS;AS008;Lookalike Clientes | 1%;AD010;Video_Prova_Social_v1;Video;Prova Social;facebook;26724;463;163,47;0,35;6,12;1,734;24;0;2328,00;14,24;21344;1,56;8408
2024-11-07;CAMP006;Finanças do Zero | Lookalike | Conversão;CONVERSIONS;AS008;Lookalike Clientes | 1%;AD010;Video_Prova_Social_v1;Video;Prova Social;facebook;39646;712;168,34;0,24;4,25;1,798;40;0;3880,00;23,05;32158;1,18;10774
2024-11-08;CAMP006;Finanças do Zero | Lookalike | Conversão;CONVERSIONS;AS008;Lookalike Clientes | 1%;AD010;Video_Prova_Social_v1;Video;Prova Social;instagram;40893;673;212,10;0,32;5,19;1,646;40;0;3880,00;18,29;34021;1,20;11649
2024-11-09;CAMP006;Finanças do Zero | Lookalike | Conversão;CONVERSIONS;AS008;Lookalike Clientes | 1%;AD010;Video_Prova_Social_v1;Video;Prova Social;facebook;60137;1210;207,87;0,17;3,46;2,013;67;0;6499,00;31,26;46897;1,54;18414
2024-11-10;CAMP006;Finanças do Zero | Lookalike | Conversão;CONVERSIONS;AS008;Lookalike Clientes | 1%;AD010;Video_Prova_Social_v1;Video;Prova Social;instagram;55518;989;249,12;0,25;4,49;1,782;55;0;5335,00;21,42;40414;1,39;16222
2024-11-11;CAMP006;Finanças do Zero | Lookalike | Conversão;CONVERSIONS;AS008;Lookalike Clientes | 1%;AD010;Video_Prova_Social_v1;Video;Prova Social;facebook;67414;1131;228,87;0,20;3,39;1,679;67;0;6499,00;28,40;48024;1,14;19315
2024-11-12;CAMP006;Finanças do Zero | Lookalike | Conversão;CONVERSIONS;AS008;Lookalike Clientes | 1%;AD010;Video_Prova_Social_v1;Video;Prova Social;instagram;69047;1300;270,23;0,21;3,91;1,883;79;0;7663,00;28,36;49474;1,18;19577
2024-11-13;CAMP006;Finanças do Zero | Lookalike | Conversão;CONVERSIONS;AS008;Lookalike Clientes | 1%;AD010;Video_Prova_Social_v1;Video;Prova Social;facebook;67084;1166;349,50;0,30;5,21;1,739;65;0;6305,00;18,04;46029;1,57;18459
2024-11-14;CAMP006;Finanças do Zero | Lookalike | Conversão;CONVERSIONS;AS008;Lookalike Clientes | 1%;AD010;Video_Prova_Social_v1;Video;Prova Social;instagram;75567;1278;319,95;0,25;4,23;1,692;60;0;5820,00;18,19;50404;1,62;22029
2024-11-15;CAMP006;Finanças do Zero | Lookalike | Conversão;CONVERSIONS;AS008;Lookalike Clientes | 1%;AD010;Video_Prova_Social_v1;Video;Prova Social;facebook;96799;1683;296,20;0,18;3,06;1,739;100;0;9700,00;32,75;78280;1,41;26267
2024-11-16;CAMP006;Finanças do Zero | Lookalike | Conversão;CONVERSIONS;AS008;Lookalike Clientes | 1%;AD010;Video_Prova_Social_v1;Video;Prova Social;instagram;84715;1674;327,91;0,20;3,87;1,976;87;0;8439,00;25,74;56574;1,35;25672
2024-11-17;CAMP006;Finanças do Zero | Lookalike | Conversão;CONVERSIONS;AS008;Lookalike Clientes | 1%;AD010;Video_Prova_Social_v1;Video;Prova Social;facebook;57628;1050;284,84;0,27;4,94;1,823;65;0;6305,00;22,14;44089;1,39;16797
2024-11-18;CAMP006;Finanças do Zero | Lookalike | Conversão;CONVERSIONS;AS008;Lookalike Clientes | 1%;AD010;Video_Prova_Social_v1;Video;Prova Social;instagram;47402;816;268,31;0,33;5,66;1,724;46;0;4462,00;16,63;33868;1,57;13044
2024-11-19;CAMP006;Finanças do Zero | Lookalike | Conversão;CONVERSIONS;AS008;Lookalike Clientes | 1%;AD010;Video_Prova_Social_v1;Video;Prova Social;facebook;61785;1045;255,61;0,24;4,14;1,692;59;0;5723,00;22,39;43495;1,34;18364
2024-11-20;CAMP006;Finanças do Zero | Lookalike | Conversão;CONVERSIONS;AS008;Lookalike Clientes | 1%;AD010;Video_Prova_Social_v1;Video;Prova Social;facebook;46689;908;276,35;0,30;5,92;1,946;58;0;5626,00;20,36;36659;1,63;13604
2024-11-21;CAMP006;Finanças do Zero | Lookalike | Conversão;CONVERSIONS;AS008;Lookalike Clientes | 1%;AD010;Video_Prova_Social_v1;Video;Prova Social;instagram;48148;787;209,25;0,27;4,35;1,636;48;0;4656,00;22,25;31833;1,49;13006
2024-11-22;CAMP006;Finanças do Zero | Lookalike | Conversão;CONVERSIONS;AS008;Lookalike Clientes | 1%;AD010;Video_Prova_Social_v1;Video;Prova Social;facebook;56814;1039;212,05;0,20;3,73;1,829;63;0;6111,00;28,82;44999;1,59;18463
2024-11-23;CAMP006;Finanças do Zero | Lookalike | Conversão;CONVERSIONS;AS008;Lookalike Clientes | 1%;AD010;Video_Prova_Social_v1;Video;Prova Social;facebook;45694;867;198,52;0,23;4,34;1,898;46;0;4462,00;22,48;32538;1,43;15250
2024-11-24;CAMP006;Finanças do Zero | Lookalike | Conversão;CONVERSIONS;AS008;Lookalike Clientes | 1%;AD010;Video_Prova_Social_v1;Video;Prova Social;facebook;27070;489;169,50;0,35;6,26;1,807;23;0;2231,00;13,16;19386;1,60;8995
2024-11-25;CAMP006;Finanças do Zero | Lookalike | Conversão;CONVERSIONS;AS008;Lookalike Clientes | 1%;AD010;Video_Prova_Social_v1;Video;Prova Social;facebook;30220;561;140,18;0,25;4,64;1,859;30;0;2910,00;20,76;21629;1,45;8958
2024-11-26;CAMP006;Finanças do Zero | Lookalike | Conversão;CONVERSIONS;AS008;Lookalike Clientes | 1%;AD010;Video_Prova_Social_v1;Video;Prova Social;facebook;33719;541;141,60;0,26;4,20;1,605;36;0;3492,00;24,66;24050;1,34;10886
2024-11-27;CAMP006;Finanças do Zero | Lookalike | Conversão;CONVERSIONS;AS008;Lookalike Clientes | 1%;AD010;Video_Prova_Social_v1;Video;Prova Social;instagram;25246;488;128,25;0,26;5,08;1,934;25;0;2425,00;18,91;18092;1,63;6892
2024-11-28;CAMP006;Finanças do Zero | Lookalike | Conversão;CONVERSIONS;AS008;Lookalike Clientes | 1%;AD010;Video_Prova_Social_v1;Video;Prova Social;facebook;34603;588;146,57;0,25;4,24;1,700;27;0;2619,00;17,87;24223;1,53;11272
2024-11-29;CAMP006;Finanças do Zero | Lookalike | Conversão;CONVERSIONS;AS008;Lookalike Clientes | 1%;AD010;Video_Prova_Social_v1;Video;Prova Social;facebook;31903;632;153,10;0,24;4,80;1,982;35;0;3395,00;22,18;22473;1,12;8667
2024-11-30;CAMP006;Finanças do Zero | Lookalike | Conversão;CONVERSIONS;AS008;Lookalike Clientes | 1%;AD010;Video_Prova_Social_v1;Video;Prova Social;facebook;35792;595;119,11;0,20;3,33;1,664;35;0;3395,00;28,50;23650;1,66;10442
2024-12-01;CAMP006;Finanças do Zero | Lookalike | Conversão;CONVERSIONS;AS008;Lookalike Clientes | 1%;AD010;Video_Prova_Social_v1;Video;Prova Social;instagram;16951;337;68,33;0,20;4,03;1,990;12;0;1164,00;17,03;12679;1,43;5632
2024-12-02;CAMP006;Finanças do Zero | Lookalike | Conversão;CONVERSIONS;AS008;Lookalike Clientes | 1%;AD010;Video_Prova_Social_v1;Video;Prova Social;instagram;14294;259;57,37;0,22;4,01;1,815;8;0;776,00;13,53;11458;1,31;3944
2024-12-03;CAMP006;Finanças do Zero | Lookalike | Conversão;CONVERSIONS;AS008;Lookalike Clientes | 1%;AD010;Video_Prova_Social_v1;Video;Prova Social;instagram;13069;222;57,05;0,26;4,37;1,705;7;0;679,00;11,90;10035;1,41;4275
2024-12-04;CAMP006;Finanças do Zero | Lookalike | Conversão;CONVERSIONS;AS008;Lookalike Clientes | 1%;AD010;Video_Prova_Social_v1;Video;Prova Social;facebook;16644;283;67,29;0,24;4,04;1,701;8;0;776,00;11,53;13675;1,16;4689
2024-12-05;CAMP006;Finanças do Zero | Lookalike | Conversão;CONVERSIONS;AS008;Lookalike Clientes | 1%;AD010;Video_Prova_Social_v1;Video;Prova Social;instagram;12077;232;81,07;0,35;6,71;1,929;6;0;582,00;7,18;10035;1,16;3853
2024-12-06;CAMP006;Finanças do Zero | Lookalike | Conversão;CONVERSIONS;AS008;Lookalike Clientes | 1%;AD010;Video_Prova_Social_v1;Video;Prova Social;facebook;14946;249;61,46;0,25;4,11;1,669;7;0;679,00;11,05;11059;1,67;4056
2024-12-07;CAMP006;Finanças do Zero | Lookalike | Conversão;CONVERSIONS;AS008;Lookalike Clientes | 1%;AD010;Video_Prova_Social_v1;Video;Prova Social;facebook;14214;251;87,85;0,35;6,18;1,767;7;0;679,00;7,73;9816;1,14;3847
2024-12-08;CAMP006;Finanças do Zero | Lookalike | Conversão;CONVERSIONS;AS008;Lookalike Clientes | 1%;AD010;Video_Prova_Social_v1;Video;Prova Social;facebook;15120;294;69,54;0,24;4,60;1,951;9;0;873,00;12,55;10614;1,28;4712
2024-12-09;CAMP006;Finanças do Zero | Lookalike | Conversão;CONVERSIONS;AS008;Lookalike Clientes | 1%;AD010;Video_Prova_Social_v1;Video;Prova Social;facebook;15198;263;68,91;0,26;4,53;1,732;10;0;970,00;14,08;11343;1,25;4756
2024-12-10;CAMP006;Finanças do Zero | Lookalike | Conversão;CONVERSIONS;AS008;Lookalike Clientes | 1%;AD010;Video_Prova_Social_v1;Video;Prova Social;facebook;18138;355;81,53;0,23;4,49;1,963;13;0;1261,00;15,47;13227;1,29;5316
2024-12-11;CAMP006;Finanças do Zero | Lookalike | Conversão;CONVERSIONS;AS008;Lookalike Clientes | 1%;AD010;Video_Prova_Social_v1;Video;Prova Social;facebook;17624;325;73,78;0,23;4,19;1,849;12;0;1164,00;15,78;14786;1,38;4927
2024-12-12;CAMP006;Finanças do Zero | Lookalike | Conversão;CONVERSIONS;AS008;Lookalike Clientes | 1%;AD010;Video_Prova_Social_v1;Video;Prova Social;facebook;14493;246;77,08;0,31;5,32;1,702;8;0;776,00;10,07;11633;1,52;4673
2024-12-13;CAMP006;Finanças do Zero | Lookalike | Conversão;CONVERSIONS;AS008;Lookalike Clientes | 1%;AD010;Video_Prova_Social_v1;Video;Prova Social;instagram;19084;356;71,30;0,20;3,74;1,870;14;0;1358,00;19,05;14858;1,21;5571
2024-12-14;CAMP006;Finanças do Zero | Lookalike | Conversão;CONVERSIONS;AS008;Lookalike Clientes | 1%;AD010;Video_Prova_Social_v1;Video;Prova Social;facebook;14888;297;83,89;0,28;5,63;1,998;9;0;873,00;10,41;12223;1,23;4446
2024-12-15;CAMP006;Finanças do Zero | Lookalike | Conversão;CONVERSIONS;AS008;Lookalike Clientes | 1%;AD010;Video_Prova_Social_v1;Video;Prova Social;facebook;15494;269;68,65;0,26;4,43;1,741;9;0;873,00;12,72;12526;1,39;4606
2024-12-16;CAMP006;Finanças do Zero | Lookalike | Conversão;CONVERSIONS;AS008;Lookalike Clientes | 1%;AD010;Video_Prova_Social_v1;Video;Prova Social;facebook;15304;244;57,31;0,23;3,74;1,595;9;0;873,00;15,23;12674;1,45;4449
2024-12-17;CAMP006;Finanças do Zero | Lookalike | Conversão;CONVERSIONS;AS008;Lookalike Clientes | 1%;AD010;Video_Prova_Social_v1;Video;Prova Social;instagram;12723;239;66,52;0,28;5,23;1,884;8;0;776,00;11,67;9914;1,18;3934
2024-12-18;CAMP006;Finanças do Zero | Lookalike | Conversão;CONVERSIONS;AS008;Lookalike Clientes | 1%;AD010;Video_Prova_Social_v1;Video;Prova Social;facebook;16380;310;61,87;0,20;3,78;1,894;9;0;873,00;14,11;12946;1,19;5486
2024-12-19;CAMP006;Finanças do Zero | Lookalike | Conversão;CONVERSIONS;AS008;Lookalike Clientes | 1%;AD010;Video_Prova_Social_v1;Video;Prova Social;instagram;19057;312;65,08;0,21;3,41;1,638;12;0;1164,00;17,89;12659;1,48;6298
2024-12-20;CAMP006;Finanças do Zero | Lookalike | Conversão;CONVERSIONS;AS008;Lookalike Clientes | 1%;AD010;Video_Prova_Social_v1;Video;Prova Social;facebook;11099;221;60,40;0,27;5,44;1,998;8;0;776,00;12,85;7491;1,49;3191
2024-12-21;CAMP006;Finanças do Zero | Lookalike | Conversão;CONVERSIONS;AS008;Lookalike Clientes | 1%;AD010;Video_Prova_Social_v1;Video;Prova Social;facebook;13005;220;63,11;0,29;4,85;1,695;6;0;582,00;9,22;8909;1,55;3515
2024-12-22;CAMP006;Finanças do Zero | Lookalike | Conversão;CONVERSIONS;AS008;Lookalike Clientes | 1%;AD010;Video_Prova_Social_v1;Video;Prova Social;instagram;13867;258;71,20;0,28;5,13;1,867;7;0;679,00;9,54;11229;1,60;4284
2024-12-23;CAMP006;Finanças do Zero | Lookalike | Conversão;CONVERSIONS;AS008;Lookalike Clientes | 1%;AD010;Video_Prova_Social_v1;Video;Prova Social;facebook;19951;364;77,05;0,21;3,86;1,826;12;0;1164,00;15,11;13431;1,19;5645
2024-12-24;CAMP006;Finanças do Zero | Lookalike | Conversão;CONVERSIONS;AS008;Lookalike Clientes | 1%;AD010;Video_Prova_Social_v1;Video;Prova Social;instagram;13054;233;72,00;0,31;5,52;1,785;8;0;776,00;10,78;10627;1,47;4328
2024-12-25;CAMP006;Finanças do Zero | Lookalike | Conversão;CONVERSIONS;AS008;Lookalike Clientes | 1%;AD010;Video_Prova_Social_v1;Video;Prova Social;facebook;17383;349;70,11;0,20;4,03;2,011;13;0;1261,00;17,99;14222;1,42;4615
2024-12-26;CAMP006;Finanças do Zero | Lookalike | Conversão;CONVERSIONS;AS008;Lookalike Clientes | 1%;AD010;Video_Prova_Social_v1;Video;Prova Social;facebook;12749;217;62,67;0,29;4,92;1,708;7;0;679,00;10,83;10315;1,16;3508
2024-12-27;CAMP006;Finanças do Zero | Lookalike | Conversão;CONVERSIONS;AS008;Lookalike Clientes | 1%;AD010;Video_Prova_Social_v1;Video;Prova Social;facebook;18119;305;66,53;0,22;3,67;1,687;10;0;970,00;14,58;13308;1,30;5386
2024-12-28;CAMP006;Finanças do Zero | Lookalike | Conversão;CONVERSIONS;AS008;Lookalike Clientes | 1%;AD010;Video_Prova_Social_v1;Video;Prova Social;facebook;17324;324;76,63;0,24;4,42;1,872;12;0;1164,00;15,19;14482;1,53;4748
2024-12-29;CAMP006;Finanças do Zero | Lookalike | Conversão;CONVERSIONS;AS008;Lookalike Clientes | 1%;AD010;Video_Prova_Social_v1;Video;Prova Social;facebook;17718;342;89,27;0,26;5,04;1,932;13;0;1261,00;14,13;13164;1,22;5009
2024-12-30;CAMP006;Finanças do Zero | Lookalike | Conversão;CONVERSIONS;AS008;Lookalike Clientes | 1%;AD010;Video_Prova_Social_v1;Video;Prova Social;instagram;19160;318;68,72;0,22;3,59;1,665;9;0;873,00;12,70;13535;1,46;6001
2024-12-31;CAMP006;Finanças do Zero | Lookalike | Conversão;CONVERSIONS;AS008;Lookalike Clientes | 1%;AD010;Video_Prova_Social_v1;Video;Prova Social;facebook;19345;342;69,20;0,20;3,58;1,769;12;0;1164,00;16,82;15804;1,42;6338
2025-01-01;CAMP006;Finanças do Zero | Lookalike | Conversão;CONVERSIONS;AS008;Lookalike Clientes | 1%;AD010;Video_Prova_Social_v1;Video;Prova Social;instagram;15132;256;55,93;0,22;3,70;1,695;9;0;873,00;15,61;11517;1,41;4516
2025-01-02;CAMP006;Finanças do Zero | Lookalike | Conversão;CONVERSIONS;AS008;Lookalike Clientes | 1%;AD010;Video_Prova_Social_v1;Video;Prova Social;instagram;15425;296;78,79;0,27;5,11;1,922;8;0;776,00;9,85;12120;1,48;4257
2025-01-03;CAMP006;Finanças do Zero | Lookalike | Conversão;CONVERSIONS;AS008;Lookalike Clientes | 1%;AD010;Video_Prova_Social_v1;Video;Prova Social;instagram;16276;282;64,11;0,23;3,94;1,738;8;0;776,00;12,10;13538;1,21;5414
2025-01-04;CAMP006;Finanças do Zero | Lookalike | Conversão;CONVERSIONS;AS008;Lookalike Clientes | 1%;AD010;Video_Prova_Social_v1;Video;Prova Social;facebook;13492;236;80,41;0,34;5,96;1,755;9;0;873,00;10,86;9691;1,24;3850
2025-01-05;CAMP006;Finanças do Zero | Lookalike | Conversão;CONVERSIONS;AS008;Lookalike Clientes | 1%;AD010;Video_Prova_Social_v1;Video;Prova Social;facebook;14420;266;74,65;0,28;5,18;1,852;9;0;873,00;11,69;11389;1,39;4814
2025-01-06;CAMP006;Finanças do Zero | Lookalike | Conversão;CONVERSIONS;AS008;Lookalike Clientes | 1%;AD010;Video_Prova_Social_v1;Video;Prova Social;facebook;16127;314;83,44;0,27;5,17;1,952;10;0;970,00;11,63;11383;1,31;4781
2025-01-07;CAMP006;Finanças do Zero | Lookalike | Conversão;CONVERSIONS;AS008;Lookalike Clientes | 1%;AD010;Video_Prova_Social_v1;Video;Prova Social;instagram;13601;238;67,99;0,29;5,00;1,753;9;0;873,00;12,84;9340;1,13;3938
2025-01-08;CAMP006;Finanças do Zero | Lookalike | Conversão;CONVERSIONS;AS008;Lookalike Clientes | 1%;AD010;Video_Prova_Social_v1;Video;Prova Social;facebook;17266;300;70,20;0,23;4,07;1,742;10;0;970,00;13,82;12033;1,53;4596
2025-01-09;CAMP006;Finanças do Zero | Lookalike | Conversão;CONVERSIONS;AS008;Lookalike Clientes | 1%;AD010;Video_Prova_Social_v1;Video;Prova Social;facebook;11102;211;58,04;0,28;5,23;1,905;7;0;679,00;11,70;8582;1,20;3725
2025-01-10;CAMP006;Finanças do Zero | Lookalike | Conversão;CONVERSIONS;AS008;Lookalike Clientes | 1%;AD010;Video_Prova_Social_v1;Video;Prova Social;instagram;15294;299;77,84;0,26;5,09;1,957;11;0;1067,00;13,71;11974;1,14;4612
2025-01-11;CAMP006;Finanças do Zero | Lookalike | Conversão;CONVERSIONS;AS008;Lookalike Clientes | 1%;AD010;Video_Prova_Social_v1;Video;Prova Social;instagram;13881;278;75,11;0,27;5,41;2,008;10;0;970,00;12,91;9534;1,28;3667
2025-01-12;CAMP006;Finanças do Zero | Lookalike | Conversão;CONVERSIONS;AS008;Lookalike Clientes | 1%;AD010;Video_Prova_Social_v1;Video;Prova Social;facebook;12913;220;62,09;0,28;4,81;1,711;7;0;679,00;10,94;9537;1,26;4075
2025-01-13;CAMP006;Finanças do Zero | Lookalike | Conversão;CONVERSIONS;AS008;Lookalike Clientes | 1%;AD010;Video_Prova_Social_v1;Video;Prova Social;instagram;18516;324;64,87;0,20;3,50;1,755;9;0;873,00;13,46;13398;1,47;5010
2025-01-14;CAMP006;Finanças do Zero | Lookalike | Conversão;CONVERSIONS;AS008;Lookalike Clientes | 1%;AD010;Video_Prova_Social_v1;Video;Prova Social;instagram;12911;233;66,03;0,28;5,11;1,806;8;0;776,00;11,75;10171;1,51;3528
2025-01-15;CAMP006;Finanças do Zero | Lookalike | Conversão;CONVERSIONS;AS008;Lookalike Clientes | 1%;AD010;Video_Prova_Social_v1;Video;Prova Social;instagram;13644;216;70,92;0,33;5,20;1,589;7;0;679,00;9,57;9099;1,19;4334
2025-01-16;CAMP006;Finanças do Zero | Lookalike | Conversão;CONVERSIONS;AS008;Lookalike Clientes | 1%;AD010;Video_Prova_Social_v1;Video;Prova Social;facebook;13920;261;73,25;0,28;5,26;1,879;10;0;970,00;13,24;11682;1,48;4006
2025-01-17;CAMP006;Finanças do Zero | Lookalike | Conversão;CONVERSIONS;AS008;Lookalike Clientes | 1%;AD010;Video_Prova_Social_v1;Video;Prova Social;facebook;12240;238;66,09;0,28;5,40;1,951;8;0;776,00;11,74;9997;1,60;3856
2025-01-18;CAMP006;Finanças do Zero | Lookalike | Conversão;CONVERSIONS;AS008;Lookalike Clientes | 1%;AD010;Video_Prova_Social_v1;Video;Prova Social;instagram;17471;305;70,47;0,23;4,03;1,751;10;0;970,00;13,76;11559;1,53;4871
2025-01-19;CAMP006;Finanças do Zero | Lookalike | Conversão;CONVERSIONS;AS008;Lookalike Clientes | 1%;AD010;Video_Prova_Social_v1;Video;Prova Social;instagram;16161;257;60,61;0,24;3,75;1,592;7;0;679,00;11,20;10678;1,34;5064
2025-01-20;CAMP006;Finanças do Zero | Lookalike | Conversão;CONVERSIONS;AS008;Lookalike Clientes | 1%;AD010;Video_Prova_Social_v1;Video;Prova Social;instagram;16476;284;58,81;0,21;3,57;1,726;10;0;970,00;16,49;11297;1,39;5471
2025-01-21;CAMP006;Finanças do Zero | Lookalike | Conversão;CONVERSIONS;AS008;Lookalike Clientes | 1%;AD010;Video_Prova_Social_v1;Video;Prova Social;facebook;13090;212;68,73;0,32;5,25;1,625;7;0;679,00;9,88;10180;1,30;4364
2025-01-22;CAMP006;Finanças do Zero | Lookalike | Conversão;CONVERSIONS;AS008;Lookalike Clientes | 1%;AD010;Video_Prova_Social_v1;Video;Prova Social;facebook;17020;322;61,77;0,19;3,63;1,895;9;0;873,00;14,13;13403;1,30;4949
2025-01-23;CAMP006;Finanças do Zero | Lookalike | Conversão;CONVERSIONS;AS008;Lookalike Clientes | 1%;AD010;Video_Prova_Social_v1;Video;Prova Social;facebook;16669;303;78,38;0,26;4,70;1,823;8;0;776,00;9,90;13954;1,40;5178
2025-01-24;CAMP006;Finanças do Zero | Lookalike | Conversão;CONVERSIONS;AS008;Lookalike Clientes | 1%;AD010;Video_Prova_Social_v1;Video;Prova Social;instagram;16173;322;76,34;0,24;4,72;1,996;12;0;1164,00;15,25;11181;1,29;4665
2025-01-25;CAMP006;Finanças do Zero | Lookalike | Conversão;CONVERSIONS;AS008;Lookalike Clientes | 1%;AD010;Video_Prova_Social_v1;Video;Prova Social;instagram;16186;262;89,18;0,34;5,51;1,622;10;0;970,00;10,88;11613;1,55;5072
2025-01-26;CAMP006;Finanças do Zero | Lookalike | Conversão;CONVERSIONS;AS008;Lookalike Clientes | 1%;AD010;Video_Prova_Social_v1;Video;Prova Social;instagram;19719;327;84,11;0,26;4,27;1,661;9;0;873,00;10,38;13995;1,17;6040
2025-01-27;CAMP006;Finanças do Zero | Lookalike | Conversão;CONVERSIONS;AS008;Lookalike Clientes | 1%;AD010;Video_Prova_Social_v1;Video;Prova Social;instagram;15541;306;75,14;0,25;4,83;1,974;12;0;1164,00;15,49;10586;1,40;4711
2025-01-28;CAMP006;Finanças do Zero | Lookalike | Conversão;CONVERSIONS;AS008;Lookalike Clientes | 1%;AD010;Video_Prova_Social_v1;Video;Prova Social;instagram;18231;299;67,56;0,23;3,71;1,641;10;0;970,00;14,36;15173;1,62;5244
2025-01-29;CAMP006;Finanças do Zero | Lookalike | Conversão;CONVERSIONS;AS008;Lookalike Clientes | 1%;AD010;Video_Prova_Social_v1;Video;Prova Social;instagram;16168;268;74,81;0,28;4,63;1,662;8;0;776,00;10,37;11959;1,56;4786
2025-01-30;CAMP006;Finanças do Zero | Lookalike | Conversão;CONVERSIONS;AS008;Lookalike Clientes | 1%;AD010;Video_Prova_Social_v1;Video;Prova Social;facebook;17946;345;74,67;0,22;4,16;1,923;14;0;1358,00;18,19;11903;1,57;5132
2025-01-31;CAMP006;Finanças do Zero | Lookalike | Conversão;CONVERSIONS;AS008;Lookalike Clientes | 1%;AD010;Video_Prova_Social_v1;Video;Prova Social;instagram;13562;233;73,09;0,31;5,39;1,724;9;0;873,00;11,94;8952;1,18;4136
